Condition,MedCode,SNOMED_Code,SnomedCTDescriptionId,ReadCode,CleansedReadCode,Term
Coronary heart disease,810811000006116,161502000,251675010,14A3,14A3.00,H/O: myocardial infarct at less than 60
Coronary heart disease,810811000006116,161502000,251675010,^ESCTHI454046,,H/O: myocardial infarct at less than 60
Coronary heart disease,810821000006112,161503005,251678012,14A4,14A4.00,H/O: myocardial infarct at greater than 60
Coronary heart disease,810821000006112,161503005,251678012,^ESCTHI454048,,H/O: myocardial infarct at greater than 60
Coronary heart disease,251679016,161504004,251679016,^ESCTHI454050,,H/O: angina pectoris
Coronary heart disease,251679016,161504004,251679016,14A5,14A5.00,H/O: angina pectoris
Coronary heart disease,451369010,308065005,451369010,^ESCTHI597448,,H/O: Myocardial infarction in last year
Coronary heart disease,451369010,308065005,451369010,14AH,14AH.00,H/O: Myocardial infarction in last year
Coronary heart disease,451370011,308066006,451370011,^ESCTHI597450,,H/O: Angina in last year
Coronary heart disease,451370011,308066006,451370011,14AJ,14AJ.00,H/O: Angina in last year
Coronary heart disease,451372015,308068007,451372015,^ESCTHI597455,,H/O: Treatment for ischaemic heart disease
Coronary heart disease,451372015,308068007,451372015,^ESCTHO597454,,H/O: Treatment for ischaemic heart disease
Coronary heart disease,451372015,308068007,451372015,14AL,14AL.00,H/O: Treatment for ischaemic heart disease
Coronary heart disease,451372015,308068007,451372015,^ESCTHI597456,,H/O: Treatment for ischaemic heart disease
Coronary heart disease,256748011,165084003,256748011,^ESCTEX458910,,Exercise ECG abnormal
Coronary heart disease,256748011,165084003,256748011,32131-1,3213111,Exercise ECG abnormal
Coronary heart disease,256748011,165084003,256748011,33B95,33B9500,Exercise ECG abnormal
Coronary heart disease,256748011,165084003,256748011,32131,3213100,Exercise ECG abnormal
Coronary heart disease,2535824013,165084003,2535824013,^ESCTEX458910,,Positive exercise ECG test
Coronary heart disease,2535824013,165084003,2535824013,32131-1,3213111,Positive exercise ECG test
Coronary heart disease,2535824013,165084003,2535824013,33B95,33B9500,Positive exercise ECG test
Coronary heart disease,2535824013,165084003,2535824013,32131,3213100,Positive exercise ECG test
Coronary heart disease,634751000006116,164861001,1205556017,^ESCTEL458596,,ECG myocardial ischaemia
Coronary heart disease,634751000006116,164861001,1205556017,^ESCTEL458597,,ECG myocardial ischaemia
Coronary heart disease,634751000006116,164861001,1205556017,322,322..00,ECG myocardial ischaemia
Coronary heart disease,634751000006116,164861001,1205556017,3222,3222.00,ECG myocardial ischaemia
Coronary heart disease,634751000006116,164861001,1205556017,^ESCTEK458595,,ECG myocardial ischaemia
Coronary heart disease,634751000006116,164861001,1205556017,322Z,322Z.00,ECG myocardial ischaemia
Coronary heart disease,635641000006111,164861001,1205556017,^ESCTEL458596,,ECG:shows myocardial ischaemia
Coronary heart disease,635641000006111,164861001,1205556017,^ESCTEL458597,,ECG:shows myocardial ischaemia
Coronary heart disease,635641000006111,164861001,1205556017,322,322..00,ECG:shows myocardial ischaemia
Coronary heart disease,635641000006111,164861001,1205556017,3222,3222.00,ECG:shows myocardial ischaemia
Coronary heart disease,635641000006111,164861001,1205556017,^ESCTEK458595,,ECG:shows myocardial ischaemia
Coronary heart disease,635641000006111,164861001,1205556017,322Z,322Z.00,ECG:shows myocardial ischaemia
Coronary heart disease,256451015,164861001,1205556017,^ESCTEL458596,,ECG: myocardial ischaemia NOS
Coronary heart disease,256451015,164861001,1205556017,^ESCTEL458597,,ECG: myocardial ischaemia NOS
Coronary heart disease,256451015,164861001,1205556017,322,322..00,ECG: myocardial ischaemia NOS
Coronary heart disease,256451015,164861001,1205556017,3222,3222.00,ECG: myocardial ischaemia NOS
Coronary heart disease,256451015,164861001,1205556017,^ESCTEK458595,,ECG: myocardial ischaemia NOS
Coronary heart disease,256451015,164861001,1205556017,322Z,322Z.00,ECG: myocardial ischaemia NOS
Coronary heart disease,256452010,164865005,256452010,^ESCTEL458603,,ECG: myocardial infarction
Coronary heart disease,256452010,164865005,256452010,^ESCTEL458604,,ECG: myocardial infarction
Coronary heart disease,256452010,164865005,256452010,323,323..00,ECG: myocardial infarction
Coronary heart disease,256452010,164865005,256452010,323Z,323Z.00,ECG: myocardial infarction
Coronary heart disease,256452010,164865005,256452010,^ESCTEK458605,,ECG: myocardial infarction
Coronary heart disease,256455012,164868007,256455012,^ESCTEC458615,,ECG: antero-septal infarct.
Coronary heart disease,256455012,164868007,256455012,^ESCTAN458611,,ECG: antero-septal infarct.
Coronary heart disease,256455012,164868007,256455012,^ESCTEC458613,,ECG: antero-septal infarct.
Coronary heart disease,256455012,164868007,256455012,3233,3233.00,ECG: antero-septal infarct.
Coronary heart disease,256455012,164868007,256455012,^ESCTEL458614,,ECG: antero-septal infarct.
Coronary heart disease,256457016,164869004,256457016,3234,3234.00,ECG:posterior/inferior infarct
Coronary heart disease,256457016,164869004,256457016,^ESCTEK458617,,ECG:posterior/inferior infarct
Coronary heart disease,256457016,164869004,256457016,^ESCTEL458618,,ECG:posterior/inferior infarct
Coronary heart disease,256458014,164870003,256458014,^ESCTEL458621,,ECG: subendocardial infarct
Coronary heart disease,256458014,164870003,256458014,^ESCTEK458620,,ECG: subendocardial infarct
Coronary heart disease,256458014,164870003,256458014,3235,3235.00,ECG: subendocardial infarct
Coronary heart disease,256459018,164871004,256459018,^ESCTEL458624,,ECG: lateral infarction
Coronary heart disease,256459018,164871004,256459018,^ESCTLA458622,,ECG: lateral infarction
Coronary heart disease,256459018,164871004,256459018,3236,3236.00,ECG: lateral infarction
Coronary heart disease,256460011,164865005,256452010,^ESCTEL458603,,ECG: myocardial infarct NOS
Coronary heart disease,256460011,164865005,256452010,^ESCTEL458604,,ECG: myocardial infarct NOS
Coronary heart disease,256460011,164865005,256452010,323,323..00,ECG: myocardial infarct NOS
Coronary heart disease,256460011,164865005,256452010,323Z,323Z.00,ECG: myocardial infarct NOS
Coronary heart disease,256460011,164865005,256452010,^ESCTEK458605,,ECG: myocardial infarct NOS
Coronary heart disease,635311000006117,26141007,483123017,32E4,32E4.00,ST depression
Coronary heart disease,635311000006117,26141007,483123017,^ESCTST291834,,ST depression
Coronary heart disease,256526019,164934002,256526019,^ESCTEL458757,,ECG: T wave abnormal
Coronary heart disease,256526019,164934002,256526019,32F2,32F2.00,ECG: T wave abnormal
Coronary heart disease,256526019,164934002,256526019,^ESCTEK458756,,ECG: T wave abnormal
Coronary heart disease,635441000006114,66812002,500529015,^ESCTFL358634,,ECG: T wave flattened
Coronary heart disease,635441000006114,66812002,500529015,32F3,32F3.00,ECG: T wave flattened
Coronary heart disease,635451000006111,59931005,498584015,32F4,32F4.00,Inverted T wave
Coronary heart disease,635451000006111,59931005,498584015,^ESCTTW347328,,Inverted T wave
Coronary heart disease,256747018,165084003,256747018,^ESCTEX458910,,Exercise tolerance test abnormal
Coronary heart disease,256747018,165084003,256747018,32131-1,3213111,Exercise tolerance test abnormal
Coronary heart disease,256747018,165084003,256747018,33B95,33B9500,Exercise tolerance test abnormal
Coronary heart disease,256747018,165084003,256747018,32131,3213100,Exercise tolerance test abnormal
Coronary heart disease,262247015,168939002,2666780014,^ESCT1248451,,Coronary arteriography abnormal
Coronary heart disease,262247015,168939002,2666780014,5543,5543.00,Coronary arteriography abnormal
Coronary heart disease,262247015,168939002,2666780014,^ESCTCO461834,,Coronary arteriography abnormal
Coronary heart disease,2474304012,412747004,2474304012,5C11,5C11.00,Radionuclide heart study abnormal
Coronary heart disease,264492012,170593007,264492012,662K,662K.00,Angina control
Coronary heart disease,264492012,170593007,264492012,662Kz,662Kz00,Angina control
Coronary heart disease,264493019,170594001,264493019,662K0,662K000,Angina control - good
Coronary heart disease,264494013,170595000,264494013,662K1,662K100,Angina control - poor
Coronary heart disease,264495014,170596004,264495014,662K2,662K200,Angina control - improving
Coronary heart disease,264496010,170597008,264496010,662K3,662K300,Angina control - worsening
Coronary heart disease,264497018,170593007,264492012,662K,662K.00,Angina control NOS
Coronary heart disease,264497018,170593007,264492012,662Kz,662Kz00,Angina control NOS
Coronary heart disease,460133017,315614006,460133017,6A2,6A2..00,Coronary heart disease annual review
Coronary heart disease,1484833014,390799004,1484833014,6A4,6A4..00,Coronary heart disease review
Coronary heart disease,348644016,232717009,348644016,7921-1,7921.11,Coronary artery bypass graft operations
Coronary heart disease,348644016,232717009,348644016,^ESCTCB504010,,Coronary artery bypass graft operations
Coronary heart disease,348644016,232717009,348644016,^ESCTCO504011,,Coronary artery bypass graft operations
Coronary heart disease,348644016,232717009,348644016,792Dz,792Dz00,Coronary artery bypass graft operations
Coronary heart disease,348644016,232717009,348644016,7921,7921.00,Coronary artery bypass graft operations
Coronary heart disease,348644016,232717009,348644016,7921z,7921z00,Coronary artery bypass graft operations
Coronary heart disease,348644016,232717009,348644016,792C,792C.00,Coronary artery bypass graft operations
Coronary heart disease,348644016,232717009,348644016,792Cz,792Cz00,Coronary artery bypass graft operations
Coronary heart disease,348644016,232717009,348644016,792D,792D.00,Coronary artery bypass graft operations
Coronary heart disease,348644016,232717009,348644016,792Dy,792Dy00,Coronary artery bypass graft operations
Coronary heart disease,348644016,232717009,348644016,7921y,7921y00,Coronary artery bypass graft operations
Coronary heart disease,348644016,232717009,348644016,7926y,7926y00,Coronary artery bypass graft operations
Coronary heart disease,348644016,232717009,348644016,^ESCTCA504013,,Coronary artery bypass graft operations
Coronary heart disease,348644016,232717009,348644016,^ESCTCA504009,,Coronary artery bypass graft operations
Coronary heart disease,348644016,232717009,348644016,7926,7926.00,Coronary artery bypass graft operations
Coronary heart disease,348644016,232717009,348644016,7926z,7926z00,Coronary artery bypass graft operations
Coronary heart disease,348644016,232717009,348644016,792Cy,792Cy00,Coronary artery bypass graft operations
Coronary heart disease,348644016,232717009,348644016,792-1,792..11,Coronary artery bypass graft operations
Coronary heart disease,1228282017,3546002,6979016,7920-1,7920.11,Saphenous vein graft replacement of coronary artery
Coronary heart disease,1228282017,3546002,6979016,^ESCTAC255546,,Saphenous vein graft replacement of coronary artery
Coronary heart disease,1228282017,3546002,6979016,^ESCTCA255547,,Saphenous vein graft replacement of coronary artery
Coronary heart disease,1228282017,3546002,6979016,7920y,7920y00,Saphenous vein graft replacement of coronary artery
Coronary heart disease,1228282017,3546002,6979016,^ESCTAO255541,,Saphenous vein graft replacement of coronary artery
Coronary heart disease,1228282017,3546002,6979016,^ESCTCV255542,,Saphenous vein graft replacement of coronary artery
Coronary heart disease,1228282017,3546002,6979016,^ESCT1190438,,Saphenous vein graft replacement of coronary artery
Coronary heart disease,1228282017,3546002,6979016,7920-99,7920.99,Saphenous vein graft replacement of coronary artery
Coronary heart disease,1228282017,3546002,6979016,^ESCT1245171,,Saphenous vein graft replacement of coronary artery
Coronary heart disease,1228282017,3546002,6979016,7920,7920.00,Saphenous vein graft replacement of coronary artery
Coronary heart disease,1228282017,3546002,6979016,7920z,7920z00,Saphenous vein graft replacement of coronary artery
Coronary heart disease,1228282017,3546002,6979016,^ESCTAC255543,,Saphenous vein graft replacement of coronary artery
Coronary heart disease,1228282017,3546002,6979016,^ESCTAC255544,,Saphenous vein graft replacement of coronary artery
Coronary heart disease,161451000006116,3546002,1228282017,7920-1,7920.11,Saphenous vein graft replacement of coronary artery
Coronary heart disease,161451000006116,3546002,1228282017,^ESCTAC255546,,Saphenous vein graft replacement of coronary artery
Coronary heart disease,161451000006116,3546002,1228282017,^ESCTCA255547,,Saphenous vein graft replacement of coronary artery
Coronary heart disease,161451000006116,3546002,1228282017,7920y,7920y00,Saphenous vein graft replacement of coronary artery
Coronary heart disease,161451000006116,3546002,1228282017,^ESCTAO255541,,Saphenous vein graft replacement of coronary artery
Coronary heart disease,161451000006116,3546002,1228282017,^ESCTCV255542,,Saphenous vein graft replacement of coronary artery
Coronary heart disease,161451000006116,3546002,1228282017,^ESCT1190438,,Saphenous vein graft replacement of coronary artery
Coronary heart disease,161451000006116,3546002,1228282017,7920-99,7920.99,Saphenous vein graft replacement of coronary artery
Coronary heart disease,161451000006116,3546002,1228282017,^ESCT1245171,,Saphenous vein graft replacement of coronary artery
Coronary heart disease,161451000006116,3546002,1228282017,7920,7920.00,Saphenous vein graft replacement of coronary artery
Coronary heart disease,161451000006116,3546002,1228282017,7920z,7920z00,Saphenous vein graft replacement of coronary artery
Coronary heart disease,161451000006116,3546002,1228282017,^ESCTAC255543,,Saphenous vein graft replacement of coronary artery
Coronary heart disease,161451000006116,3546002,1228282017,^ESCTAC255544,,Saphenous vein graft replacement of coronary artery
Coronary heart disease,271073015,736967001,3525967012,^ESCT1167247,,Saphenous vein graft replacement of one coronary artery
Coronary heart disease,271073015,736967001,3525967012,^ESCT1167248,,Saphenous vein graft replacement of one coronary artery
Coronary heart disease,271073015,736967001,3525967012,79200,7920000,Saphenous vein graft replacement of one coronary artery
Coronary heart disease,271074014,736969003,3525975018,79201,7920100,Aortocoronary artery bypass of two coronary arteries with saphenous vein graft
Coronary heart disease,271074014,736969003,3525975018,^ESCT1167251,,Aortocoronary artery bypass of two coronary arteries with saphenous vein graft
Coronary heart disease,271074014,736969003,3525975018,^ESCT1245174,,Aortocoronary artery bypass of two coronary arteries with saphenous vein graft
Coronary heart disease,271074014,736969003,3525975018,^ESCT1167252,,Aortocoronary artery bypass of two coronary arteries with saphenous vein graft
Coronary heart disease,271075010,736968006,3525971010,^ESCT1245173,,Aortocoronary artery bypass of three coronary arteries with saphenous vein graft
Coronary heart disease,271075010,736968006,3525971010,79202,7920200,Aortocoronary artery bypass of three coronary arteries with saphenous vein graft
Coronary heart disease,271075010,736968006,3525971010,^ESCT1167249,,Aortocoronary artery bypass of three coronary arteries with saphenous vein graft
Coronary heart disease,271075010,736968006,3525971010,^ESCT1167250,,Aortocoronary artery bypass of three coronary arteries with saphenous vein graft
Coronary heart disease,161491000006110,736966005,3525965016,79203,7920300,Aortocoronary artery bypass of four or more coronary arteries with saphenous vein graft
Coronary heart disease,161491000006110,736966005,3525965016,^ESCT1167246,,Aortocoronary artery bypass of four or more coronary arteries with saphenous vein graft
Coronary heart disease,161491000006110,736966005,3525965016,^ESCT1245172,,Aortocoronary artery bypass of four or more coronary arteries with saphenous vein graft
Coronary heart disease,161491000006110,736966005,3525965016,^ESCT1167245,,Aortocoronary artery bypass of four or more coronary arteries with saphenous vein graft
Coronary heart disease,161481000006112,3546002,6979016,7920-1,7920.11,Aortocoronary artery bypass graft with saphenous vein graft
Coronary heart disease,161481000006112,3546002,6979016,^ESCTAC255546,,Aortocoronary artery bypass graft with saphenous vein graft
Coronary heart disease,161481000006112,3546002,6979016,^ESCTCA255547,,Aortocoronary artery bypass graft with saphenous vein graft
Coronary heart disease,161481000006112,3546002,6979016,7920y,7920y00,Aortocoronary artery bypass graft with saphenous vein graft
Coronary heart disease,161481000006112,3546002,6979016,^ESCTAO255541,,Aortocoronary artery bypass graft with saphenous vein graft
Coronary heart disease,161481000006112,3546002,6979016,^ESCTCV255542,,Aortocoronary artery bypass graft with saphenous vein graft
Coronary heart disease,161481000006112,3546002,6979016,^ESCT1190438,,Aortocoronary artery bypass graft with saphenous vein graft
Coronary heart disease,161481000006112,3546002,6979016,7920-99,7920.99,Aortocoronary artery bypass graft with saphenous vein graft
Coronary heart disease,161481000006112,3546002,6979016,^ESCT1245171,,Aortocoronary artery bypass graft with saphenous vein graft
Coronary heart disease,161481000006112,3546002,6979016,7920,7920.00,Aortocoronary artery bypass graft with saphenous vein graft
Coronary heart disease,161481000006112,3546002,6979016,7920z,7920z00,Aortocoronary artery bypass graft with saphenous vein graft
Coronary heart disease,161481000006112,3546002,6979016,^ESCTAC255543,,Aortocoronary artery bypass graft with saphenous vein graft
Coronary heart disease,161481000006112,3546002,6979016,^ESCTAC255544,,Aortocoronary artery bypass graft with saphenous vein graft
Coronary heart disease,271079016,3546002,6979016,7920-1,7920.11,Saphenous vein graft replacement coronary artery NOS
Coronary heart disease,271079016,3546002,6979016,^ESCTAC255546,,Saphenous vein graft replacement coronary artery NOS
Coronary heart disease,271079016,3546002,6979016,^ESCTCA255547,,Saphenous vein graft replacement coronary artery NOS
Coronary heart disease,271079016,3546002,6979016,7920y,7920y00,Saphenous vein graft replacement coronary artery NOS
Coronary heart disease,271079016,3546002,6979016,^ESCTAO255541,,Saphenous vein graft replacement coronary artery NOS
Coronary heart disease,271079016,3546002,6979016,^ESCTCV255542,,Saphenous vein graft replacement coronary artery NOS
Coronary heart disease,271079016,3546002,6979016,^ESCT1190438,,Saphenous vein graft replacement coronary artery NOS
Coronary heart disease,271079016,3546002,6979016,7920-99,7920.99,Saphenous vein graft replacement coronary artery NOS
Coronary heart disease,271079016,3546002,6979016,^ESCT1245171,,Saphenous vein graft replacement coronary artery NOS
Coronary heart disease,271079016,3546002,6979016,7920,7920.00,Saphenous vein graft replacement coronary artery NOS
Coronary heart disease,271079016,3546002,6979016,7920z,7920z00,Saphenous vein graft replacement coronary artery NOS
Coronary heart disease,271079016,3546002,6979016,^ESCTAC255543,,Saphenous vein graft replacement coronary artery NOS
Coronary heart disease,271079016,3546002,6979016,^ESCTAC255544,,Saphenous vein graft replacement coronary artery NOS
Coronary heart disease,1221554018,232717009,348640013,7921-1,7921.11,Other autograft bypass of coronary artery
Coronary heart disease,1221554018,232717009,348640013,^ESCTCB504010,,Other autograft bypass of coronary artery
Coronary heart disease,1221554018,232717009,348640013,^ESCTCO504011,,Other autograft bypass of coronary artery
Coronary heart disease,1221554018,232717009,348640013,792Dz,792Dz00,Other autograft bypass of coronary artery
Coronary heart disease,1221554018,232717009,348640013,7921,7921.00,Other autograft bypass of coronary artery
Coronary heart disease,1221554018,232717009,348640013,7921z,7921z00,Other autograft bypass of coronary artery
Coronary heart disease,1221554018,232717009,348640013,792C,792C.00,Other autograft bypass of coronary artery
Coronary heart disease,1221554018,232717009,348640013,792Cz,792Cz00,Other autograft bypass of coronary artery
Coronary heart disease,1221554018,232717009,348640013,792D,792D.00,Other autograft bypass of coronary artery
Coronary heart disease,1221554018,232717009,348640013,792Dy,792Dy00,Other autograft bypass of coronary artery
Coronary heart disease,1221554018,232717009,348640013,7921y,7921y00,Other autograft bypass of coronary artery
Coronary heart disease,1221554018,232717009,348640013,7926y,7926y00,Other autograft bypass of coronary artery
Coronary heart disease,1221554018,232717009,348640013,^ESCTCA504013,,Other autograft bypass of coronary artery
Coronary heart disease,1221554018,232717009,348640013,^ESCTCA504009,,Other autograft bypass of coronary artery
Coronary heart disease,1221554018,232717009,348640013,7926,7926.00,Other autograft bypass of coronary artery
Coronary heart disease,1221554018,232717009,348640013,7926z,7926z00,Other autograft bypass of coronary artery
Coronary heart disease,1221554018,232717009,348640013,792Cy,792Cy00,Other autograft bypass of coronary artery
Coronary heart disease,1221554018,232717009,348640013,792-1,792..11,Other autograft bypass of coronary artery
Coronary heart disease,271081019,232719007,348647011,79253,7925300,Autograft replacement of one coronary artery NEC
Coronary heart disease,271081019,232719007,348647011,^ESCTCA504015,,Autograft replacement of one coronary artery NEC
Coronary heart disease,271081019,232719007,348647011,79263,7926300,Autograft replacement of one coronary artery NEC
Coronary heart disease,271081019,232719007,348647011,^ESCTCO504014,,Autograft replacement of one coronary artery NEC
Coronary heart disease,271081019,232719007,348647011,79210,7921000,Autograft replacement of one coronary artery NEC
Coronary heart disease,271081019,232719007,348647011,79262,7926200,Autograft replacement of one coronary artery NEC
Coronary heart disease,271082014,232720001,348649014,^ESCTCA504017,,Autograft replacement of two coronary arteries NEC
Coronary heart disease,271082014,232720001,348649014,79260,7926000,Autograft replacement of two coronary arteries NEC
Coronary heart disease,271082014,232720001,348649014,79261,7926100,Autograft replacement of two coronary arteries NEC
Coronary heart disease,271082014,232720001,348649014,79211,7921100,Autograft replacement of two coronary arteries NEC
Coronary heart disease,271082014,232720001,348649014,^ESCTCO504016,,Autograft replacement of two coronary arteries NEC
Coronary heart disease,271083016,232721002,348651013,^ESCTTR504019,,Autograft replacement of three coronary arteries NEC
Coronary heart disease,271083016,232721002,348651013,^ESCTCO504018,,Autograft replacement of three coronary arteries NEC
Coronary heart disease,271083016,232721002,348651013,79212,7921200,Autograft replacement of three coronary arteries NEC
Coronary heart disease,271083016,232721002,348651013,^ESCTCA504020,,Autograft replacement of three coronary arteries NEC
Coronary heart disease,271084010,232722009,348654017,^ESCTCO504021,,Autograft replacement of four of more coronary arteries NEC
Coronary heart disease,271084010,232722009,348654017,^ESCTCA504022,,Autograft replacement of four of more coronary arteries NEC
Coronary heart disease,271084010,232722009,348654017,79213,7921300,Autograft replacement of four of more coronary arteries NEC
Coronary heart disease,36861000006113,232717009,348640013,7921-1,7921.11,Other autograft replacement of coronary artery OS
Coronary heart disease,36861000006113,232717009,348640013,^ESCTCB504010,,Other autograft replacement of coronary artery OS
Coronary heart disease,36861000006113,232717009,348640013,^ESCTCO504011,,Other autograft replacement of coronary artery OS
Coronary heart disease,36861000006113,232717009,348640013,792Dz,792Dz00,Other autograft replacement of coronary artery OS
Coronary heart disease,36861000006113,232717009,348640013,7921,7921.00,Other autograft replacement of coronary artery OS
Coronary heart disease,36861000006113,232717009,348640013,7921z,7921z00,Other autograft replacement of coronary artery OS
Coronary heart disease,36861000006113,232717009,348640013,792C,792C.00,Other autograft replacement of coronary artery OS
Coronary heart disease,36861000006113,232717009,348640013,792Cz,792Cz00,Other autograft replacement of coronary artery OS
Coronary heart disease,36861000006113,232717009,348640013,792D,792D.00,Other autograft replacement of coronary artery OS
Coronary heart disease,36861000006113,232717009,348640013,792Dy,792Dy00,Other autograft replacement of coronary artery OS
Coronary heart disease,36861000006113,232717009,348640013,7921y,7921y00,Other autograft replacement of coronary artery OS
Coronary heart disease,36861000006113,232717009,348640013,7926y,7926y00,Other autograft replacement of coronary artery OS
Coronary heart disease,36861000006113,232717009,348640013,^ESCTCA504013,,Other autograft replacement of coronary artery OS
Coronary heart disease,36861000006113,232717009,348640013,^ESCTCA504009,,Other autograft replacement of coronary artery OS
Coronary heart disease,36861000006113,232717009,348640013,7926,7926.00,Other autograft replacement of coronary artery OS
Coronary heart disease,36861000006113,232717009,348640013,7926z,7926z00,Other autograft replacement of coronary artery OS
Coronary heart disease,36861000006113,232717009,348640013,792Cy,792Cy00,Other autograft replacement of coronary artery OS
Coronary heart disease,36861000006113,232717009,348640013,792-1,792..11,Other autograft replacement of coronary artery OS
Coronary heart disease,271086012,232717009,348640013,7921-1,7921.11,Other autograft replacement of coronary artery NOS
Coronary heart disease,271086012,232717009,348640013,^ESCTCB504010,,Other autograft replacement of coronary artery NOS
Coronary heart disease,271086012,232717009,348640013,^ESCTCO504011,,Other autograft replacement of coronary artery NOS
Coronary heart disease,271086012,232717009,348640013,792Dz,792Dz00,Other autograft replacement of coronary artery NOS
Coronary heart disease,271086012,232717009,348640013,7921,7921.00,Other autograft replacement of coronary artery NOS
Coronary heart disease,271086012,232717009,348640013,7921z,7921z00,Other autograft replacement of coronary artery NOS
Coronary heart disease,271086012,232717009,348640013,792C,792C.00,Other autograft replacement of coronary artery NOS
Coronary heart disease,271086012,232717009,348640013,792Cz,792Cz00,Other autograft replacement of coronary artery NOS
Coronary heart disease,271086012,232717009,348640013,792D,792D.00,Other autograft replacement of coronary artery NOS
Coronary heart disease,271086012,232717009,348640013,792Dy,792Dy00,Other autograft replacement of coronary artery NOS
Coronary heart disease,271086012,232717009,348640013,7921y,7921y00,Other autograft replacement of coronary artery NOS
Coronary heart disease,271086012,232717009,348640013,7926y,7926y00,Other autograft replacement of coronary artery NOS
Coronary heart disease,271086012,232717009,348640013,^ESCTCA504013,,Other autograft replacement of coronary artery NOS
Coronary heart disease,271086012,232717009,348640013,^ESCTCA504009,,Other autograft replacement of coronary artery NOS
Coronary heart disease,271086012,232717009,348640013,7926,7926.00,Other autograft replacement of coronary artery NOS
Coronary heart disease,271086012,232717009,348640013,7926z,7926z00,Other autograft replacement of coronary artery NOS
Coronary heart disease,271086012,232717009,348640013,792Cy,792Cy00,Other autograft replacement of coronary artery NOS
Coronary heart disease,271086012,232717009,348640013,792-1,792..11,Other autograft replacement of coronary artery NOS
Coronary heart disease,271088013,175021005,271087015,7922,7922.00,Allograft replacement of coronary artery
Coronary heart disease,271088013,175021005,271087015,^ESCT1192303,,Allograft replacement of coronary artery
Coronary heart disease,271088013,175021005,271087015,7922y,7922y00,Allograft replacement of coronary artery
Coronary heart disease,271088013,175021005,271087015,7922z,7922z00,Allograft replacement of coronary artery
Coronary heart disease,271088013,175021005,271087015,7922-1,7922.11,Allograft replacement of coronary artery
Coronary heart disease,271087015,175021005,271087015,7922,7922.00,Allograft bypass of coronary artery
Coronary heart disease,271087015,175021005,271087015,^ESCT1192303,,Allograft bypass of coronary artery
Coronary heart disease,271087015,175021005,271087015,7922y,7922y00,Allograft bypass of coronary artery
Coronary heart disease,271087015,175021005,271087015,7922z,7922z00,Allograft bypass of coronary artery
Coronary heart disease,271087015,175021005,271087015,7922-1,7922.11,Allograft bypass of coronary artery
Coronary heart disease,271089017,736971003,3525979012,79220,7922000,Allograft replacement of one coronary artery
Coronary heart disease,271089017,736971003,3525979012,^ESCT1167254,,Allograft replacement of one coronary artery
Coronary heart disease,271092018,736973000,3525983012,79221,7922100,Allograft replacement of two coronary arteries
Coronary heart disease,271092018,736973000,3525983012,^ESCT1167256,,Allograft replacement of two coronary arteries
Coronary heart disease,271093011,736972005,3525981014,79222,7922200,Allograft replacement of three coronary arteries
Coronary heart disease,271093011,736972005,3525981014,^ESCT1167255,,Allograft replacement of three coronary arteries
Coronary heart disease,271094017,736970002,3525977014,79223,7922300,Allograft replacement of four or more coronary arteries
Coronary heart disease,271094017,736970002,3525977014,^ESCT1167253,,Allograft replacement of four or more coronary arteries
Coronary heart disease,271095016,175021005,271087015,7922,7922.00,Other specified allograft replacement of coronary artery
Coronary heart disease,271095016,175021005,271087015,^ESCT1192303,,Other specified allograft replacement of coronary artery
Coronary heart disease,271095016,175021005,271087015,7922y,7922y00,Other specified allograft replacement of coronary artery
Coronary heart disease,271095016,175021005,271087015,7922z,7922z00,Other specified allograft replacement of coronary artery
Coronary heart disease,271095016,175021005,271087015,7922-1,7922.11,Other specified allograft replacement of coronary artery
Coronary heart disease,271096015,175021005,271087015,7922,7922.00,Allograft replacement of coronary artery NOS
Coronary heart disease,271096015,175021005,271087015,^ESCT1192303,,Allograft replacement of coronary artery NOS
Coronary heart disease,271096015,175021005,271087015,7922y,7922y00,Allograft replacement of coronary artery NOS
Coronary heart disease,271096015,175021005,271087015,7922z,7922z00,Allograft replacement of coronary artery NOS
Coronary heart disease,271096015,175021005,271087015,7922-1,7922.11,Allograft replacement of coronary artery NOS
Coronary heart disease,271098019,175029007,271097012,7923,7923.00,Prosthetic replacement of coronary artery
Coronary heart disease,271098019,175029007,271097012,7923y,7923y00,Prosthetic replacement of coronary artery
Coronary heart disease,271098019,175029007,271097012,7923z,7923z00,Prosthetic replacement of coronary artery
Coronary heart disease,271098019,175029007,271097012,7923-99,7923.99,Prosthetic replacement of coronary artery
Coronary heart disease,271098019,175029007,271097012,^ESCT1190462,,Prosthetic replacement of coronary artery
Coronary heart disease,271098019,175029007,271097012,7923-1,7923.11,Prosthetic replacement of coronary artery
Coronary heart disease,271097012,175029007,271097012,7923,7923.00,Prosthetic bypass of coronary artery
Coronary heart disease,271097012,175029007,271097012,7923y,7923y00,Prosthetic bypass of coronary artery
Coronary heart disease,271097012,175029007,271097012,7923z,7923z00,Prosthetic bypass of coronary artery
Coronary heart disease,271097012,175029007,271097012,7923-99,7923.99,Prosthetic bypass of coronary artery
Coronary heart disease,271097012,175029007,271097012,^ESCT1190462,,Prosthetic bypass of coronary artery
Coronary heart disease,271097012,175029007,271097012,7923-1,7923.11,Prosthetic bypass of coronary artery
Coronary heart disease,271099010,736963002,3525947015,79230,7923000,Prosthetic replacement of one coronary artery
Coronary heart disease,271099010,736963002,3525947015,^ESCT1167240,,Prosthetic replacement of one coronary artery
Coronary heart disease,271099010,736963002,3525947015,^ESCT1167239,,Prosthetic replacement of one coronary artery
Coronary heart disease,271100019,736965009,3525955010,^ESCT1167243,,Prosthetic replacement of two coronary arteries
Coronary heart disease,271100019,736965009,3525955010,^ESCT1167244,,Prosthetic replacement of two coronary arteries
Coronary heart disease,271100019,736965009,3525955010,79231,7923100,Prosthetic replacement of two coronary arteries
Coronary heart disease,271101015,736964008,3525952013,^ESCT1167242,,Prosthetic replacement of three coronary arteries
Coronary heart disease,271101015,736964008,3525952013,79232,7923200,Prosthetic replacement of three coronary arteries
Coronary heart disease,271101015,736964008,3525952013,^ESCT1167241,,Prosthetic replacement of three coronary arteries
Coronary heart disease,271102010,736962007,3525944010,^ESCT1167238,,Prosthetic replacement of four or more coronary arteries
Coronary heart disease,271102010,736962007,3525944010,79233,7923300,Prosthetic replacement of four or more coronary arteries
Coronary heart disease,271102010,736962007,3525944010,^ESCT1167237,,Prosthetic replacement of four or more coronary arteries
Coronary heart disease,271104011,175029007,271097012,7923,7923.00,Prosthetic replacement of coronary artery NOS
Coronary heart disease,271104011,175029007,271097012,7923y,7923y00,Prosthetic replacement of coronary artery NOS
Coronary heart disease,271104011,175029007,271097012,7923z,7923z00,Prosthetic replacement of coronary artery NOS
Coronary heart disease,271104011,175029007,271097012,7923-99,7923.99,Prosthetic replacement of coronary artery NOS
Coronary heart disease,271104011,175029007,271097012,^ESCT1190462,,Prosthetic replacement of coronary artery NOS
Coronary heart disease,271104011,175029007,271097012,7923-1,7923.11,Prosthetic replacement of coronary artery NOS
Coronary heart disease,271114019,175045009,271114019,7925,7925.00,Connection of mammary artery to coronary artery
Coronary heart disease,271114019,175045009,271114019,7925-1,7925.11,Connection of mammary artery to coronary artery
Coronary heart disease,271114019,175045009,271114019,7925z,7925z00,Connection of mammary artery to coronary artery
Coronary heart disease,271114019,175045009,271114019,7925-98,7925.98,Connection of mammary artery to coronary artery
Coronary heart disease,271114019,175045009,271114019,7925-99,7925.99,Connection of mammary artery to coronary artery
Coronary heart disease,271114019,175045009,271114019,7925y,7925y00,Connection of mammary artery to coronary artery
Coronary heart disease,271115018,175045009,271115018,7925,7925.00,Creation of bypass from mammary artery to coronary artery
Coronary heart disease,271115018,175045009,271115018,7925-1,7925.11,Creation of bypass from mammary artery to coronary artery
Coronary heart disease,271115018,175045009,271115018,7925z,7925z00,Creation of bypass from mammary artery to coronary artery
Coronary heart disease,271115018,175045009,271115018,7925-98,7925.98,Creation of bypass from mammary artery to coronary artery
Coronary heart disease,271115018,175045009,271115018,7925-99,7925.99,Creation of bypass from mammary artery to coronary artery
Coronary heart disease,271115018,175045009,271115018,7925y,7925y00,Creation of bypass from mammary artery to coronary artery
Coronary heart disease,394286010,265481001,394286010,79250,7925000,Double anastomosis of mammary arteries to coronary arteries
Coronary heart disease,628021000006118,175047001,271120018,79251,7925100,Double implantation of mammary arteries into coronary arteries
Coronary heart disease,405092018,232719007,348647011,79253,7925300,Single anastomosis of mammary artery to coronary artery NEC
Coronary heart disease,405092018,232719007,348647011,^ESCTCA504015,,Single anastomosis of mammary artery to coronary artery NEC
Coronary heart disease,405092018,232719007,348647011,79263,7926300,Single anastomosis of mammary artery to coronary artery NEC
Coronary heart disease,405092018,232719007,348647011,^ESCTCO504014,,Single anastomosis of mammary artery to coronary artery NEC
Coronary heart disease,405092018,232719007,348647011,79210,7921000,Single anastomosis of mammary artery to coronary artery NEC
Coronary heart disease,405092018,232719007,348647011,79262,7926200,Single anastomosis of mammary artery to coronary artery NEC
Coronary heart disease,411159010,275215001,411159010,^ESCTLE557061,,LIMA single anastomosis
Coronary heart disease,411159010,275215001,411159010,^ESCTLE557062,,LIMA single anastomosis
Coronary heart disease,411159010,275215001,411159010,79253-1,7925311,LIMA single anastomosis
Coronary heart disease,411160017,275216000,411160017,79253-2,7925312,RIMA single anastomosis
Coronary heart disease,411160017,275216000,411160017,^ESCTRI557065,,RIMA single anastomosis
Coronary heart disease,411160017,275216000,411160017,^ESCTRI557064,,RIMA single anastomosis
Coronary heart disease,271126012,175050003,271126012,79254,7925400,Single implantation of mammary artery into coronary artery
Coronary heart disease,589721000006114,175045009,271114019,7925,7925.00,Connection of mammary artery to coronary artery OS
Coronary heart disease,589721000006114,175045009,271114019,7925-1,7925.11,Connection of mammary artery to coronary artery OS
Coronary heart disease,589721000006114,175045009,271114019,7925z,7925z00,Connection of mammary artery to coronary artery OS
Coronary heart disease,589721000006114,175045009,271114019,7925-98,7925.98,Connection of mammary artery to coronary artery OS
Coronary heart disease,589721000006114,175045009,271114019,7925-99,7925.99,Connection of mammary artery to coronary artery OS
Coronary heart disease,589721000006114,175045009,271114019,7925y,7925y00,Connection of mammary artery to coronary artery OS
Coronary heart disease,271128013,175045009,271114019,7925,7925.00,Connection of mammary artery to coronary artery NOS
Coronary heart disease,271128013,175045009,271114019,7925-1,7925.11,Connection of mammary artery to coronary artery NOS
Coronary heart disease,271128013,175045009,271114019,7925z,7925z00,Connection of mammary artery to coronary artery NOS
Coronary heart disease,271128013,175045009,271114019,7925-98,7925.98,Connection of mammary artery to coronary artery NOS
Coronary heart disease,271128013,175045009,271114019,7925-99,7925.99,Connection of mammary artery to coronary artery NOS
Coronary heart disease,271128013,175045009,271114019,7925y,7925y00,Connection of mammary artery to coronary artery NOS
Coronary heart disease,271129017,232717009,348640013,7921-1,7921.11,Connection of other thoracic artery to coronary artery
Coronary heart disease,271129017,232717009,348640013,^ESCTCB504010,,Connection of other thoracic artery to coronary artery
Coronary heart disease,271129017,232717009,348640013,^ESCTCO504011,,Connection of other thoracic artery to coronary artery
Coronary heart disease,271129017,232717009,348640013,792Dz,792Dz00,Connection of other thoracic artery to coronary artery
Coronary heart disease,271129017,232717009,348640013,7921,7921.00,Connection of other thoracic artery to coronary artery
Coronary heart disease,271129017,232717009,348640013,7921z,7921z00,Connection of other thoracic artery to coronary artery
Coronary heart disease,271129017,232717009,348640013,792C,792C.00,Connection of other thoracic artery to coronary artery
Coronary heart disease,271129017,232717009,348640013,792Cz,792Cz00,Connection of other thoracic artery to coronary artery
Coronary heart disease,271129017,232717009,348640013,792D,792D.00,Connection of other thoracic artery to coronary artery
Coronary heart disease,271129017,232717009,348640013,792Dy,792Dy00,Connection of other thoracic artery to coronary artery
Coronary heart disease,271129017,232717009,348640013,7921y,7921y00,Connection of other thoracic artery to coronary artery
Coronary heart disease,271129017,232717009,348640013,7926y,7926y00,Connection of other thoracic artery to coronary artery
Coronary heart disease,271129017,232717009,348640013,^ESCTCA504013,,Connection of other thoracic artery to coronary artery
Coronary heart disease,271129017,232717009,348640013,^ESCTCA504009,,Connection of other thoracic artery to coronary artery
Coronary heart disease,271129017,232717009,348640013,7926,7926.00,Connection of other thoracic artery to coronary artery
Coronary heart disease,271129017,232717009,348640013,7926z,7926z00,Connection of other thoracic artery to coronary artery
Coronary heart disease,271129017,232717009,348640013,792Cy,792Cy00,Connection of other thoracic artery to coronary artery
Coronary heart disease,271129017,232717009,348640013,792-1,792..11,Connection of other thoracic artery to coronary artery
Coronary heart disease,627951000006112,232720001,348649014,^ESCTCA504017,,Double anastom thoracic arteries to coronary arteries NEC
Coronary heart disease,627951000006112,232720001,348649014,79260,7926000,Double anastom thoracic arteries to coronary arteries NEC
Coronary heart disease,627951000006112,232720001,348649014,79261,7926100,Double anastom thoracic arteries to coronary arteries NEC
Coronary heart disease,627951000006112,232720001,348649014,79211,7921100,Double anastom thoracic arteries to coronary arteries NEC
Coronary heart disease,627951000006112,232720001,348649014,^ESCTCO504016,,Double anastom thoracic arteries to coronary arteries NEC
Coronary heart disease,271132019,232719007,348647011,79253,7925300,Single anastomosis of thoracic artery to coronary artery NEC
Coronary heart disease,271132019,232719007,348647011,^ESCTCA504015,,Single anastomosis of thoracic artery to coronary artery NEC
Coronary heart disease,271132019,232719007,348647011,79263,7926300,Single anastomosis of thoracic artery to coronary artery NEC
Coronary heart disease,271132019,232719007,348647011,^ESCTCO504014,,Single anastomosis of thoracic artery to coronary artery NEC
Coronary heart disease,271132019,232719007,348647011,79210,7921000,Single anastomosis of thoracic artery to coronary artery NEC
Coronary heart disease,271132019,232719007,348647011,79262,7926200,Single anastomosis of thoracic artery to coronary artery NEC
Coronary heart disease,142431000006114,232719007,348647011,79253,7925300,Single implantation thoracic artery into coronary artery NEC
Coronary heart disease,142431000006114,232719007,348647011,^ESCTCA504015,,Single implantation thoracic artery into coronary artery NEC
Coronary heart disease,142431000006114,232719007,348647011,79263,7926300,Single implantation thoracic artery into coronary artery NEC
Coronary heart disease,142431000006114,232719007,348647011,^ESCTCO504014,,Single implantation thoracic artery into coronary artery NEC
Coronary heart disease,142431000006114,232719007,348647011,79210,7921000,Single implantation thoracic artery into coronary artery NEC
Coronary heart disease,142431000006114,232719007,348647011,79262,7926200,Single implantation thoracic artery into coronary artery NEC
Coronary heart disease,271135017,232717009,348640013,7921-1,7921.11,Connection of other thoracic artery to coronary artery NOS
Coronary heart disease,271135017,232717009,348640013,^ESCTCB504010,,Connection of other thoracic artery to coronary artery NOS
Coronary heart disease,271135017,232717009,348640013,^ESCTCO504011,,Connection of other thoracic artery to coronary artery NOS
Coronary heart disease,271135017,232717009,348640013,792Dz,792Dz00,Connection of other thoracic artery to coronary artery NOS
Coronary heart disease,271135017,232717009,348640013,7921,7921.00,Connection of other thoracic artery to coronary artery NOS
Coronary heart disease,271135017,232717009,348640013,7921z,7921z00,Connection of other thoracic artery to coronary artery NOS
Coronary heart disease,271135017,232717009,348640013,792C,792C.00,Connection of other thoracic artery to coronary artery NOS
Coronary heart disease,271135017,232717009,348640013,792Cz,792Cz00,Connection of other thoracic artery to coronary artery NOS
Coronary heart disease,271135017,232717009,348640013,792D,792D.00,Connection of other thoracic artery to coronary artery NOS
Coronary heart disease,271135017,232717009,348640013,792Dy,792Dy00,Connection of other thoracic artery to coronary artery NOS
Coronary heart disease,271135017,232717009,348640013,7921y,7921y00,Connection of other thoracic artery to coronary artery NOS
Coronary heart disease,271135017,232717009,348640013,7926y,7926y00,Connection of other thoracic artery to coronary artery NOS
Coronary heart disease,271135017,232717009,348640013,^ESCTCA504013,,Connection of other thoracic artery to coronary artery NOS
Coronary heart disease,271135017,232717009,348640013,^ESCTCA504009,,Connection of other thoracic artery to coronary artery NOS
Coronary heart disease,271135017,232717009,348640013,7926,7926.00,Connection of other thoracic artery to coronary artery NOS
Coronary heart disease,271135017,232717009,348640013,7926z,7926z00,Connection of other thoracic artery to coronary artery NOS
Coronary heart disease,271135017,232717009,348640013,792Cy,792Cy00,Connection of other thoracic artery to coronary artery NOS
Coronary heart disease,271135017,232717009,348640013,792-1,792..11,Connection of other thoracic artery to coronary artery NOS
Coronary heart disease,1221061012,14201006,1221061012,79275,7927500,Open angioplasty of coronary artery
Coronary heart disease,1221061012,14201006,1221061012,79275-99,7927599,Open angioplasty of coronary artery
Coronary heart disease,1221061012,14201006,1221061012,^ESCTCO272498,,Open angioplasty of coronary artery
Coronary heart disease,238821000006111,11101003,19234014,^ESCTBA267661,,Percutaneous balloon coronary angioplasty
Coronary heart disease,238821000006111,11101003,19234014,7928,7928.00,Percutaneous balloon coronary angioplasty
Coronary heart disease,238821000006111,11101003,19234014,7928-1,7928.11,Percutaneous balloon coronary angioplasty
Coronary heart disease,238821000006111,11101003,19234014,^ESCTPT267663,,Percutaneous balloon coronary angioplasty
Coronary heart disease,238821000006111,11101003,19234014,^ESCTPE267664,,Percutaneous balloon coronary angioplasty
Coronary heart disease,238821000006111,11101003,19234014,^ESCTPE267662,,Percutaneous balloon coronary angioplasty
Coronary heart disease,238821000006111,11101003,19234014,7928y,7928y00,Percutaneous balloon coronary angioplasty
Coronary heart disease,238821000006111,11101003,19234014,7928-99,7928.99,Percutaneous balloon coronary angioplasty
Coronary heart disease,238821000006111,11101003,19234014,7928z,7928z00,Percutaneous balloon coronary angioplasty
Coronary heart disease,238641000006117,68466008,1233048011,79280-99,7928099,Percutaneous transluminal balloon angioplasty of one coronary artery
Coronary heart disease,238641000006117,68466008,1233048011,79280,7928000,Percutaneous transluminal balloon angioplasty of one coronary artery
Coronary heart disease,238641000006117,68466008,1233048011,^ESCTRE361414,,Percutaneous transluminal balloon angioplasty of one coronary artery
Coronary heart disease,238571000006114,85053006,506356013,^ESCTBA388343,,Percutaneous transluminal balloon angioplasty of multiple coronary arteries
Coronary heart disease,238571000006114,85053006,506356013,^ESCTPE388342,,Percutaneous transluminal balloon angioplasty of multiple coronary arteries
Coronary heart disease,238571000006114,85053006,506356013,79281,7928100,Percutaneous transluminal balloon angioplasty of multiple coronary arteries
Coronary heart disease,238561000006119,175066001,271142017,79282,7928200,Percutaneous transluminal balloon angioplasty of bypass graft of coronary artery
Coronary heart disease,1547311000006116,707828002,3032475016,79283,7928300,Percutaneous transluminal cutting balloon angioplasty of coronary artery
Coronary heart disease,89731000006112,11101003,19234014,^ESCTBA267661,,Transluminal balloon angioplasty of coronary artery OS
Coronary heart disease,89731000006112,11101003,19234014,7928,7928.00,Transluminal balloon angioplasty of coronary artery OS
Coronary heart disease,89731000006112,11101003,19234014,7928-1,7928.11,Transluminal balloon angioplasty of coronary artery OS
Coronary heart disease,89731000006112,11101003,19234014,^ESCTPT267663,,Transluminal balloon angioplasty of coronary artery OS
Coronary heart disease,89731000006112,11101003,19234014,^ESCTPE267664,,Transluminal balloon angioplasty of coronary artery OS
Coronary heart disease,89731000006112,11101003,19234014,^ESCTPE267662,,Transluminal balloon angioplasty of coronary artery OS
Coronary heart disease,89731000006112,11101003,19234014,7928y,7928y00,Transluminal balloon angioplasty of coronary artery OS
Coronary heart disease,89731000006112,11101003,19234014,7928-99,7928.99,Transluminal balloon angioplasty of coronary artery OS
Coronary heart disease,89731000006112,11101003,19234014,7928z,7928z00,Transluminal balloon angioplasty of coronary artery OS
Coronary heart disease,271148018,11101003,19234014,^ESCTBA267661,,Transluminal balloon angioplasty of coronary artery NOS
Coronary heart disease,271148018,11101003,19234014,7928,7928.00,Transluminal balloon angioplasty of coronary artery NOS
Coronary heart disease,271148018,11101003,19234014,7928-1,7928.11,Transluminal balloon angioplasty of coronary artery NOS
Coronary heart disease,271148018,11101003,19234014,^ESCTPT267663,,Transluminal balloon angioplasty of coronary artery NOS
Coronary heart disease,271148018,11101003,19234014,^ESCTPE267664,,Transluminal balloon angioplasty of coronary artery NOS
Coronary heart disease,271148018,11101003,19234014,^ESCTPE267662,,Transluminal balloon angioplasty of coronary artery NOS
Coronary heart disease,271148018,11101003,19234014,7928y,7928y00,Transluminal balloon angioplasty of coronary artery NOS
Coronary heart disease,271148018,11101003,19234014,7928-99,7928.99,Transluminal balloon angioplasty of coronary artery NOS
Coronary heart disease,271148018,11101003,19234014,7928z,7928z00,Transluminal balloon angioplasty of coronary artery NOS
Coronary heart disease,484402013,29843007,484402013,^ESCTLA298034,,Percutaneous transluminal laser coronary angioplasty
Coronary heart disease,484402013,29843007,484402013,^ESCTPE298035,,Percutaneous transluminal laser coronary angioplasty
Coronary heart disease,484402013,29843007,484402013,^ESCTCO298033,,Percutaneous transluminal laser coronary angioplasty
Coronary heart disease,484402013,29843007,484402013,79290,7929000,Percutaneous transluminal laser coronary angioplasty
Coronary heart disease,1785743019,397193006,1785743019,^ESCTPE658311,,Rotary blade coronary angioplasty
Coronary heart disease,1785743019,397193006,1785743019,79293,7929300,Rotary blade coronary angioplasty
Coronary heart disease,2536354015,36969009,2536354015,^ESCTPL309562,,Insertion of coronary artery stent
Coronary heart disease,2536354015,36969009,2536354015,79294,7929400,Insertion of coronary artery stent
Coronary heart disease,311461000000116,203741000000101,311461000000116,79295,7929500,Insertion of drug-eluting coronary artery stent
Coronary heart disease,354901000000117,232726007,354901000000117,^ESCTPE504028,,Percutaneous transluminal atherectomy of coronary artery
Coronary heart disease,354901000000117,232726007,354901000000117,79296,7929600,Percutaneous transluminal atherectomy of coronary artery
Coronary heart disease,271162013,20738002,34888017,^ESCTCO282972,,Endarterectomy of coronary artery
Coronary heart disease,271162013,20738002,34888017,^ESCTTH282971,,Endarterectomy of coronary artery
Coronary heart disease,271162013,20738002,34888017,792B0,792B000,Endarterectomy of coronary artery
Coronary heart disease,271165010,232717009,348640013,7921-1,7921.11,Other replacement of coronary artery
Coronary heart disease,271165010,232717009,348640013,^ESCTCB504010,,Other replacement of coronary artery
Coronary heart disease,271165010,232717009,348640013,^ESCTCO504011,,Other replacement of coronary artery
Coronary heart disease,271165010,232717009,348640013,792Dz,792Dz00,Other replacement of coronary artery
Coronary heart disease,271165010,232717009,348640013,7921,7921.00,Other replacement of coronary artery
Coronary heart disease,271165010,232717009,348640013,7921z,7921z00,Other replacement of coronary artery
Coronary heart disease,271165010,232717009,348640013,792C,792C.00,Other replacement of coronary artery
Coronary heart disease,271165010,232717009,348640013,792Cz,792Cz00,Other replacement of coronary artery
Coronary heart disease,271165010,232717009,348640013,792D,792D.00,Other replacement of coronary artery
Coronary heart disease,271165010,232717009,348640013,792Dy,792Dy00,Other replacement of coronary artery
Coronary heart disease,271165010,232717009,348640013,7921y,7921y00,Other replacement of coronary artery
Coronary heart disease,271165010,232717009,348640013,7926y,7926y00,Other replacement of coronary artery
Coronary heart disease,271165010,232717009,348640013,^ESCTCA504013,,Other replacement of coronary artery
Coronary heart disease,271165010,232717009,348640013,^ESCTCA504009,,Other replacement of coronary artery
Coronary heart disease,271165010,232717009,348640013,7926,7926.00,Other replacement of coronary artery
Coronary heart disease,271165010,232717009,348640013,7926z,7926z00,Other replacement of coronary artery
Coronary heart disease,271165010,232717009,348640013,792Cy,792Cy00,Other replacement of coronary artery
Coronary heart disease,271165010,232717009,348640013,792-1,792..11,Other replacement of coronary artery
Coronary heart disease,271166011,175085003,271166011,792C0,792C000,Replacement of coronary arteries using multiple methods
Coronary heart disease,271167019,232717009,348640013,7921-1,7921.11,Other specified replacement of coronary artery
Coronary heart disease,271167019,232717009,348640013,^ESCTCB504010,,Other specified replacement of coronary artery
Coronary heart disease,271167019,232717009,348640013,^ESCTCO504011,,Other specified replacement of coronary artery
Coronary heart disease,271167019,232717009,348640013,792Dz,792Dz00,Other specified replacement of coronary artery
Coronary heart disease,271167019,232717009,348640013,7921,7921.00,Other specified replacement of coronary artery
Coronary heart disease,271167019,232717009,348640013,7921z,7921z00,Other specified replacement of coronary artery
Coronary heart disease,271167019,232717009,348640013,792C,792C.00,Other specified replacement of coronary artery
Coronary heart disease,271167019,232717009,348640013,792Cz,792Cz00,Other specified replacement of coronary artery
Coronary heart disease,271167019,232717009,348640013,792D,792D.00,Other specified replacement of coronary artery
Coronary heart disease,271167019,232717009,348640013,792Dy,792Dy00,Other specified replacement of coronary artery
Coronary heart disease,271167019,232717009,348640013,7921y,7921y00,Other specified replacement of coronary artery
Coronary heart disease,271167019,232717009,348640013,7926y,7926y00,Other specified replacement of coronary artery
Coronary heart disease,271167019,232717009,348640013,^ESCTCA504013,,Other specified replacement of coronary artery
Coronary heart disease,271167019,232717009,348640013,^ESCTCA504009,,Other specified replacement of coronary artery
Coronary heart disease,271167019,232717009,348640013,7926,7926.00,Other specified replacement of coronary artery
Coronary heart disease,271167019,232717009,348640013,7926z,7926z00,Other specified replacement of coronary artery
Coronary heart disease,271167019,232717009,348640013,792Cy,792Cy00,Other specified replacement of coronary artery
Coronary heart disease,271167019,232717009,348640013,792-1,792..11,Other specified replacement of coronary artery
Coronary heart disease,271168012,232717009,348640013,7921-1,7921.11,Replacement of coronary artery NOS
Coronary heart disease,271168012,232717009,348640013,^ESCTCB504010,,Replacement of coronary artery NOS
Coronary heart disease,271168012,232717009,348640013,^ESCTCO504011,,Replacement of coronary artery NOS
Coronary heart disease,271168012,232717009,348640013,792Dz,792Dz00,Replacement of coronary artery NOS
Coronary heart disease,271168012,232717009,348640013,7921,7921.00,Replacement of coronary artery NOS
Coronary heart disease,271168012,232717009,348640013,7921z,7921z00,Replacement of coronary artery NOS
Coronary heart disease,271168012,232717009,348640013,792C,792C.00,Replacement of coronary artery NOS
Coronary heart disease,271168012,232717009,348640013,792Cz,792Cz00,Replacement of coronary artery NOS
Coronary heart disease,271168012,232717009,348640013,792D,792D.00,Replacement of coronary artery NOS
Coronary heart disease,271168012,232717009,348640013,792Dy,792Dy00,Replacement of coronary artery NOS
Coronary heart disease,271168012,232717009,348640013,7921y,7921y00,Replacement of coronary artery NOS
Coronary heart disease,271168012,232717009,348640013,7926y,7926y00,Replacement of coronary artery NOS
Coronary heart disease,271168012,232717009,348640013,^ESCTCA504013,,Replacement of coronary artery NOS
Coronary heart disease,271168012,232717009,348640013,^ESCTCA504009,,Replacement of coronary artery NOS
Coronary heart disease,271168012,232717009,348640013,7926,7926.00,Replacement of coronary artery NOS
Coronary heart disease,271168012,232717009,348640013,7926z,7926z00,Replacement of coronary artery NOS
Coronary heart disease,271168012,232717009,348640013,792Cy,792Cy00,Replacement of coronary artery NOS
Coronary heart disease,271168012,232717009,348640013,792-1,792..11,Replacement of coronary artery NOS
Coronary heart disease,271169016,232717009,348640013,7921-1,7921.11,Coronary artery bypass graft
Coronary heart disease,271169016,232717009,348640013,^ESCTCB504010,,Coronary artery bypass graft
Coronary heart disease,271169016,232717009,348640013,^ESCTCO504011,,Coronary artery bypass graft
Coronary heart disease,271169016,232717009,348640013,792Dz,792Dz00,Coronary artery bypass graft
Coronary heart disease,271169016,232717009,348640013,7921,7921.00,Coronary artery bypass graft
Coronary heart disease,271169016,232717009,348640013,7921z,7921z00,Coronary artery bypass graft
Coronary heart disease,271169016,232717009,348640013,792C,792C.00,Coronary artery bypass graft
Coronary heart disease,271169016,232717009,348640013,792Cz,792Cz00,Coronary artery bypass graft
Coronary heart disease,271169016,232717009,348640013,792D,792D.00,Coronary artery bypass graft
Coronary heart disease,271169016,232717009,348640013,792Dy,792Dy00,Coronary artery bypass graft
Coronary heart disease,271169016,232717009,348640013,7921y,7921y00,Coronary artery bypass graft
Coronary heart disease,271169016,232717009,348640013,7926y,7926y00,Coronary artery bypass graft
Coronary heart disease,271169016,232717009,348640013,^ESCTCA504013,,Coronary artery bypass graft
Coronary heart disease,271169016,232717009,348640013,^ESCTCA504009,,Coronary artery bypass graft
Coronary heart disease,271169016,232717009,348640013,7926,7926.00,Coronary artery bypass graft
Coronary heart disease,271169016,232717009,348640013,7926z,7926z00,Coronary artery bypass graft
Coronary heart disease,271169016,232717009,348640013,792Cy,792Cy00,Coronary artery bypass graft
Coronary heart disease,271169016,232717009,348640013,792-1,792..11,Coronary artery bypass graft
Coronary heart disease,271170015,232717009,348640013,7921-1,7921.11,Other specified other bypass of coronary artery
Coronary heart disease,271170015,232717009,348640013,^ESCTCB504010,,Other specified other bypass of coronary artery
Coronary heart disease,271170015,232717009,348640013,^ESCTCO504011,,Other specified other bypass of coronary artery
Coronary heart disease,271170015,232717009,348640013,792Dz,792Dz00,Other specified other bypass of coronary artery
Coronary heart disease,271170015,232717009,348640013,7921,7921.00,Other specified other bypass of coronary artery
Coronary heart disease,271170015,232717009,348640013,7921z,7921z00,Other specified other bypass of coronary artery
Coronary heart disease,271170015,232717009,348640013,792C,792C.00,Other specified other bypass of coronary artery
Coronary heart disease,271170015,232717009,348640013,792Cz,792Cz00,Other specified other bypass of coronary artery
Coronary heart disease,271170015,232717009,348640013,792D,792D.00,Other specified other bypass of coronary artery
Coronary heart disease,271170015,232717009,348640013,792Dy,792Dy00,Other specified other bypass of coronary artery
Coronary heart disease,271170015,232717009,348640013,7921y,7921y00,Other specified other bypass of coronary artery
Coronary heart disease,271170015,232717009,348640013,7926y,7926y00,Other specified other bypass of coronary artery
Coronary heart disease,271170015,232717009,348640013,^ESCTCA504013,,Other specified other bypass of coronary artery
Coronary heart disease,271170015,232717009,348640013,^ESCTCA504009,,Other specified other bypass of coronary artery
Coronary heart disease,271170015,232717009,348640013,7926,7926.00,Other specified other bypass of coronary artery
Coronary heart disease,271170015,232717009,348640013,7926z,7926z00,Other specified other bypass of coronary artery
Coronary heart disease,271170015,232717009,348640013,792Cy,792Cy00,Other specified other bypass of coronary artery
Coronary heart disease,271170015,232717009,348640013,792-1,792..11,Other specified other bypass of coronary artery
Coronary heart disease,271171016,232717009,348640013,7921-1,7921.11,Other bypass of coronary artery NOS
Coronary heart disease,271171016,232717009,348640013,^ESCTCB504010,,Other bypass of coronary artery NOS
Coronary heart disease,271171016,232717009,348640013,^ESCTCO504011,,Other bypass of coronary artery NOS
Coronary heart disease,271171016,232717009,348640013,792Dz,792Dz00,Other bypass of coronary artery NOS
Coronary heart disease,271171016,232717009,348640013,7921,7921.00,Other bypass of coronary artery NOS
Coronary heart disease,271171016,232717009,348640013,7921z,7921z00,Other bypass of coronary artery NOS
Coronary heart disease,271171016,232717009,348640013,792C,792C.00,Other bypass of coronary artery NOS
Coronary heart disease,271171016,232717009,348640013,792Cz,792Cz00,Other bypass of coronary artery NOS
Coronary heart disease,271171016,232717009,348640013,792D,792D.00,Other bypass of coronary artery NOS
Coronary heart disease,271171016,232717009,348640013,792Dy,792Dy00,Other bypass of coronary artery NOS
Coronary heart disease,271171016,232717009,348640013,7921y,7921y00,Other bypass of coronary artery NOS
Coronary heart disease,271171016,232717009,348640013,7926y,7926y00,Other bypass of coronary artery NOS
Coronary heart disease,271171016,232717009,348640013,^ESCTCA504013,,Other bypass of coronary artery NOS
Coronary heart disease,271171016,232717009,348640013,^ESCTCA504009,,Other bypass of coronary artery NOS
Coronary heart disease,271171016,232717009,348640013,7926,7926.00,Other bypass of coronary artery NOS
Coronary heart disease,271171016,232717009,348640013,7926z,7926z00,Other bypass of coronary artery NOS
Coronary heart disease,271171016,232717009,348640013,792Cy,792Cy00,Other bypass of coronary artery NOS
Coronary heart disease,271171016,232717009,348640013,792-1,792..11,Other bypass of coronary artery NOS
Coronary heart disease,1547631000006117,429639007,2694928017,793G2,793G200,Percutaneous transluminal balloon angioplasty with insertion of stent into coronary artery
Coronary heart disease,1547631000006117,429639007,2694928017,793Gy,793Gy00,Percutaneous transluminal balloon angioplasty with insertion of stent into coronary artery
Coronary heart disease,1547631000006117,429639007,2694928017,793Gz,793Gz00,Percutaneous transluminal balloon angioplasty with insertion of stent into coronary artery
Coronary heart disease,1547631000006117,429639007,2694928017,793G,793G.00,Percutaneous transluminal balloon angioplasty with insertion of stent into coronary artery
Coronary heart disease,1547631000006117,429639007,2694928017,793G3,793G300,Percutaneous transluminal balloon angioplasty with insertion of stent into coronary artery
Coronary heart disease,1547641000006110,936451000000108,2398371000000113,793G0,793G000,Percutaneous transluminal balloon angioplasty and insertion of drug eluting stent into coronary artery
Coronary heart disease,1547641000006110,936451000000108,2398371000000113,793G1,793G100,Percutaneous transluminal balloon angioplasty and insertion of drug eluting stent into coronary artery
Coronary heart disease,1547651000006112,936451000000108,2398371000000113,793G0,793G000,Perc tran ball angio ins 3 or more drug elut stents cor art
Coronary heart disease,1547651000006112,936451000000108,2398371000000113,793G1,793G100,Perc tran ball angio ins 3 or more drug elut stents cor art
Coronary heart disease,1547661000006114,429639007,2694928017,793G2,793G200,Perc translum balloon angioplasty insert 1-2 stents cor art
Coronary heart disease,1547661000006114,429639007,2694928017,793Gy,793Gy00,Perc translum balloon angioplasty insert 1-2 stents cor art
Coronary heart disease,1547661000006114,429639007,2694928017,793Gz,793Gz00,Perc translum balloon angioplasty insert 1-2 stents cor art
Coronary heart disease,1547661000006114,429639007,2694928017,793G,793G.00,Perc translum balloon angioplasty insert 1-2 stents cor art
Coronary heart disease,1547661000006114,429639007,2694928017,793G3,793G300,Perc translum balloon angioplasty insert 1-2 stents cor art
Coronary heart disease,1547671000006119,429639007,2694928017,793G2,793G200,Percutaneous cor balloon angiop 3 more stents cor art NEC
Coronary heart disease,1547671000006119,429639007,2694928017,793Gy,793Gy00,Percutaneous cor balloon angiop 3 more stents cor art NEC
Coronary heart disease,1547671000006119,429639007,2694928017,793Gz,793Gz00,Percutaneous cor balloon angiop 3 more stents cor art NEC
Coronary heart disease,1547671000006119,429639007,2694928017,793G,793G.00,Percutaneous cor balloon angiop 3 more stents cor art NEC
Coronary heart disease,1547671000006119,429639007,2694928017,793G3,793G300,Percutaneous cor balloon angiop 3 more stents cor art NEC
Coronary heart disease,1547681000006116,429639007,2694928017,793G2,793G200,OS perc translumina balloon angioplast stenting coronary art
Coronary heart disease,1547681000006116,429639007,2694928017,793Gy,793Gy00,OS perc translumina balloon angioplast stenting coronary art
Coronary heart disease,1547681000006116,429639007,2694928017,793Gz,793Gz00,OS perc translumina balloon angioplast stenting coronary art
Coronary heart disease,1547681000006116,429639007,2694928017,793G,793G.00,OS perc translumina balloon angioplast stenting coronary art
Coronary heart disease,1547681000006116,429639007,2694928017,793G3,793G300,OS perc translumina balloon angioplast stenting coronary art
Coronary heart disease,1547691000006118,429639007,2694928017,793G2,793G200,Perc translum balloon angioplasty stenting coronary art NOS
Coronary heart disease,1547691000006118,429639007,2694928017,793Gy,793Gy00,Perc translum balloon angioplasty stenting coronary art NOS
Coronary heart disease,1547691000006118,429639007,2694928017,793Gz,793Gz00,Perc translum balloon angioplasty stenting coronary art NOS
Coronary heart disease,1547691000006118,429639007,2694928017,793G,793G.00,Perc translum balloon angioplasty stenting coronary art NOS
Coronary heart disease,1547691000006118,429639007,2694928017,793G3,793G300,Perc translum balloon angioplasty stenting coronary art NOS
Coronary heart disease,272107018,276861004,413186016,^ESCTPE559157,,Percutaneous balloon angioplasty of artery
Coronary heart disease,272107018,276861004,413186016,7A540,7A54000,Percutaneous balloon angioplasty of artery
Coronary heart disease,272117011,175764006,272117011,7A545,7A54500,Rotary blade angioplasty
Coronary heart disease,1548361000006119,415071007,2533528016,7A548,7A54800,Percutaneous endarterectomy
Coronary heart disease,2675882017,426674009,2675882017,7A564,7A56400,Percutaneous transluminal balloon angioplasty of artery
Coronary heart disease,272295013,175882004,272295013,7A6G1,7A6G100,Peroperative angioplasty
Coronary heart disease,456362017,312610006,456362017,7A6H3,7A6H300,Prosthetic graft patch angioplasty
Coronary heart disease,456363010,312611005,456363010,7A6H4,7A6H400,Percutaneous transluminal angioplasty of vascular graft
Coronary heart disease,616081000006113,315287002,459791015,889A,889A.00,Diabetes mellitus insulin-glucose infusion in acute myocardial infarction
Coronary heart disease,616081000006113,315287002,459791015,^ESCTDI605660,,Diabetes mellitus insulin-glucose infusion in acute myocardial infarction
Coronary heart disease,451425016,308117007,451425016,8B27,8B27.00,Antianginal therapy
Coronary heart disease,1488440011,394724007,1488440011,8B3k,8B3k.00,Coronary heart disease medication review
Coronary heart disease,585631000000113,699245006,3082941013,^ESCTEM751900,,Emergency hospital admission for ischaemic heart disease
Coronary heart disease,585631000000113,699245006,3082941013,^ESCTEM751898,,Emergency hospital admission for ischaemic heart disease
Coronary heart disease,585631000000113,699245006,3082941013,8H2V,8H2V.00,Emergency hospital admission for ischaemic heart disease
Coronary heart disease,585631000000113,699245006,3082941013,^ESCT1249070,,Emergency hospital admission for ischaemic heart disease
Coronary heart disease,2534664018,414545008,2534664018,Gyu3,Gyu3.00,Ischaemic heart disease
Coronary heart disease,2534664018,414545008,2534664018,^ESCTIH686026,,Ischaemic heart disease
Coronary heart disease,2534664018,414545008,2534664018,G31yz,G31yz00,Ischaemic heart disease
Coronary heart disease,2534664018,414545008,2534664018,Gyu32,Gyu3200,Ischaemic heart disease
Coronary heart disease,2534664018,414545008,2534664018,G31,G31..00,Ischaemic heart disease
Coronary heart disease,2534664018,414545008,2534664018,G3y,G3y..00,Ischaemic heart disease
Coronary heart disease,2534664018,414545008,2534664018,G3,G3...00,Ischaemic heart disease
Coronary heart disease,2534664018,414545008,2534664018,G3-3,G3...13,Ischaemic heart disease
Coronary heart disease,2534664018,414545008,2534664018,G31y,G31y.00,Ischaemic heart disease
Coronary heart disease,2534664018,414545008,2534664018,^ESCTIS686025,,Ischaemic heart disease
Coronary heart disease,2534664018,414545008,2534664018,G3z,G3z..00,Ischaemic heart disease
Coronary heart disease,2536393012,443502000,2842265012,G3-1,G3...11,Arteriosclerotic heart disease
Coronary heart disease,2536393012,443502000,2842265012,^ESCTAT727849,,Arteriosclerotic heart disease
Coronary heart disease,2536393012,443502000,2842265012,G3-2,G3...12,Arteriosclerotic heart disease
Coronary heart disease,2536393012,443502000,2842265012,G340,G340.00,Arteriosclerotic heart disease
Coronary heart disease,89332015,443502000,2842265012,G3-1,G3...11,Atherosclerotic heart disease
Coronary heart disease,89332015,443502000,2842265012,^ESCTAT727849,,Atherosclerotic heart disease
Coronary heart disease,89332015,443502000,2842265012,G3-2,G3...12,Atherosclerotic heart disease
Coronary heart disease,89332015,443502000,2842265012,G340,G340.00,Atherosclerotic heart disease
Coronary heart disease,2537480011,414545008,2537480011,Gyu3,Gyu3.00,IHD - Ischaemic heart disease
Coronary heart disease,2537480011,414545008,2537480011,^ESCTIH686026,,IHD - Ischaemic heart disease
Coronary heart disease,2537480011,414545008,2537480011,G31yz,G31yz00,IHD - Ischaemic heart disease
Coronary heart disease,2537480011,414545008,2537480011,Gyu32,Gyu3200,IHD - Ischaemic heart disease
Coronary heart disease,2537480011,414545008,2537480011,G31,G31..00,IHD - Ischaemic heart disease
Coronary heart disease,2537480011,414545008,2537480011,G3y,G3y..00,IHD - Ischaemic heart disease
Coronary heart disease,2537480011,414545008,2537480011,G3,G3...00,IHD - Ischaemic heart disease
Coronary heart disease,2537480011,414545008,2537480011,G3-3,G3...13,IHD - Ischaemic heart disease
Coronary heart disease,2537480011,414545008,2537480011,G31y,G31y.00,IHD - Ischaemic heart disease
Coronary heart disease,2537480011,414545008,2537480011,^ESCTIS686025,,IHD - Ischaemic heart disease
Coronary heart disease,2537480011,414545008,2537480011,G3z,G3z..00,IHD - Ischaemic heart disease
Coronary heart disease,94884017,57054005,94884017,G30y,G30y.00,Acute myocardial infarction
Coronary heart disease,94884017,57054005,94884017,G30yz,G30yz00,Acute myocardial infarction
Coronary heart disease,94884017,57054005,94884017,G30z,G30z.00,Acute myocardial infarction
Coronary heart disease,94884017,57054005,94884017,^ESCTAM342720,,Acute myocardial infarction
Coronary heart disease,94884017,57054005,94884017,G30X,G30X.00,Acute myocardial infarction
Coronary heart disease,94884017,57054005,94884017,G30-99,G30..99,Acute myocardial infarction
Coronary heart disease,94884017,57054005,94884017,G30-5,G30..15,Acute myocardial infarction
Coronary heart disease,94884017,57054005,94884017,G30,G30..00,Acute myocardial infarction
Coronary heart disease,94884017,57054005,94884017,G30-98,G30..98,Acute myocardial infarction
Coronary heart disease,94884017,57054005,94884017,Gyu34,Gyu3400,Acute myocardial infarction
Coronary heart disease,219521000000119,22298006,37443015,G30-1,G30..11,Attack - heart
Coronary heart disease,219521000000119,22298006,37443015,^ESCTMY285535,,Attack - heart
Coronary heart disease,219521000000119,22298006,37443015,^ESCTMY285530,,Attack - heart
Coronary heart disease,219521000000119,22298006,37443015,^ESCTIN285531,,Attack - heart
Coronary heart disease,219521000000119,22298006,37443015,G30-4,G30..14,Attack - heart
Coronary heart disease,219521000000119,22298006,37443015,^ESCTMI285534,,Attack - heart
Coronary heart disease,219521000000119,22298006,37443015,^ESCTCA285532,,Attack - heart
Coronary heart disease,1786197015,398274000,1786197015,^ESCTCO660112,,Coronary thrombosis
Coronary heart disease,1786197015,398274000,1786197015,^ESCTCT660113,,Coronary thrombosis
Coronary heart disease,1786197015,398274000,1786197015,G30-2,G30..12,Coronary thrombosis
Coronary heart disease,1786197015,398274000,1786197015,G30-6,G30..16,Coronary thrombosis
Coronary heart disease,537751000006115,233847009,350383019,G30-3,G30..13,Cardiac rupture after acute myocardial infarction
Coronary heart disease,537751000006115,233847009,350383019,^ESCT1222130,,Cardiac rupture after acute myocardial infarction
Coronary heart disease,37443015,22298006,37443015,G30-1,G30..11,Heart attack
Coronary heart disease,37443015,22298006,37443015,^ESCTMY285535,,Heart attack
Coronary heart disease,37443015,22298006,37443015,^ESCTMY285530,,Heart attack
Coronary heart disease,37443015,22298006,37443015,^ESCTIN285531,,Heart attack
Coronary heart disease,37443015,22298006,37443015,G30-4,G30..14,Heart attack
Coronary heart disease,37443015,22298006,37443015,^ESCTMI285534,,Heart attack
Coronary heart disease,37443015,22298006,37443015,^ESCTCA285532,,Heart attack
Coronary heart disease,219531000000117,57054005,94884017,G30y,G30y.00,MI - acute myocardial infarction
Coronary heart disease,219531000000117,57054005,94884017,G30yz,G30yz00,MI - acute myocardial infarction
Coronary heart disease,219531000000117,57054005,94884017,G30z,G30z.00,MI - acute myocardial infarction
Coronary heart disease,219531000000117,57054005,94884017,^ESCTAM342720,,MI - acute myocardial infarction
Coronary heart disease,219531000000117,57054005,94884017,G30X,G30X.00,MI - acute myocardial infarction
Coronary heart disease,219531000000117,57054005,94884017,G30-99,G30..99,MI - acute myocardial infarction
Coronary heart disease,219531000000117,57054005,94884017,G30-5,G30..15,MI - acute myocardial infarction
Coronary heart disease,219531000000117,57054005,94884017,G30,G30..00,MI - acute myocardial infarction
Coronary heart disease,219531000000117,57054005,94884017,G30-98,G30..98,MI - acute myocardial infarction
Coronary heart disease,219531000000117,57054005,94884017,Gyu34,Gyu3400,MI - acute myocardial infarction
Coronary heart disease,1786198013,398274000,1786198013,^ESCTCO660112,,Thrombosis - coronary
Coronary heart disease,1786198013,398274000,1786198013,^ESCTCT660113,,Thrombosis - coronary
Coronary heart disease,1786198013,398274000,1786198013,G30-2,G30..12,Thrombosis - coronary
Coronary heart disease,1786198013,398274000,1786198013,G30-6,G30..16,Thrombosis - coronary
Coronary heart disease,350376014,233843008,350376014,^ESCTMI505646,,Silent myocardial infarction
Coronary heart disease,350376014,233843008,350376014,G30-7,G30..17,Silent myocardial infarction
Coronary heart disease,455641000006112,70211005,1233238016,G300,G300.00,Acute anterolateral myocardial infarction
Coronary heart disease,455641000006112,70211005,1233238016,^ESCTAC364164,,Acute anterolateral myocardial infarction
Coronary heart disease,299707016,54329005,1231324017,G301,G301.00,Acute anterior myocardial infarction
Coronary heart disease,299707016,54329005,1231324017,G301z,G301z00,Acute anterior myocardial infarction
Coronary heart disease,299707016,54329005,1231324017,^ESCTAC338160,,Acute anterior myocardial infarction
Coronary heart disease,299708014,52035003,3038718019,^ESCTAC334347,,Acute anteroapical infarction
Coronary heart disease,299708014,52035003,3038718019,G3010,G301000,Acute anteroapical infarction
Coronary heart disease,455651000006114,62695002,104192010,G3011,G301100,Acute anteroseptal myocardial infarction
Coronary heart disease,299709018,54329005,1231324017,G301,G301.00,Anterior myocardial infarction NOS
Coronary heart disease,299709018,54329005,1231324017,G301z,G301z00,Anterior myocardial infarction NOS
Coronary heart disease,299709018,54329005,1231324017,^ESCTAC338160,,Anterior myocardial infarction NOS
Coronary heart disease,457531000006110,65547006,1232697013,^ESCTAC356587,,Acute inferolateral myocardial infarction
Coronary heart disease,457531000006110,65547006,1232697013,G302,G302.00,Acute inferolateral myocardial infarction
Coronary heart disease,1234005010,76593002,1234005010,G303,G303.00,Acute inferoposterior infarction
Coronary heart disease,1234005010,76593002,1234005010,^ESCTAC374574,,Acute inferoposterior infarction
Coronary heart disease,299710011,233838001,350371016,G304,G304.00,Acute posterior myocardial infarction
Coronary heart disease,299711010,58612006,1231860015,G305,G305.00,Acute lateral myocardial infarction
Coronary heart disease,299711010,58612006,1231860015,^ESCTAC345218,,Acute lateral myocardial infarction
Coronary heart disease,299712015,194802003,299712015,G306,G306.00,True posterior myocardial infarction
Coronary heart disease,299712015,194802003,299712015,^ESCTTR477588,,True posterior myocardial infarction
Coronary heart disease,116992017,70422006,116992017,^ESCTAC364535,,Acute subendocardial infarction
Coronary heart disease,116992017,70422006,116992017,G307,G307.00,Acute subendocardial infarction
Coronary heart disease,450322013,307140009,450322013,G3070,G307000,Acute non-Q wave infarction
Coronary heart disease,1780501013,401314000,1780501013,^ESCTNS665139,,Acute non-ST segment elevation myocardial infarction
Coronary heart disease,1780501013,401314000,1780501013,G3071,G307100,Acute non-ST segment elevation myocardial infarction
Coronary heart disease,299714019,73795002,122557015,^ESCTAC369991,,Acute myocardial infarction of inferior wall
Coronary heart disease,299714019,73795002,122557015,G308,G308.00,Acute myocardial infarction of inferior wall
Coronary heart disease,299714019,73795002,122557015,^ESCTAC369992,,Acute myocardial infarction of inferior wall
Coronary heart disease,447324018,304914007,447324018,^ESCTAC593532,,Acute Q-wave infarct
Coronary heart disease,447324018,304914007,447324018,G309,G309.00,Acute Q-wave infarct
Coronary heart disease,1235655012,91335003,1235655012,^ESCTEN398394,,Mural thrombosis
Coronary heart disease,1235655012,91335003,1235655012,^ESCTMU398393,,Mural thrombosis
Coronary heart disease,1235655012,91335003,1235655012,G30A,G30A.00,Mural thrombosis
Coronary heart disease,967931000006114,15990001,27071012,G30B,G30B.00,Acute myocardial infarction of posterolateral wall
Coronary heart disease,460681000006116,57054005,94884017,G30y,G30y.00,Acute transmural myocardial infarction of unspecif site
Coronary heart disease,460681000006116,57054005,94884017,G30yz,G30yz00,Acute transmural myocardial infarction of unspecif site
Coronary heart disease,460681000006116,57054005,94884017,G30z,G30z.00,Acute transmural myocardial infarction of unspecif site
Coronary heart disease,460681000006116,57054005,94884017,^ESCTAM342720,,Acute transmural myocardial infarction of unspecif site
Coronary heart disease,460681000006116,57054005,94884017,G30X,G30X.00,Acute transmural myocardial infarction of unspecif site
Coronary heart disease,460681000006116,57054005,94884017,G30-99,G30..99,Acute transmural myocardial infarction of unspecif site
Coronary heart disease,460681000006116,57054005,94884017,G30-5,G30..15,Acute transmural myocardial infarction of unspecif site
Coronary heart disease,460681000006116,57054005,94884017,G30,G30..00,Acute transmural myocardial infarction of unspecif site
Coronary heart disease,460681000006116,57054005,94884017,G30-98,G30..98,Acute transmural myocardial infarction of unspecif site
Coronary heart disease,460681000006116,57054005,94884017,Gyu34,Gyu3400,Acute transmural myocardial infarction of unspecif site
Coronary heart disease,1780491019,401303003,1780491019,^ESCTST665122,,Acute ST segment elevation myocardial infarction
Coronary heart disease,1780491019,401303003,1780491019,G30X0,G30X000,Acute ST segment elevation myocardial infarction
Coronary heart disease,299718016,57054005,94884017,G30y,G30y.00,Other acute myocardial infarction
Coronary heart disease,299718016,57054005,94884017,G30yz,G30yz00,Other acute myocardial infarction
Coronary heart disease,299718016,57054005,94884017,G30z,G30z.00,Other acute myocardial infarction
Coronary heart disease,299718016,57054005,94884017,^ESCTAM342720,,Other acute myocardial infarction
Coronary heart disease,299718016,57054005,94884017,G30X,G30X.00,Other acute myocardial infarction
Coronary heart disease,299718016,57054005,94884017,G30-99,G30..99,Other acute myocardial infarction
Coronary heart disease,299718016,57054005,94884017,G30-5,G30..15,Other acute myocardial infarction
Coronary heart disease,299718016,57054005,94884017,G30,G30..00,Other acute myocardial infarction
Coronary heart disease,299718016,57054005,94884017,G30-98,G30..98,Other acute myocardial infarction
Coronary heart disease,299718016,57054005,94884017,Gyu34,Gyu3400,Other acute myocardial infarction
Coronary heart disease,299719012,194809007,299719012,G30y0,G30y000,Acute atrial infarction
Coronary heart disease,299719012,194809007,299719012,^ESCTAC477589,,Acute atrial infarction
Coronary heart disease,1218860015,10273003,1218860015,^ESCTAC266344,,Acute papillary muscle infarction
Coronary heart disease,1218860015,10273003,1218860015,G30y1,G30y100,Acute papillary muscle infarction
Coronary heart disease,1234306015,79009004,1234306015,^ESCTAC378491,,Acute septal infarction
Coronary heart disease,1234306015,79009004,1234306015,^ESCTAC378492,,Acute septal infarction
Coronary heart disease,1234306015,79009004,1234306015,G30y2,G30y200,Acute septal infarction
Coronary heart disease,299720018,57054005,94884017,G30y,G30y.00,Other acute myocardial infarction NOS
Coronary heart disease,299720018,57054005,94884017,G30yz,G30yz00,Other acute myocardial infarction NOS
Coronary heart disease,299720018,57054005,94884017,G30z,G30z.00,Other acute myocardial infarction NOS
Coronary heart disease,299720018,57054005,94884017,^ESCTAM342720,,Other acute myocardial infarction NOS
Coronary heart disease,299720018,57054005,94884017,G30X,G30X.00,Other acute myocardial infarction NOS
Coronary heart disease,299720018,57054005,94884017,G30-99,G30..99,Other acute myocardial infarction NOS
Coronary heart disease,299720018,57054005,94884017,G30-5,G30..15,Other acute myocardial infarction NOS
Coronary heart disease,299720018,57054005,94884017,G30,G30..00,Other acute myocardial infarction NOS
Coronary heart disease,299720018,57054005,94884017,G30-98,G30..98,Other acute myocardial infarction NOS
Coronary heart disease,299720018,57054005,94884017,Gyu34,Gyu3400,Other acute myocardial infarction NOS
Coronary heart disease,299721019,57054005,94884017,G30y,G30y.00,Acute myocardial infarction NOS
Coronary heart disease,299721019,57054005,94884017,G30yz,G30yz00,Acute myocardial infarction NOS
Coronary heart disease,299721019,57054005,94884017,G30z,G30z.00,Acute myocardial infarction NOS
Coronary heart disease,299721019,57054005,94884017,^ESCTAM342720,,Acute myocardial infarction NOS
Coronary heart disease,299721019,57054005,94884017,G30X,G30X.00,Acute myocardial infarction NOS
Coronary heart disease,299721019,57054005,94884017,G30-99,G30..99,Acute myocardial infarction NOS
Coronary heart disease,299721019,57054005,94884017,G30-5,G30..15,Acute myocardial infarction NOS
Coronary heart disease,299721019,57054005,94884017,G30,G30..00,Acute myocardial infarction NOS
Coronary heart disease,299721019,57054005,94884017,G30-98,G30..98,Acute myocardial infarction NOS
Coronary heart disease,299721019,57054005,94884017,Gyu34,Gyu3400,Acute myocardial infarction NOS
Coronary heart disease,39111000006114,414545008,2534663012,Gyu3,Gyu3.00,Other acute and subacute ischaemic heart disease
Coronary heart disease,39111000006114,414545008,2534663012,^ESCTIH686026,,Other acute and subacute ischaemic heart disease
Coronary heart disease,39111000006114,414545008,2534663012,G31yz,G31yz00,Other acute and subacute ischaemic heart disease
Coronary heart disease,39111000006114,414545008,2534663012,Gyu32,Gyu3200,Other acute and subacute ischaemic heart disease
Coronary heart disease,39111000006114,414545008,2534663012,G31,G31..00,Other acute and subacute ischaemic heart disease
Coronary heart disease,39111000006114,414545008,2534663012,G3y,G3y..00,Other acute and subacute ischaemic heart disease
Coronary heart disease,39111000006114,414545008,2534663012,G3,G3...00,Other acute and subacute ischaemic heart disease
Coronary heart disease,39111000006114,414545008,2534663012,G3-3,G3...13,Other acute and subacute ischaemic heart disease
Coronary heart disease,39111000006114,414545008,2534663012,G31y,G31y.00,Other acute and subacute ischaemic heart disease
Coronary heart disease,39111000006114,414545008,2534663012,^ESCTIS686025,,Other acute and subacute ischaemic heart disease
Coronary heart disease,39111000006114,414545008,2534663012,G3z,G3z..00,Other acute and subacute ischaemic heart disease
Coronary heart disease,109915012,66189004,500341014,^ESCTPO357639,,Post-myocardial infarction syndrome
Coronary heart disease,109915012,66189004,500341014,G310-1,G310.11,Post-myocardial infarction syndrome
Coronary heart disease,109915012,66189004,500341014,^ESCTPO357637,,Post-myocardial infarction syndrome
Coronary heart disease,109915012,66189004,500341014,G310,G310.00,Post-myocardial infarction syndrome
Coronary heart disease,109916013,66189004,109916013,^ESCTPO357639,,Dressler's syndrome
Coronary heart disease,109916013,66189004,109916013,G310-1,G310.11,Dressler's syndrome
Coronary heart disease,109916013,66189004,109916013,^ESCTPO357637,,Dressler's syndrome
Coronary heart disease,109916013,66189004,109916013,G310,G310.00,Dressler's syndrome
Coronary heart disease,7844010,4557003,494262012,G311-3,G311.13,Preinfarction syndrome
Coronary heart disease,7844010,4557003,494262012,^ESCTIN257153,,Preinfarction syndrome
Coronary heart disease,7844010,4557003,494262012,^ESCTPR257157,,Preinfarction syndrome
Coronary heart disease,7844010,4557003,494262012,G311z,G311z00,Preinfarction syndrome
Coronary heart disease,7844010,4557003,494262012,G3111,G311100,Preinfarction syndrome
Coronary heart disease,7844010,4557003,494262012,G3114,G311400,Preinfarction syndrome
Coronary heart disease,7844010,4557003,494262012,G311-1,G311.11,Preinfarction syndrome
Coronary heart disease,7844010,4557003,494262012,^ESCTPR257156,,Preinfarction syndrome
Coronary heart disease,7844010,4557003,494262012,G311,G311.00,Preinfarction syndrome
Coronary heart disease,7847015,4557003,7847015,G311-3,G311.13,Crescendo angina
Coronary heart disease,7847015,4557003,7847015,^ESCTIN257153,,Crescendo angina
Coronary heart disease,7847015,4557003,7847015,^ESCTPR257157,,Crescendo angina
Coronary heart disease,7847015,4557003,7847015,G311z,G311z00,Crescendo angina
Coronary heart disease,7847015,4557003,7847015,G3111,G311100,Crescendo angina
Coronary heart disease,7847015,4557003,7847015,G3114,G311400,Crescendo angina
Coronary heart disease,7847015,4557003,7847015,G311-1,G311.11,Crescendo angina
Coronary heart disease,7847015,4557003,7847015,^ESCTPR257156,,Crescendo angina
Coronary heart disease,7847015,4557003,7847015,G311,G311.00,Crescendo angina
Coronary heart disease,494260016,25106000,42087013,G311-2,G311.12,Impending infarction
Coronary heart disease,72571000006115,4557003,7845011,G311-3,G311.13,Unstable angina
Coronary heart disease,72571000006115,4557003,7845011,^ESCTIN257153,,Unstable angina
Coronary heart disease,72571000006115,4557003,7845011,^ESCTPR257157,,Unstable angina
Coronary heart disease,72571000006115,4557003,7845011,G311z,G311z00,Unstable angina
Coronary heart disease,72571000006115,4557003,7845011,G3111,G311100,Unstable angina
Coronary heart disease,72571000006115,4557003,7845011,G3114,G311400,Unstable angina
Coronary heart disease,72571000006115,4557003,7845011,G311-1,G311.11,Unstable angina
Coronary heart disease,72571000006115,4557003,7845011,^ESCTPR257156,,Unstable angina
Coronary heart disease,72571000006115,4557003,7845011,G311,G311.00,Unstable angina
Coronary heart disease,482811000006113,59021001,498328016,G330z,G330z00,Angina at rest
Coronary heart disease,482811000006113,59021001,498328016,^ESCTAN345879,,Angina at rest
Coronary heart disease,482811000006113,59021001,498328016,G311-4,G311.14,Angina at rest
Coronary heart disease,482811000006113,59021001,498328016,G3112,G311200,Angina at rest
Coronary heart disease,482811000006113,59021001,498328016,G330,G330.00,Angina at rest
Coronary heart disease,682481000006118,194821006,2619484018,^ESCTAB477593,,Myocardial infarction aborted
Coronary heart disease,682481000006118,194821006,2619484018,G3110,G311000,Myocardial infarction aborted
Coronary heart disease,682481000006118,194821006,2619484018,G3110-1,G311011,Myocardial infarction aborted
Coronary heart disease,682481000006118,194821006,2619484018,G312,G312.00,Myocardial infarction aborted
Coronary heart disease,2619484018,194821006,2619484018,^ESCTAB477593,,MI - Myocardial infarction aborted
Coronary heart disease,2619484018,194821006,2619484018,G3110,G311000,MI - Myocardial infarction aborted
Coronary heart disease,2619484018,194821006,2619484018,G3110-1,G311011,MI - Myocardial infarction aborted
Coronary heart disease,2619484018,194821006,2619484018,G312,G312.00,MI - Myocardial infarction aborted
Coronary heart disease,7845011,4557003,7845011,G311-3,G311.13,Unstable angina
Coronary heart disease,7845011,4557003,7845011,^ESCTIN257153,,Unstable angina
Coronary heart disease,7845011,4557003,7845011,^ESCTPR257157,,Unstable angina
Coronary heart disease,7845011,4557003,7845011,G311z,G311z00,Unstable angina
Coronary heart disease,7845011,4557003,7845011,G3111,G311100,Unstable angina
Coronary heart disease,7845011,4557003,7845011,G3114,G311400,Unstable angina
Coronary heart disease,7845011,4557003,7845011,G311-1,G311.11,Unstable angina
Coronary heart disease,7845011,4557003,7845011,^ESCTPR257156,,Unstable angina
Coronary heart disease,7845011,4557003,7845011,G311,G311.00,Unstable angina
Coronary heart disease,498328016,59021001,498328016,G330z,G330z00,Angina at rest
Coronary heart disease,498328016,59021001,498328016,^ESCTAN345879,,Angina at rest
Coronary heart disease,498328016,59021001,498328016,G311-4,G311.14,Angina at rest
Coronary heart disease,498328016,59021001,498328016,G3112,G311200,Angina at rest
Coronary heart disease,498328016,59021001,498328016,G330,G330.00,Angina at rest
Coronary heart disease,459487012,315025001,459487012,G3113,G311300,Refractory angina
Coronary heart disease,494261017,4557003,494261017,G311-3,G311.13,Worsening angina
Coronary heart disease,494261017,4557003,494261017,^ESCTIN257153,,Worsening angina
Coronary heart disease,494261017,4557003,494261017,^ESCTPR257157,,Worsening angina
Coronary heart disease,494261017,4557003,494261017,G311z,G311z00,Worsening angina
Coronary heart disease,494261017,4557003,494261017,G3111,G311100,Worsening angina
Coronary heart disease,494261017,4557003,494261017,G3114,G311400,Worsening angina
Coronary heart disease,494261017,4557003,494261017,G311-1,G311.11,Worsening angina
Coronary heart disease,494261017,4557003,494261017,^ESCTPR257156,,Worsening angina
Coronary heart disease,494261017,4557003,494261017,G311,G311.00,Worsening angina
Coronary heart disease,1488382011,394659003,1488382011,^ESCTAC654611,,Acute coronary syndrome
Coronary heart disease,1488382011,394659003,1488382011,G3115,G311500,Acute coronary syndrome
Coronary heart disease,299741012,4557003,7844010,G311-3,G311.13,Preinfarction syndrome
Coronary heart disease,299741012,4557003,7844010,^ESCTIN257153,,Preinfarction syndrome
Coronary heart disease,299741012,4557003,7844010,^ESCTPR257157,,Preinfarction syndrome
Coronary heart disease,299741012,4557003,7844010,G311z,G311z00,Preinfarction syndrome
Coronary heart disease,299741012,4557003,7844010,G3111,G311100,Preinfarction syndrome
Coronary heart disease,299741012,4557003,7844010,G3114,G311400,Preinfarction syndrome
Coronary heart disease,299741012,4557003,7844010,G311-1,G311.11,Preinfarction syndrome
Coronary heart disease,299741012,4557003,7844010,^ESCTPR257156,,Preinfarction syndrome
Coronary heart disease,299741012,4557003,7844010,G311,G311.00,Preinfarction syndrome
Coronary heart disease,299742017,194821006,299742017,^ESCTAB477593,,Coronary thrombosis not resulting in myocardial infarction
Coronary heart disease,299742017,194821006,299742017,G3110,G311000,Coronary thrombosis not resulting in myocardial infarction
Coronary heart disease,299742017,194821006,299742017,G3110-1,G311011,Coronary thrombosis not resulting in myocardial infarction
Coronary heart disease,299742017,194821006,299742017,G312,G312.00,Coronary thrombosis not resulting in myocardial infarction
Coronary heart disease,299723016,414545008,2534663012,Gyu3,Gyu3.00,Other acute and subacute ischaemic heart disease
Coronary heart disease,299723016,414545008,2534663012,^ESCTIH686026,,Other acute and subacute ischaemic heart disease
Coronary heart disease,299723016,414545008,2534663012,G31yz,G31yz00,Other acute and subacute ischaemic heart disease
Coronary heart disease,299723016,414545008,2534663012,Gyu32,Gyu3200,Other acute and subacute ischaemic heart disease
Coronary heart disease,299723016,414545008,2534663012,G31,G31..00,Other acute and subacute ischaemic heart disease
Coronary heart disease,299723016,414545008,2534663012,G3y,G3y..00,Other acute and subacute ischaemic heart disease
Coronary heart disease,299723016,414545008,2534663012,G3,G3...00,Other acute and subacute ischaemic heart disease
Coronary heart disease,299723016,414545008,2534663012,G3-3,G3...13,Other acute and subacute ischaemic heart disease
Coronary heart disease,299723016,414545008,2534663012,G31y,G31y.00,Other acute and subacute ischaemic heart disease
Coronary heart disease,299723016,414545008,2534663012,^ESCTIS686025,,Other acute and subacute ischaemic heart disease
Coronary heart disease,299723016,414545008,2534663012,G3z,G3z..00,Other acute and subacute ischaemic heart disease
Coronary heart disease,299745015,194823009,299745015,G31y0,G31y000,Acute coronary insufficiency
Coronary heart disease,299745015,194823009,299745015,G31y0-99,G31y099,Acute coronary insufficiency
Coronary heart disease,1229885017,42531007,1229885017,^ESCTMI318577,,Microinfarction of heart
Coronary heart disease,1229885017,42531007,1229885017,G31y1,G31y100,Microinfarction of heart
Coronary heart disease,494438016,46109009,494438016,G31y2,G31y200,Subendocardial ischaemia
Coronary heart disease,494438016,46109009,494438016,^ESCTSU324470,,Subendocardial ischaemia
Coronary heart disease,459488019,315026000,459488019,G31y3,G31y300,Transient myocardial ischaemia
Coronary heart disease,459488019,315026000,459488019,^ESCTTR605307,,Transient myocardial ischaemia
Coronary heart disease,299750014,414545008,2534663012,Gyu3,Gyu3.00,Other acute and subacute ischaemic heart disease NOS
Coronary heart disease,299750014,414545008,2534663012,^ESCTIH686026,,Other acute and subacute ischaemic heart disease NOS
Coronary heart disease,299750014,414545008,2534663012,G31yz,G31yz00,Other acute and subacute ischaemic heart disease NOS
Coronary heart disease,299750014,414545008,2534663012,Gyu32,Gyu3200,Other acute and subacute ischaemic heart disease NOS
Coronary heart disease,299750014,414545008,2534663012,G31,G31..00,Other acute and subacute ischaemic heart disease NOS
Coronary heart disease,299750014,414545008,2534663012,G3y,G3y..00,Other acute and subacute ischaemic heart disease NOS
Coronary heart disease,299750014,414545008,2534663012,G3,G3...00,Other acute and subacute ischaemic heart disease NOS
Coronary heart disease,299750014,414545008,2534663012,G3-3,G3...13,Other acute and subacute ischaemic heart disease NOS
Coronary heart disease,299750014,414545008,2534663012,G31y,G31y.00,Other acute and subacute ischaemic heart disease NOS
Coronary heart disease,299750014,414545008,2534663012,^ESCTIS686025,,Other acute and subacute ischaemic heart disease NOS
Coronary heart disease,299750014,414545008,2534663012,G3z,G3z..00,Other acute and subacute ischaemic heart disease NOS
Coronary heart disease,4031011,1755008,4031011,G32-1,G32..11,Old myocardial infarction
Coronary heart disease,4031011,1755008,4031011,G32,G32..00,Old myocardial infarction
Coronary heart disease,4031011,1755008,4031011,^ESCTHE252635,,Old myocardial infarction
Coronary heart disease,4032016,1755008,4032016,G32-1,G32..11,Healed myocardial infarction
Coronary heart disease,4032016,1755008,4032016,G32,G32..00,Healed myocardial infarction
Coronary heart disease,4032016,1755008,4032016,^ESCTHE252635,,Healed myocardial infarction
Coronary heart disease,230021000006115,399211009,2986492018,^ESCTPA661919,,Personal history of myocardial infarction
Coronary heart disease,230021000006115,399211009,2986492018,^ESCTPR661920,,Personal history of myocardial infarction
Coronary heart disease,230021000006115,399211009,2986492018,G32-2,G32..12,Personal history of myocardial infarction
Coronary heart disease,230021000006115,399211009,2986492018,14AT,14AT.00,Personal history of myocardial infarction
Coronary heart disease,299757012,194828000,299757012,G33zz,G33zz00,Angina pectoris
Coronary heart disease,299757012,194828000,299757012,Gyu30,Gyu3000,Angina pectoris
Coronary heart disease,299757012,194828000,299757012,^ESCTAN477600,,Angina pectoris
Coronary heart disease,299757012,194828000,299757012,^ESCTAN477597,,Angina pectoris
Coronary heart disease,299757012,194828000,299757012,^ESCTCA477598,,Angina pectoris
Coronary heart disease,299757012,194828000,299757012,^ESCTIS477603,,Angina pectoris
Coronary heart disease,299757012,194828000,299757012,^ESCTAP477601,,Angina pectoris
Coronary heart disease,299757012,194828000,299757012,G33z,G33z.00,Angina pectoris
Coronary heart disease,299757012,194828000,299757012,G33z1,G33z100,Angina pectoris
Coronary heart disease,299757012,194828000,299757012,G33,G33..00,Angina pectoris
Coronary heart disease,299757012,194828000,299757012,^ESCTIS477602,,Angina pectoris
Coronary heart disease,98087016,59021001,98087016,G330z,G330z00,Angina decubitus
Coronary heart disease,98087016,59021001,98087016,^ESCTAN345879,,Angina decubitus
Coronary heart disease,98087016,59021001,98087016,G311-4,G311.14,Angina decubitus
Coronary heart disease,98087016,59021001,98087016,G3112,G311200,Angina decubitus
Coronary heart disease,98087016,59021001,98087016,G330,G330.00,Angina decubitus
Coronary heart disease,59952018,35928006,59952018,G3300,G330000,Nocturnal angina
Coronary heart disease,299763015,59021001,98087016,G330z,G330z00,Angina decubitus NOS
Coronary heart disease,299763015,59021001,98087016,^ESCTAN345879,,Angina decubitus NOS
Coronary heart disease,299763015,59021001,98087016,G311-4,G311.14,Angina decubitus NOS
Coronary heart disease,299763015,59021001,98087016,G3112,G311200,Angina decubitus NOS
Coronary heart disease,299763015,59021001,98087016,G330,G330.00,Angina decubitus NOS
Coronary heart disease,482941000006119,194828000,299757012,G33zz,G33zz00,Angina pectoris NOS
Coronary heart disease,482941000006119,194828000,299757012,Gyu30,Gyu3000,Angina pectoris NOS
Coronary heart disease,482941000006119,194828000,299757012,^ESCTAN477600,,Angina pectoris NOS
Coronary heart disease,482941000006119,194828000,299757012,^ESCTAN477597,,Angina pectoris NOS
Coronary heart disease,482941000006119,194828000,299757012,^ESCTCA477598,,Angina pectoris NOS
Coronary heart disease,482941000006119,194828000,299757012,^ESCTIS477603,,Angina pectoris NOS
Coronary heart disease,482941000006119,194828000,299757012,^ESCTAP477601,,Angina pectoris NOS
Coronary heart disease,482941000006119,194828000,299757012,G33z,G33z.00,Angina pectoris NOS
Coronary heart disease,482941000006119,194828000,299757012,G33z1,G33z100,Angina pectoris NOS
Coronary heart disease,482941000006119,194828000,299757012,G33,G33..00,Angina pectoris NOS
Coronary heart disease,482941000006119,194828000,299757012,^ESCTIS477602,,Angina pectoris NOS
Coronary heart disease,32122016,19057007,32122016,G33z0,G33z000,Status anginosus
Coronary heart disease,299758019,194828000,299758019,G33zz,G33zz00,Stenocardia
Coronary heart disease,299758019,194828000,299758019,Gyu30,Gyu3000,Stenocardia
Coronary heart disease,299758019,194828000,299758019,^ESCTAN477600,,Stenocardia
Coronary heart disease,299758019,194828000,299758019,^ESCTAN477597,,Stenocardia
Coronary heart disease,299758019,194828000,299758019,^ESCTCA477598,,Stenocardia
Coronary heart disease,299758019,194828000,299758019,^ESCTIS477603,,Stenocardia
Coronary heart disease,299758019,194828000,299758019,^ESCTAP477601,,Stenocardia
Coronary heart disease,299758019,194828000,299758019,G33z,G33z.00,Stenocardia
Coronary heart disease,299758019,194828000,299758019,G33z1,G33z100,Stenocardia
Coronary heart disease,299758019,194828000,299758019,G33,G33..00,Stenocardia
Coronary heart disease,299758019,194828000,299758019,^ESCTIS477602,,Stenocardia
Coronary heart disease,36036010,21470009,36036010,G33z2,G33z200,Syncope anginosa
Coronary heart disease,442204010,300995000,442204010,^ESCTEX588763,,Angina on effort
Coronary heart disease,442204010,300995000,442204010,^ESCTEX588761,,Angina on effort
Coronary heart disease,442204010,300995000,442204010,^ESCTAN588764,,Angina on effort
Coronary heart disease,442204010,300995000,442204010,G33z3,G33z300,Angina on effort
Coronary heart disease,338974012,225566008,338974012,G33z4,G33z400,Ischaemic chest pain
Coronary heart disease,338974012,225566008,338974012,^ESCTIS494333,,Ischaemic chest pain
Coronary heart disease,458410010,314116003,458410010,G33z5,G33z500,Post infarct angina
Coronary heart disease,350350014,233821000,350350014,G33z6,G33z600,New onset angina
Coronary heart disease,350348018,233819005,350348018,G33z7,G33z700,Stable angina
Coronary heart disease,299765010,194828000,299757012,G33zz,G33zz00,Angina pectoris NOS
Coronary heart disease,299765010,194828000,299757012,Gyu30,Gyu3000,Angina pectoris NOS
Coronary heart disease,299765010,194828000,299757012,^ESCTAN477600,,Angina pectoris NOS
Coronary heart disease,299765010,194828000,299757012,^ESCTAN477597,,Angina pectoris NOS
Coronary heart disease,299765010,194828000,299757012,^ESCTCA477598,,Angina pectoris NOS
Coronary heart disease,299765010,194828000,299757012,^ESCTIS477603,,Angina pectoris NOS
Coronary heart disease,299765010,194828000,299757012,^ESCTAP477601,,Angina pectoris NOS
Coronary heart disease,299765010,194828000,299757012,G33z,G33z.00,Angina pectoris NOS
Coronary heart disease,299765010,194828000,299757012,G33z1,G33z100,Angina pectoris NOS
Coronary heart disease,299765010,194828000,299757012,G33,G33..00,Angina pectoris NOS
Coronary heart disease,299765010,194828000,299757012,^ESCTIS477602,,Angina pectoris NOS
Coronary heart disease,299776014,413838009,2534672016,G34z,G34z.00,Chronic ischaemic heart disease
Coronary heart disease,299776014,413838009,2534672016,G34y,G34y.00,Chronic ischaemic heart disease
Coronary heart disease,299776014,413838009,2534672016,Gyu33,Gyu3300,Chronic ischaemic heart disease
Coronary heart disease,299776014,413838009,2534672016,G34,G34..00,Chronic ischaemic heart disease
Coronary heart disease,299776014,413838009,2534672016,G34yz,G34yz00,Chronic ischaemic heart disease
Coronary heart disease,299776014,413838009,2534672016,^ESCTCH684776,,Chronic ischaemic heart disease
Coronary heart disease,595731000006114,443502000,2842265012,G3-1,G3...11,Coronary atherosclerosis
Coronary heart disease,595731000006114,443502000,2842265012,^ESCTAT727849,,Coronary atherosclerosis
Coronary heart disease,595731000006114,443502000,2842265012,G3-2,G3...12,Coronary atherosclerosis
Coronary heart disease,595731000006114,443502000,2842265012,G340,G340.00,Coronary atherosclerosis
Coronary heart disease,2536395017,53741008,2536395017,G340-2,G340.12,Coronary artery disease
Coronary heart disease,2536395017,53741008,2536395017,^ESCTCA337138,,Coronary artery disease
Coronary heart disease,2536395017,53741008,2536395017,^ESCTCO337142,,Coronary artery disease
Coronary heart disease,2536395017,53741008,2536395017,^ESCTCO337136,,Coronary artery disease
Coronary heart disease,2536395017,53741008,2536395017,^ESCTCO337140,,Coronary artery disease
Coronary heart disease,2536395017,53741008,2536395017,^ESCTCH337141,,Coronary artery disease
Coronary heart disease,2536395017,53741008,2536395017,^ESCTAR337137,,Coronary artery disease
Coronary heart disease,299796018,194849004,299796018,^ESCTGE477612,,Ischaemic cardiomyopathy
Coronary heart disease,299796018,194849004,299796018,G343,G343.00,Ischaemic cardiomyopathy
Coronary heart disease,299796018,194849004,299796018,^ESCTIS477614,,Ischaemic cardiomyopathy
Coronary heart disease,299796018,194849004,299796018,^ESCTGE477613,,Ischaemic cardiomyopathy
Coronary heart disease,350354017,233823002,350354017,^ESCTAS505625,,Silent myocardial ischaemia
Coronary heart disease,350354017,233823002,350354017,^ESCTSI505624,,Silent myocardial ischaemia
Coronary heart disease,350354017,233823002,350354017,^ESCTAS505626,,Silent myocardial ischaemia
Coronary heart disease,350354017,233823002,350354017,G344,G344.00,Silent myocardial ischaemia
Coronary heart disease,299800012,413838009,2534671011,G34z,G34z.00,Other specified chronic ischaemic heart disease
Coronary heart disease,299800012,413838009,2534671011,G34y,G34y.00,Other specified chronic ischaemic heart disease
Coronary heart disease,299800012,413838009,2534671011,Gyu33,Gyu3300,Other specified chronic ischaemic heart disease
Coronary heart disease,299800012,413838009,2534671011,G34,G34..00,Other specified chronic ischaemic heart disease
Coronary heart disease,299800012,413838009,2534671011,G34yz,G34yz00,Other specified chronic ischaemic heart disease
Coronary heart disease,299800012,413838009,2534671011,^ESCTCH684776,,Other specified chronic ischaemic heart disease
Coronary heart disease,2537483013,413844008,2537483013,^ESCTCH684787,,Chronic coronary insufficiency
Coronary heart disease,2537483013,413844008,2537483013,G34y1,G34y100,Chronic coronary insufficiency
Coronary heart disease,2537483013,413844008,2537483013,G34y0,G34y000,Chronic coronary insufficiency
Coronary heart disease,2534674015,413844008,2534674015,^ESCTCH684787,,Chronic myocardial ischaemia
Coronary heart disease,2534674015,413844008,2534674015,G34y1,G34y100,Chronic myocardial ischaemia
Coronary heart disease,2534674015,413844008,2534674015,G34y0,G34y000,Chronic myocardial ischaemia
Coronary heart disease,299804015,413838009,2534671011,G34z,G34z.00,Other specified chronic ischaemic heart disease NOS
Coronary heart disease,299804015,413838009,2534671011,G34y,G34y.00,Other specified chronic ischaemic heart disease NOS
Coronary heart disease,299804015,413838009,2534671011,Gyu33,Gyu3300,Other specified chronic ischaemic heart disease NOS
Coronary heart disease,299804015,413838009,2534671011,G34,G34..00,Other specified chronic ischaemic heart disease NOS
Coronary heart disease,299804015,413838009,2534671011,G34yz,G34yz00,Other specified chronic ischaemic heart disease NOS
Coronary heart disease,299804015,413838009,2534671011,^ESCTCH684776,,Other specified chronic ischaemic heart disease NOS
Coronary heart disease,299805019,413838009,2534672016,G34z,G34z.00,Other chronic ischaemic heart disease NOS
Coronary heart disease,299805019,413838009,2534672016,G34y,G34y.00,Other chronic ischaemic heart disease NOS
Coronary heart disease,299805019,413838009,2534672016,Gyu33,Gyu3300,Other chronic ischaemic heart disease NOS
Coronary heart disease,299805019,413838009,2534672016,G34,G34..00,Other chronic ischaemic heart disease NOS
Coronary heart disease,299805019,413838009,2534672016,G34yz,G34yz00,Other chronic ischaemic heart disease NOS
Coronary heart disease,299805019,413838009,2534672016,^ESCTCH684776,,Other chronic ischaemic heart disease NOS
Coronary heart disease,459859010,315348000,459859010,G34z0,G34z000,Asymptomatic coronary heart disease
Coronary heart disease,299808017,194856005,299808017,G353,G353.00,Subsequent myocardial infarction
Coronary heart disease,299808017,194856005,299808017,G35X,G35X.00,Subsequent myocardial infarction
Coronary heart disease,299808017,194856005,299808017,^ESCTRE477617,,Subsequent myocardial infarction
Coronary heart disease,299808017,194856005,299808017,Gyu35,Gyu3500,Subsequent myocardial infarction
Coronary heart disease,299808017,194856005,299808017,G35,G35..00,Subsequent myocardial infarction
Coronary heart disease,299808017,194856005,299808017,Gyu36,Gyu3600,Subsequent myocardial infarction
Coronary heart disease,299811016,194857001,299811016,G350,G350.00,Subsequent myocardial infarction of anterior wall
Coronary heart disease,299812011,194858006,299812011,G351,G351.00,Subsequent myocardial infarction of inferior wall
Coronary heart disease,299813018,194856005,299808017,G353,G353.00,Subsequent myocardial infarction of other sites
Coronary heart disease,299813018,194856005,299808017,G35X,G35X.00,Subsequent myocardial infarction of other sites
Coronary heart disease,299813018,194856005,299808017,^ESCTRE477617,,Subsequent myocardial infarction of other sites
Coronary heart disease,299813018,194856005,299808017,Gyu35,Gyu3500,Subsequent myocardial infarction of other sites
Coronary heart disease,299813018,194856005,299808017,G35,G35..00,Subsequent myocardial infarction of other sites
Coronary heart disease,299813018,194856005,299808017,Gyu36,Gyu3600,Subsequent myocardial infarction of other sites
Coronary heart disease,118831000006118,194856005,299808017,G353,G353.00,Subsequent myocardial infarction of unspecified site
Coronary heart disease,118831000006118,194856005,299808017,G35X,G35X.00,Subsequent myocardial infarction of unspecified site
Coronary heart disease,118831000006118,194856005,299808017,^ESCTRE477617,,Subsequent myocardial infarction of unspecified site
Coronary heart disease,118831000006118,194856005,299808017,Gyu35,Gyu3500,Subsequent myocardial infarction of unspecified site
Coronary heart disease,118831000006118,194856005,299808017,G35,G35..00,Subsequent myocardial infarction of unspecified site
Coronary heart disease,118831000006118,194856005,299808017,Gyu36,Gyu3600,Subsequent myocardial infarction of unspecified site
Coronary heart disease,543291000006110,371068009,1209776017,G36,G36..00,Myocardial infarction with complication
Coronary heart disease,543291000006110,371068009,1209776017,^ESCTMY634865,,Myocardial infarction with complication
Coronary heart disease,813961000006116,194862000,299816014,G360,G360.00,Haemopericardium as current complication following acute myocardial infarction
Coronary heart disease,813961000006116,194862000,299816014,^ESCT1222075,,Haemopericardium as current complication following acute myocardial infarction
Coronary heart disease,813961000006116,194862000,299816014,^ESCTHE477622,,Haemopericardium as current complication following acute myocardial infarction
Coronary heart disease,813961000006116,194862000,299816014,^ESCT1222076,,Haemopericardium as current complication following acute myocardial infarction
Coronary heart disease,498031000006112,194863005,299818010,^ESCT1222077,,Atrial septal defect as current complication following acute myocardial infarction
Coronary heart disease,498031000006112,194863005,299818010,G361,G361.00,Atrial septal defect as current complication following acute myocardial infarction
Coronary heart disease,67081000006119,233846000,350381017,G362,G362.00,Ventricular septal defect as current complication following acute myocardial infarction
Coronary heart disease,67081000006119,233846000,350381017,^ESCTDE505652,,Ventricular septal defect as current complication following acute myocardial infarction
Coronary heart disease,67081000006119,233846000,350381017,^ESCTPO505650,,Ventricular septal defect as current complication following acute myocardial infarction
Coronary heart disease,158601000006116,194865003,299821012,G363,G363.00,Rupture of cardiac wall without haemopericardium as current complication following acute myocardial infarction
Coronary heart disease,158601000006116,194865003,299821012,^ESCTRU477625,,Rupture of cardiac wall without haemopericardium as current complication following acute myocardial infarction
Coronary heart disease,158611000006118,194866002,299822017,G364,G364.00,Rupture of chordae tendinae as current complication following acute myocardial infarction
Coronary heart disease,158611000006118,194866002,299822017,^ESCT1222078,,Rupture of chordae tendinae as current complication following acute myocardial infarction
Coronary heart disease,159001000006119,194867006,299823010,G365,G365.00,Rupture of papillary muscle as current complication following acute myocardial infarction
Coronary heart disease,100681000006116,194868001,299824016,G366,G366.00,"Thrombosis of atrium, auricular appendage, and ventricle as current complications following acute myocardial infarction"
Coronary heart disease,100681000006116,194868001,299824016,^ESCT1222079,,"Thrombosis of atrium, auricular appendage, and ventricle as current complications following acute myocardial infarction"
Coronary heart disease,208365015,129574000,208365015,G383,G383.00,Postoperative myocardial infarction
Coronary heart disease,208365015,129574000,208365015,G38z,G38z.00,Postoperative myocardial infarction
Coronary heart disease,208365015,129574000,208365015,G38,G38..00,Postoperative myocardial infarction
Coronary heart disease,208365015,129574000,208365015,G382,G382.00,Postoperative myocardial infarction
Coronary heart disease,212061000006119,311792005,455418016,G380,G380.00,Postoperative transmural myocardial infarction of anterior wall
Coronary heart disease,212071000006114,311793000,455419012,G381,G381.00,Postoperative transmural myocardial infarction of inferior wall
Coronary heart disease,455422014,311796008,455422014,G384,G384.00,Postoperative subendocardial myocardial infarction
Coronary heart disease,455423016,129574000,208365015,G383,G383.00,"Postoperative myocardial infarction, unspecified"
Coronary heart disease,455423016,129574000,208365015,G38z,G38z.00,"Postoperative myocardial infarction, unspecified"
Coronary heart disease,455423016,129574000,208365015,G38,G38..00,"Postoperative myocardial infarction, unspecified"
Coronary heart disease,455423016,129574000,208365015,G382,G382.00,"Postoperative myocardial infarction, unspecified"
Coronary heart disease,299834013,414545008,2534664018,Gyu3,Gyu3.00,Other specified ischaemic heart disease
Coronary heart disease,299834013,414545008,2534664018,^ESCTIH686026,,Other specified ischaemic heart disease
Coronary heart disease,299834013,414545008,2534664018,G31yz,G31yz00,Other specified ischaemic heart disease
Coronary heart disease,299834013,414545008,2534664018,Gyu32,Gyu3200,Other specified ischaemic heart disease
Coronary heart disease,299834013,414545008,2534664018,G31,G31..00,Other specified ischaemic heart disease
Coronary heart disease,299834013,414545008,2534664018,G3y,G3y..00,Other specified ischaemic heart disease
Coronary heart disease,299834013,414545008,2534664018,G3,G3...00,Other specified ischaemic heart disease
Coronary heart disease,299834013,414545008,2534664018,G3-3,G3...13,Other specified ischaemic heart disease
Coronary heart disease,299834013,414545008,2534664018,G31y,G31y.00,Other specified ischaemic heart disease
Coronary heart disease,299834013,414545008,2534664018,^ESCTIS686025,,Other specified ischaemic heart disease
Coronary heart disease,299834013,414545008,2534664018,G3z,G3z..00,Other specified ischaemic heart disease
Coronary heart disease,299835014,414545008,2534664018,Gyu3,Gyu3.00,Ischaemic heart disease NOS
Coronary heart disease,299835014,414545008,2534664018,^ESCTIH686026,,Ischaemic heart disease NOS
Coronary heart disease,299835014,414545008,2534664018,G31yz,G31yz00,Ischaemic heart disease NOS
Coronary heart disease,299835014,414545008,2534664018,Gyu32,Gyu3200,Ischaemic heart disease NOS
Coronary heart disease,299835014,414545008,2534664018,G31,G31..00,Ischaemic heart disease NOS
Coronary heart disease,299835014,414545008,2534664018,G3y,G3y..00,Ischaemic heart disease NOS
Coronary heart disease,299835014,414545008,2534664018,G3,G3...00,Ischaemic heart disease NOS
Coronary heart disease,299835014,414545008,2534664018,G3-3,G3...13,Ischaemic heart disease NOS
Coronary heart disease,299835014,414545008,2534664018,G31y,G31y.00,Ischaemic heart disease NOS
Coronary heart disease,299835014,414545008,2534664018,^ESCTIS686025,,Ischaemic heart disease NOS
Coronary heart disease,299835014,414545008,2534664018,G3z,G3z..00,Ischaemic heart disease NOS
Coronary heart disease,216351000006118,233885007,350431013,^ESCTPO505694,,Post infarction pericarditis
Coronary heart disease,216351000006118,233885007,350431013,^ESCTPE505695,,Post infarction pericarditis
Coronary heart disease,216351000006118,233885007,350431013,G501,G501.00,Post infarction pericarditis
Coronary heart disease,394541000006112,414545008,2534664018,Gyu3,Gyu3.00,[X]Ischaemic heart diseases
Coronary heart disease,394541000006112,414545008,2534664018,^ESCTIH686026,,[X]Ischaemic heart diseases
Coronary heart disease,394541000006112,414545008,2534664018,G31yz,G31yz00,[X]Ischaemic heart diseases
Coronary heart disease,394541000006112,414545008,2534664018,Gyu32,Gyu3200,[X]Ischaemic heart diseases
Coronary heart disease,394541000006112,414545008,2534664018,G31,G31..00,[X]Ischaemic heart diseases
Coronary heart disease,394541000006112,414545008,2534664018,G3y,G3y..00,[X]Ischaemic heart diseases
Coronary heart disease,394541000006112,414545008,2534664018,G3,G3...00,[X]Ischaemic heart diseases
Coronary heart disease,394541000006112,414545008,2534664018,G3-3,G3...13,[X]Ischaemic heart diseases
Coronary heart disease,394541000006112,414545008,2534664018,G31y,G31y.00,[X]Ischaemic heart diseases
Coronary heart disease,394541000006112,414545008,2534664018,^ESCTIS686025,,[X]Ischaemic heart diseases
Coronary heart disease,394541000006112,414545008,2534664018,G3z,G3z..00,[X]Ischaemic heart diseases
Coronary heart disease,300874013,194828000,299757012,G33zz,G33zz00,[X]Other forms of angina pectoris
Coronary heart disease,300874013,194828000,299757012,Gyu30,Gyu3000,[X]Other forms of angina pectoris
Coronary heart disease,300874013,194828000,299757012,^ESCTAN477600,,[X]Other forms of angina pectoris
Coronary heart disease,300874013,194828000,299757012,^ESCTAN477597,,[X]Other forms of angina pectoris
Coronary heart disease,300874013,194828000,299757012,^ESCTCA477598,,[X]Other forms of angina pectoris
Coronary heart disease,300874013,194828000,299757012,^ESCTIS477603,,[X]Other forms of angina pectoris
Coronary heart disease,300874013,194828000,299757012,^ESCTAP477601,,[X]Other forms of angina pectoris
Coronary heart disease,300874013,194828000,299757012,G33z,G33z.00,[X]Other forms of angina pectoris
Coronary heart disease,300874013,194828000,299757012,G33z1,G33z100,[X]Other forms of angina pectoris
Coronary heart disease,300874013,194828000,299757012,G33,G33..00,[X]Other forms of angina pectoris
Coronary heart disease,300874013,194828000,299757012,^ESCTIS477602,,[X]Other forms of angina pectoris
Coronary heart disease,300876010,414545008,2534663012,Gyu3,Gyu3.00,[X]Other forms of acute ischaemic heart disease
Coronary heart disease,300876010,414545008,2534663012,^ESCTIH686026,,[X]Other forms of acute ischaemic heart disease
Coronary heart disease,300876010,414545008,2534663012,G31yz,G31yz00,[X]Other forms of acute ischaemic heart disease
Coronary heart disease,300876010,414545008,2534663012,Gyu32,Gyu3200,[X]Other forms of acute ischaemic heart disease
Coronary heart disease,300876010,414545008,2534663012,G31,G31..00,[X]Other forms of acute ischaemic heart disease
Coronary heart disease,300876010,414545008,2534663012,G3y,G3y..00,[X]Other forms of acute ischaemic heart disease
Coronary heart disease,300876010,414545008,2534663012,G3,G3...00,[X]Other forms of acute ischaemic heart disease
Coronary heart disease,300876010,414545008,2534663012,G3-3,G3...13,[X]Other forms of acute ischaemic heart disease
Coronary heart disease,300876010,414545008,2534663012,G31y,G31y.00,[X]Other forms of acute ischaemic heart disease
Coronary heart disease,300876010,414545008,2534663012,^ESCTIS686025,,[X]Other forms of acute ischaemic heart disease
Coronary heart disease,300876010,414545008,2534663012,G3z,G3z..00,[X]Other forms of acute ischaemic heart disease
Coronary heart disease,300879015,413838009,2534671011,G34z,G34z.00,[X]Other forms of chronic ischaemic heart disease
Coronary heart disease,300879015,413838009,2534671011,G34y,G34y.00,[X]Other forms of chronic ischaemic heart disease
Coronary heart disease,300879015,413838009,2534671011,Gyu33,Gyu3300,[X]Other forms of chronic ischaemic heart disease
Coronary heart disease,300879015,413838009,2534671011,G34,G34..00,[X]Other forms of chronic ischaemic heart disease
Coronary heart disease,300879015,413838009,2534671011,G34yz,G34yz00,[X]Other forms of chronic ischaemic heart disease
Coronary heart disease,300879015,413838009,2534671011,^ESCTCH684776,,[X]Other forms of chronic ischaemic heart disease
Coronary heart disease,362461000006119,57054005,94884017,G30y,G30y.00,[X]Acute transmural myocardial infarction of unspecif site
Coronary heart disease,362461000006119,57054005,94884017,G30yz,G30yz00,[X]Acute transmural myocardial infarction of unspecif site
Coronary heart disease,362461000006119,57054005,94884017,G30z,G30z.00,[X]Acute transmural myocardial infarction of unspecif site
Coronary heart disease,362461000006119,57054005,94884017,^ESCTAM342720,,[X]Acute transmural myocardial infarction of unspecif site
Coronary heart disease,362461000006119,57054005,94884017,G30X,G30X.00,[X]Acute transmural myocardial infarction of unspecif site
Coronary heart disease,362461000006119,57054005,94884017,G30-99,G30..99,[X]Acute transmural myocardial infarction of unspecif site
Coronary heart disease,362461000006119,57054005,94884017,G30-5,G30..15,[X]Acute transmural myocardial infarction of unspecif site
Coronary heart disease,362461000006119,57054005,94884017,G30,G30..00,[X]Acute transmural myocardial infarction of unspecif site
Coronary heart disease,362461000006119,57054005,94884017,G30-98,G30..98,[X]Acute transmural myocardial infarction of unspecif site
Coronary heart disease,362461000006119,57054005,94884017,Gyu34,Gyu3400,[X]Acute transmural myocardial infarction of unspecif site
Coronary heart disease,324808010,213037002,324808010,SP003,SP00300,Mechanical complication of coronary bypass
Coronary heart disease,324808010,213037002,324808010,SP003-99,SP00399,Mechanical complication of coronary bypass
Coronary heart disease,2160096015,408546009,2160096015,SP076,SP07600,Coronary artery bypass graft occlusion
