Condition,MedCode,SNOMED_Code,SnomedCTDescriptionId,ReadCode,CleansedReadCode,Term
Malignant neoplasms,879691000006112,363375006,879691000006112,,,Tongue carcinoma
Malignant neoplasms,11925691000006116,363348004,724921000006119,,,"malignant neoplasm of lip unspecified, inner aspect"
Malignant neoplasms,12719081000006110,534791000000107,1193831000000115,,,"malignant neoplasm of lip, oral cavity and pharynx nos"
Malignant neoplasms,11925701000006116,363348004,725001000006112,,,"malignant neoplasm of lip, unspecified, lipstick area"
Malignant neoplasms,11925531000006118,363375006,720321000006110,,,malignant neoplasm of ventral tongue surface nos
Malignant neoplasms,406052010,271323007,406052010,B0...00,,"Malignant neoplasm of lip, oral cavity and pharynx"
Malignant neoplasms,380095017,255069008,380095017,B0...11,,"Carcinoma of lip, oral cavity and pharynx"
Malignant neoplasms,724891000006113,363348004,482495016,B00..00,,Malignant neoplasm of lip
Malignant neoplasms,403771011,269515006,403771011,B00..11,,Carcinoma of lip
Malignant neoplasms,1228504019,363372009,1228504019,B000.00,,"Malignant neoplasm of upper lip, vermilion border"
Malignant neoplasms,720801000006112,421249001,2618242015,B000000,,"Malignant neoplasm of upper lip, external"
Malignant neoplasms,288350019,187601000,288350019,B000100,,"Malignant neoplasm of upper lip, lipstick area"
Malignant neoplasms,288351015,363372009,482541011,B000z00,,"Malignant neoplasm of upper lip, vermilion border NOS"
Malignant neoplasms,724421000006114,363373004,1228505018,B001.00,,"Malignant neoplasm of lower lip, vermilion border"
Malignant neoplasms,288354011,187604008,288354011,B001000,,"Malignant neoplasm of lower lip, external"
Malignant neoplasms,1228506017,363373004,1228506017,B001100,,"Malignant neoplasm of lower lip, lipstick area"
Malignant neoplasms,288355012,363373004,482542016,B001z00,,"Malignant neoplasm of lower lip, vermilion border NOS"
Malignant neoplasms,288363013,187606005,288363013,B002.00,,"Malignant neoplasm of upper lip, inner aspect"
Malignant neoplasms,288372017,187608006,288372017,B002100,,"Malignant neoplasm of upper lip, frenulum"
Malignant neoplasms,288364019,187606005,288364019,B002200,,"Malignant neoplasm of upper lip, mucosa"
Malignant neoplasms,288362015,187606005,288362015,B002300,,"Malignant neoplasm of upper lip, oral aspect"
Malignant neoplasms,288377011,187606005,288356013,B002z00,,"Malignant neoplasm of upper lip, inner aspect NOS"
Malignant neoplasms,406399011,271568003,406399011,B003.00,,"Malignant neoplasm of lower lip, inner aspect"
Malignant neoplasms,288380012,187613005,288380012,B003000,,"Malignant neoplasm of lower lip, buccal aspect"
Malignant neoplasms,288382016,187614004,288382016,B003100,,"Malignant neoplasm of lower lip, frenulum"
Malignant neoplasms,724401000006116,271568003,406400016,B003200,,"Malignant neoplasm of lower lip, mucosa"
Malignant neoplasms,724411000006118,271568003,406398015,B003300,,"Malignant neoplasm of lower lip, oral aspect"
Malignant neoplasms,288387010,271568003,406398015,B003z00,,"Malignant neoplasm of lower lip, inner aspect NOS"
Malignant neoplasms,288388017,187622006,288402019,B004.00,,"Malignant neoplasm of lip unspecified, inner aspect"
Malignant neoplasms,724901000006112,187622006,288392012,B004000,,"Malignant neoplasm of lip unspecified, buccal aspect"
Malignant neoplasms,288391017,187622006,288392012,B004200,,"Malignant neoplasm of lip unspecified, mucosa"
Malignant neoplasms,288393019,187622006,288393019,B004300,,"Malignant neoplasm of lip, oral aspect"
Malignant neoplasms,726351000006116,363374005,482544015,B005.00,,Malignant neoplasm of commissure of lip
Malignant neoplasms,288404018,187624007,288404018,B006.00,,Malignant neoplasm of overlapping lesion of lip
Malignant neoplasms,453301018,363348004,482495016,B007.00,,"Malignant neoplasm of lip, unspecified"
Malignant neoplasms,288408015,363348004,482495016,B00z000,,"Malignant neoplasm of lip, unspecified, external"
Malignant neoplasms,288409011,275399006,411376018,B00z100,,"Malignant neoplasm of lip, unspecified, lipstick area"
Malignant neoplasms,288410018,421249001,2618242015,B00zz00,,"Malignant neoplasm of lip, vermilion border NOS"
Malignant neoplasms,721311000006114,363375006,482546018,B01..00,,Malignant neoplasm of tongue
Malignant neoplasms,727381000006110,363376007,482549013,B010.00,,Malignant neoplasm of base of tongue
Malignant neoplasms,1228509012,363376007,1228509012,B010.11,,Malignant neoplasm of posterior third of tongue
Malignant neoplasms,288411019,187631006,288411019,B010000,,Malignant neoplasm of base of tongue dorsal surface
Malignant neoplasms,288412014,363376007,482548017,B010z00,,Malignant neoplasm of fixed part of tongue NOS
Malignant neoplasms,155211011,187633009,288413016,B011.00,,Malignant neoplasm of dorsal surface of tongue
Malignant neoplasms,288417015,187635002,288417015,B011100,,Malignant neoplasm of midline of tongue
Malignant neoplasms,288418013,187633009,288413016,B011z00,,Malignant neoplasm of dorsum of tongue NOS
Malignant neoplasms,288419017,187637005,288419017,B012.00,,"Malignant neoplasm of tongue, tip and lateral border"
Malignant neoplasms,155669014,94134006,155669014,B013.00,,Malignant neoplasm of ventral surface of tongue
Malignant neoplasms,288423013,187640005,288423013,B013000,,Malignant neoplasm of anterior 2/3 of tongue ventral surface
Malignant neoplasms,288427014,187641009,288427014,B013100,,Malignant neoplasm of frenulum linguae
Malignant neoplasms,288429012,1090271000000101,2731401000000113,B013z00,,Malignant neoplasm of ventral tongue surface NOS
Malignant neoplasms,288430019,363360003,482519011,B014.00,,Malignant neoplasm of anterior 2/3 of tongue unspecified
Malignant neoplasms,288433017,187644001,288433017,B015.00,,"Malignant neoplasm of tongue, junctional zone"
Malignant neoplasms,724881000006110,363377003,482550013,B016.00,,Malignant neoplasm of lingual tonsil
Malignant neoplasms,1219531013,109823006,1219531013,B017.00,,Malignant overlapping lesion of tongue
Malignant neoplasms,288434011,363375006,482546018,B01y.00,,Malignant neoplasm of other sites of tongue
Malignant neoplasms,288435012,363375006,482546018,B01z.00,,Malignant neoplasm of tongue NOS
Malignant neoplasms,1228510019,363378008,1228510019,B02..00,,Malignant neoplasm of major salivary glands
Malignant neoplasms,723501000006117,363379000,482554016,B020.00,,Malignant neoplasm of parotid gland
Malignant neoplasms,1228513017,363380002,1228513017,B021.00,,Malignant neoplasm of submandibular gland
Malignant neoplasms,721881000006113,363381003,482558018,B022.00,,Malignant neoplasm of sublingual gland
Malignant neoplasms,288437016,363378008,482552017,B02y.00,,Malignant neoplasm of other major salivary glands
Malignant neoplasms,288438014,363378008,482553010,B02z.00,,Malignant neoplasm of major salivary gland NOS
Malignant neoplasms,725861000006118,363382005,482560016,B03..00,,Malignant neoplasm of gum
Malignant neoplasms,720761000006115,363383000,482562012,B030.00,,Malignant neoplasm of upper gum
Malignant neoplasms,724311000006111,363384006,482567018,B031.00,,Malignant neoplasm of lower gum
Malignant neoplasms,288439018,363382005,482560016,B03y.00,,Malignant neoplasm of other sites of gum
Malignant neoplasms,288440016,363382005,482560016,B03z.00,,Malignant neoplasm of gum NOS
Malignant neoplasms,725611000006117,363385007,2969212012,B04..00,,Malignant neoplasm of floor of mouth
Malignant neoplasms,288443019,187652003,288443019,B040.00,,Malignant neoplasm of anterior portion of floor of mouth
Malignant neoplasms,288444013,187653008,288444013,B041.00,,Malignant neoplasm of lateral portion of floor of mouth
Malignant neoplasms,1219533011,109830000,1219533011,B042.00,,"Malignant neoplasm, overlapping lesion of floor of mouth"
Malignant neoplasms,288448011,363385007,482569015,B04y.00,,Malignant neoplasm of other sites of floor of mouth
Malignant neoplasms,288449015,363385007,482570019,B04z.00,,Malignant neoplasm of floor of mouth NOS
Malignant neoplasms,288450015,363505006,482796019,B05..00,,Malignant neoplasm of other and unspecified parts of mouth
Malignant neoplasms,727151000006117,363386008,482571015,B050.00,,Malignant neoplasm of cheek mucosa
Malignant neoplasms,727561000006112,363386008,482571015,B050.11,,Malignant neoplasm of buccal mucosa
Malignant neoplasms,288453018,187658004,288453018,B051.00,,Malignant neoplasm of vestibule of mouth
Malignant neoplasms,288454012,187659007,288454012,B051000,,Malignant neoplasm of upper buccal sulcus
Malignant neoplasms,288459019,187660002,288459019,B051100,,Malignant neoplasm of lower buccal sulcus
Malignant neoplasms,725101000006111,363387004,482573017,B052.00,,Malignant neoplasm of hard palate
Malignant neoplasms,721621000006110,363388009,482575012,B053.00,,Malignant neoplasm of soft palate
Malignant neoplasms,721041000006111,363389001,482577016,B054.00,,Malignant neoplasm of uvula
Malignant neoplasms,288469013,363390005,482579018,B055.00,,Malignant neoplasm of palate unspecified
Malignant neoplasms,288470014,187666008,288470014,B055000,,Malignant neoplasm of junction of hard and soft palate
Malignant neoplasms,1228523014,363390005,1228523014,B055100,,Malignant neoplasm of roof of mouth
Malignant neoplasms,288471013,363390005,482579018,B055z00,,Malignant neoplasm of palate NOS
Malignant neoplasms,722541000006111,363391009,482581016,B056.00,,Malignant neoplasm of retromolar area
Malignant neoplasms,288473011,363505006,482796019,B05y.00,,Malignant neoplasm of other specified mouth parts
Malignant neoplasms,288474017,363505006,482796019,B05z.00,,Malignant neoplasm of mouth NOS
Malignant neoplasms,723571000006111,363392002,482583018,B06..00,,Malignant neoplasm of oropharynx
Malignant neoplasms,721351000006110,363393007,482586014,B060.00,,Malignant neoplasm of tonsil
Malignant neoplasms,1228530015,363393007,1228530015,B060000,,Malignant neoplasm of faucial tonsil
Malignant neoplasms,1228529013,363393007,1228529013,B060100,,Malignant neoplasm of palatine tonsil
Malignant neoplasms,723321000006117,110013004,174720013,B060200,,Malignant neoplasm of overlapping lesion of tonsil
Malignant neoplasms,288478019,363393007,482585013,B060z00,,Malignant neoplasm tonsil NOS
Malignant neoplasms,721361000006112,363394001,482587017,B061.00,,Malignant neoplasm of tonsillar fossa
Malignant neoplasms,288486019,187675005,288486019,B062.00,,Malignant neoplasm of tonsillar pillar
Malignant neoplasms,288485015,187675005,288485015,B062000,,Malignant neoplasm of faucial pillar
Malignant neoplasms,725811000006116,254459004,378845014,B062100,,Malignant neoplasm of glossopalatine fold
Malignant neoplasms,2475984012,254459004,2475984012,B062200,,Malignant neoplasm of palatoglossal arch
Malignant neoplasms,723391000006115,187675005,288479010,B062300,,Malignant neoplasm of palatopharyngeal arch
Malignant neoplasms,288505015,363394001,482587017,B062z00,,Malignant neoplasm of tonsillar fossa NOS
Malignant neoplasms,721481000006111,363395000,482589019,B063.00,,Malignant neoplasm of vallecula
Malignant neoplasms,288506019,187681002,288506019,B064.00,,Malignant neoplasm of anterior epiglottis
Malignant neoplasms,288507011,187682009,288507011,B064000,,"Malignant neoplasm of epiglottis, free border"
Malignant neoplasms,288508018,187683004,288508018,B064100,,Malignant neoplasm of glossoepiglottic fold
Malignant neoplasms,288509014,187681002,288506019,B064z00,,Malignant neoplasm of anterior epiglottis NOS
Malignant neoplasms,288510016,187685006,288510016,B065.00,,Malignant neoplasm of junctional region of epiglottis
Malignant neoplasms,155332018,448868009,2901613017,B066.00,,Malignant neoplasm of lateral wall of oropharynx
Malignant neoplasms,288515014,187688008,288515014,B067.00,,Malignant neoplasm of posterior wall of oropharynx
Malignant neoplasms,288516010,363392002,482583018,B06y.00,,"Malignant neoplasm of oropharynx, other specified sites"
Malignant neoplasms,288517018,363392002,482583018,B06yz00,,Malignant neoplasm of other specified site of oropharynx NOS
Malignant neoplasms,288518011,363392002,482583018,B06z.00,,Malignant neoplasm of oropharynx NOS
Malignant neoplasms,288522018,187692001,288522018,B07..00,,Malignant neoplasm of nasopharynx
Malignant neoplasms,1228532011,363397008,1228532011,B070.00,,Malignant neoplasm of roof of nasopharynx
Malignant neoplasms,288529010,187693006,288529010,B071.00,,Malignant neoplasm of posterior wall of nasopharynx
Malignant neoplasms,288533015,187694000,288533015,B071000,,Malignant neoplasm of adenoid
Malignant neoplasms,288532013,187694000,288532013,B071100,,Malignant neoplasm of pharyngeal tonsil
Malignant neoplasms,288541015,187693006,288528019,B071z00,,Malignant neoplasm of posterior wall of nasopharynx NOS
Malignant neoplasms,724841000006116,363398003,482595018,B072.00,,Malignant neoplasm of lateral wall of nasopharynx
Malignant neoplasms,288546013,187697007,288546013,B072000,,Malignant neoplasm of pharyngeal recess
Malignant neoplasms,288550018,363398003,482595018,B072z00,,Malignant neoplasm of lateral wall of nasopharynx NOS
Malignant neoplasms,288552014,187700006,288552014,B073.00,,Malignant neoplasm of anterior wall of nasopharynx
Malignant neoplasms,288556012,187702003,288556012,B073100,,Malignant neoplasm of nasopharyngeal soft palate surface
Malignant neoplasms,720491000006119,254484001,378896011,B073200,,Malignant neoplasm posterior margin nasal septum and choanae
Malignant neoplasms,288561014,187700006,288553016,B073z00,,Malignant neoplasm of anterior wall of nasopharynx NOS
Malignant neoplasms,1219467016,109367000,1219467016,B074.00,,"Malignant neoplasm, overlapping lesion of nasopharynx"
Malignant neoplasms,288563012,187692001,288519015,B07y.00,,Malignant neoplasm of other specified site of nasopharynx
Malignant neoplasms,288564018,187692001,288526015,B07z.00,,Malignant neoplasm of nasopharynx NOS
Malignant neoplasms,725241000006116,363399006,482598016,B08..00,,Malignant neoplasm of hypopharynx
Malignant neoplasms,723031000006117,363400004,482599012,B080.00,,Malignant neoplasm of postcricoid region
Malignant neoplasms,722421000006115,363401000,482602019,B081.00,,Malignant neoplasm of pyriform sinus
Malignant neoplasms,727761000006116,187708004,288566016,B082.00,,"Malignant neoplasm aryepiglottic fold, hypopharyngeal aspect"
Malignant neoplasms,288568015,187709007,288568015,B083.00,,Malignant neoplasm of posterior pharynx
Malignant neoplasms,288570012,363399006,482597014,B08y.00,,Malignant neoplasm of other specified hypopharyngeal site
Malignant neoplasms,288571011,363399006,482598016,B08z.00,,Malignant neoplasm of hypopharynx NOS
Malignant neoplasms,729591000006114,271323007,406052010,B0z..00,,"Malig neop other/ill-defined sites lip, oral cavity, pharynx"
Malignant neoplasms,288573014,363507003,482800013,B0z0.00,,Malignant neoplasm of pharynx unspecified
Malignant neoplasms,288578017,187716008,288578017,B0z1.00,,Malignant neoplasm of Waldeyer's ring
Malignant neoplasms,724781000006117,363399006,1228533018,B0z2.00,,Malignant neoplasm of laryngopharynx
Malignant neoplasms,723801000006115,271323007,406052010,B0zy.00,,"Malignant neoplasm of other sites lip, oral cavity, pharynx"
Malignant neoplasms,288582015,271323007,406052010,B0zz.00,,"Malignant neoplasm of lip, oral cavity and pharynx NOS"
Malignant neoplasms,1228188010,34603009,57743014,BB5y000,,[M]Basal cell adenocarcinoma
Malignant neoplasms,396301000006110,271323007,406052010,Byu0.00,,"[X]Malignant neoplasm of lip, oral cavity and pharynx"
Malignant neoplasms,4746821000006110,187727005,288609015,,,Malignant tumour of lower third of oesophagus
Malignant neoplasms,6244811000006110,363402007,482603012,,,Malignant tumour of oesophagus
Malignant neoplasms,1216488012,363402007,1216488012,B10..00,,Malignant neoplasm of oesophagus
Malignant neoplasms,288589012,187722004,288589012,B100.00,,Malignant neoplasm of cervical oesophagus
Malignant neoplasms,288594012,187723009,288594012,B101.00,,Malignant neoplasm of thoracic oesophagus
Malignant neoplasms,288597017,187724003,288597017,B102.00,,Malignant neoplasm of abdominal oesophagus
Malignant neoplasms,288602012,187725002,288602012,B103.00,,Malignant neoplasm of upper third of oesophagus
Malignant neoplasms,288607018,187726001,288607018,B104.00,,Malignant neoplasm of middle third of oesophagus
Malignant neoplasms,288608011,187727005,288608011,B105.00,,Malignant neoplasm of lower third of oesophagus
Malignant neoplasms,1215862010,109835005,1215862010,B106.00,,"Malignant neoplasm, overlapping lesion of oesophagus"
Malignant neoplasms,638841000000113,342571000000109,638841000000113,B107.00,,Siewert type I adenocarcinoma
Malignant neoplasms,288614016,363402007,482603012,B10y.00,,Malignant neoplasm of other specified part of oesophagus
Malignant neoplasms,403674011,363402007,1216488012,B10z.00,,Malignant neoplasm of oesophagus NOS
Malignant neoplasms,1216486011,363402007,1216486011,B10z.11,,Oesophageal cancer
Malignant neoplasms,11925901000006116,363349007,728021000006114,,,malignant neoplasm of anterior wall of stomach nec
Malignant neoplasms,12719101000006120,534851000000107,1193941000000115,,,malignant neoplasm of greater curve of stomach unspecified
Malignant neoplasms,12719091000006112,534841000000109,1193921000000110,,,malignant neoplasm of lesser curve of stomach unspecified
Malignant neoplasms,11925631000006120,363349007,723101000006112,,,malignant neoplasm of posterior wall of stomach nec
Malignant neoplasms,11925611000006112,187738005,722341000006119,,,malignant neoplasm of prepylorus of stomach
Malignant neoplasms,11925591000006120,363349007,11925591000006120,,,malignant neoplasm of stomach nos
Malignant neoplasms,721851000006117,363349007,482498019,B11..00,,Malignant neoplasm of stomach
Malignant neoplasms,288625013,187732006,288625013,B110.00,,Malignant neoplasm of cardia of stomach
Malignant neoplasms,288628010,187733001,288628010,B110000,,Malignant neoplasm of cardiac orifice of stomach
Malignant neoplasms,288632016,187734007,288632016,B110100,,Malignant neoplasm of cardio-oesophageal junction of stomach
Malignant neoplasms,288631011,187734007,288631011,B110111,,Malignant neoplasm of gastro-oesophageal junction
Malignant neoplasms,288633014,187732006,288625013,B110z00,,Malignant neoplasm of cardia of stomach NOS
Malignant neoplasms,288635019,187736009,288635019,B111.00,,Malignant neoplasm of pylorus of stomach
Malignant neoplasms,722341000006119,1090291000000102,2731441000000111,B111000,,Malignant neoplasm of prepylorus of stomach
Malignant neoplasms,288638017,187738005,288638017,B111100,,Malignant neoplasm of pyloric canal of stomach
Malignant neoplasms,288639013,187736009,288634015,B111z00,,Malignant neoplasm of pylorus of stomach NOS
Malignant neoplasms,288641014,187740000,288641014,B112.00,,Malignant neoplasm of pyloric antrum of stomach
Malignant neoplasms,288644018,187741001,288644018,B113.00,,Malignant neoplasm of fundus of stomach
Malignant neoplasms,288647013,187742008,288647013,B114.00,,Malignant neoplasm of body of stomach
Malignant neoplasms,288649011,269459004,403678014,B115.00,,Malignant neoplasm of lesser curve of stomach unspecified
Malignant neoplasms,288650011,269460009,403680015,B116.00,,Malignant neoplasm of greater curve of stomach unspecified
Malignant neoplasms,1219534017,109836006,1219534017,B117.00,,"Malignant neoplasm, overlapping lesion of stomach"
Malignant neoplasms,638721000000113,342511000000104,638721000000113,B118.00,,Siewert type II adenocarcinoma
Malignant neoplasms,638821000000118,342561000000102,638821000000118,B119.00,,Siewert type III adenocarcinoma
Malignant neoplasms,288652015,363349007,482497012,B11y.00,,Malignant neoplasm of other specified site of stomach
Malignant neoplasms,288653013,1090981000000107,2732841000000117,B11y000,,Malignant neoplasm of anterior wall of stomach NEC
Malignant neoplasms,288654019,1090971000000105,2732821000000112,B11y100,,Malignant neoplasm of posterior wall of stomach NEC
Malignant neoplasms,288655018,363349007,482497012,B11yz00,,Malignant neoplasm of other specified site of stomach NOS
Malignant neoplasms,288656017,363349007,482498019,B11z.00,,Malignant neoplasm of stomach NOS
Malignant neoplasms,1228541018,363412000,879871000006110,,,Ca ascending colon
Malignant neoplasms,1228539019,363409003,879851000006117,,,Ca descending colon
Malignant neoplasms,1228537017,363407001,1228537017,,,Ca hepatic flexure - colon
Malignant neoplasms,1228540017,363410008,879861000006115,,,Ca sigmoid colon
Malignant neoplasms,1228542013,363413005,1228542013,,,Ca splenic flexure - colon
Malignant neoplasms,1228538010,363408006,1228538010,,,Ca transverse colon
Malignant neoplasms,6242981000006116,363351006,6242981000006116,,,Malignant tumour of rectum
Malignant neoplasms,11923481000006116,254582000,379088010,,,carcinoma of rectum
Malignant neoplasms,12724541000006118,663651000000108,1457191000000114,,,malignant neoplasm of anus unspecified
Malignant neoplasms,11904531000006110,254582000,379089019,,,rectal carcinoma
Malignant neoplasms,726331000006111,363406005,3446619012,B13..00,,Malignant neoplasm of colon
Malignant neoplasms,725191000006116,363407001,482614010,B130.00,,Malignant neoplasm of hepatic flexure of colon
Malignant neoplasms,721421000006112,363408006,482615011,B131.00,,Malignant neoplasm of transverse colon
Malignant neoplasms,725951000006112,363409003,482618013,B132.00,,Malignant neoplasm of descending colon
Malignant neoplasms,721991000006115,363410008,482619017,B133.00,,Malignant neoplasm of sigmoid colon
Malignant neoplasms,1216464010,363350007,1216464010,B134.00,,Malignant neoplasm of caecum
Malignant neoplasms,380129018,255081007,380129018,B134.11,,Carcinoma of caecum
Malignant neoplasms,727281000006117,363411007,482621010,B135.00,,Malignant neoplasm of appendix
Malignant neoplasms,727321000006111,363412000,482623013,B136.00,,Malignant neoplasm of ascending colon
Malignant neoplasms,721821000006114,363413005,482625018,B137.00,,Malignant neoplasm of splenic flexure of colon
Malignant neoplasms,288670017,187757001,288670017,B138.00,,"Malignant neoplasm, overlapping lesion of colon"
Malignant neoplasms,288671018,363406005,482611019,B13y.00,,Malignant neoplasm of other specified sites of colon
Malignant neoplasms,403682011,363406005,482611019,B13z.00,,Malignant neoplasm of colon NOS
Malignant neoplasms,573611000006118,363406005,482611019,B13z.11,,Colonic cancer
Malignant neoplasms,288675010,187760008,288675010,B14..00,,"Malignant neoplasm of rectum, rectosigmoid junction and anus"
Malignant neoplasms,722441000006110,363414004,482627014,B140.00,,Malignant neoplasm of rectosigmoid junction
Malignant neoplasms,155488014,363351006,482502014,B141.00,,Malignant neoplasm of rectum
Malignant neoplasms,379088010,254582000,379090011,B141.11,,Carcinoma of rectum
Malignant neoplasms,379089019,254582000,379090011,B141.12,,Rectal carcinoma
Malignant neoplasms,155076015,363352004,482503016,B142.00,,Malignant neoplasm of anal canal
Malignant neoplasms,380137014,363352004,482503016,B142.11,,Anal carcinoma
Malignant neoplasms,174518012,363491008,482769017,B142000,,Malignant neoplasm of cloacogenic zone
Malignant neoplasms,288685011,363490009,482768013,B143.00,,Malignant neoplasm of anus unspecified
Malignant neoplasms,729581000006111,187760008,288675010,B14y.00,,"Malig neop other site rectum, rectosigmoid junction and anus"
Malignant neoplasms,720501000006110,187760008,288675010,B14z.00,,"Malignant neoplasm rectum,rectosigmoid junction and anus NOS"
Malignant neoplasms,841331000006115,363508008,1228620018,B1z0.11,,Cancer of bowel
Malignant neoplasms,309261000006112,74532006,2552865010,,,[m]glioma nos
Malignant neoplasms,2692069010,428061005,2692069010,B51..00,,Malignant neoplasm of brain
Malignant neoplasms,543111000006111,428061005,2692069010,B51..11,,Cerebral tumour - malignant
Malignant neoplasms,727771000006111,188280007,289336015,B510.00,,Malignant neoplasm cerebrum (excluding lobes and ventricles)
Malignant neoplasms,289337012,188281006,289337012,B510000,,Malignant neoplasm of basal ganglia
Malignant neoplasms,289338019,188282004,289338019,B510100,,Malignant neoplasm of cerebral cortex
Malignant neoplasms,289341011,188285002,289341011,B510300,,Malignant neoplasm of globus pallidus
Malignant neoplasms,289343014,188286001,289343014,B510400,,Malignant neoplasm of hypothalamus
Malignant neoplasms,289345019,188287005,289345019,B510500,,Malignant neoplasm of thalamus
Malignant neoplasms,289346018,188280007,289336015,B510z00,,Malignant neoplasm of cerebrum NOS
Malignant neoplasms,482730011,363467004,482730011,B511.00,,Malignant neoplasm of frontal lobe
Malignant neoplasms,482731010,363468009,482731010,B512.00,,Malignant neoplasm of temporal lobe
Malignant neoplasms,289347010,188289008,289347010,B512000,,Malignant neoplasm of hippocampus
Malignant neoplasms,289349013,363468009,482731010,B512z00,,Malignant neoplasm of temporal lobe NOS
Malignant neoplasms,482732015,363469001,482732015,B513.00,,Malignant neoplasm of parietal lobe
Malignant neoplasms,482733013,363470000,482733013,B514.00,,Malignant neoplasm of occipital lobe
Malignant neoplasms,482734019,363471001,482734019,B515.00,,Malignant neoplasm of cerebral ventricles
Malignant neoplasms,289352017,188292007,289352017,B515000,,Malignant neoplasm of choroid plexus
Malignant neoplasms,155175018,449420002,2899889012,B516.00,,Malignant neoplasm of cerebellum
Malignant neoplasms,727511000006114,363473003,482736017,B517.00,,Malignant neoplasm of brain stem
Malignant neoplasms,289355015,188295009,289355015,B517000,,Malignant neoplasm of cerebral peduncle
Malignant neoplasms,289356019,188296005,289356019,B517100,,Malignant neoplasm of medulla oblongata
Malignant neoplasms,289357011,188297001,289357011,B517200,,Malignant neoplasm of midbrain
Malignant neoplasms,289358018,188298006,289358018,B517300,,Malignant neoplasm of pons
Malignant neoplasms,727521000006118,363473003,482736017,B517z00,,Malignant neoplasm of brain stem NOS
Malignant neoplasms,289360016,428061005,2692069010,B51y.00,,Malignant neoplasm of other parts of brain
Malignant neoplasms,289361017,188301005,289361017,B51y000,,Malignant neoplasm of corpus callosum
Malignant neoplasms,720631000006115,109912006,174605010,B51y200,,"Malignant neoplasm, overlapping lesion of brain"
Malignant neoplasms,289364013,428061005,2692069010,B51yz00,,Malignant neoplasm of other part of brain NOS
Malignant neoplasms,289365014,428061005,2692069010,B51z.00,,Malignant neoplasm of brain NOS
Malignant neoplasms,726641000006111,188307009,289367018,B520.00,,Malignant neoplasm of cranial nerves
Malignant neoplasms,289369015,188308004,289369015,B520000,,Malignant neoplasm of olfactory bulb
Malignant neoplasms,155425014,363498002,482783015,B520100,,Malignant neoplasm of optic nerve
Malignant neoplasms,727841000006110,254980001,379934019,B520200,,Malignant neoplasm of acoustic nerve
Malignant neoplasms,289374011,188307009,289367018,B520z00,,Malignant neoplasm of cranial nerves NOS
Malignant neoplasms,482737014,363474009,482737014,B521.00,,Malignant neoplasm of cerebral meninges
Malignant neoplasms,289378014,188315007,289378014,B521200,,Malignant neoplasm of cerebral pia mater
Malignant neoplasms,289379018,363474009,482737014,B521z00,,Malignant neoplasm of cerebral meninges NOS
Malignant neoplasms,721751000006111,363475005,482738016,B522.00,,Malignant neoplasm of spinal cord
Malignant neoplasms,482740014,363476006,482740014,B523.00,,Malignant neoplasm of spinal meninges
Malignant neoplasms,289383018,363497007,482781018,B523z00,,Malignant neoplasm of spinal meninges NOS
Malignant neoplasms,482741013,363477002,482741013,B525.00,,Malignant neoplasm of cauda equina
Malignant neoplasms,728471000006117,109911004,174604014,B52W.00,,"Malig neopl, overlap lesion brain & other part of CNS"
Malignant neoplasms,724681000006111,363497007,482781018,B52X.00,,"Malignant neoplasm of meninges, unspecified"
Malignant neoplasms,720481000006117,188339002,289407019,B542.00,,Malignant neoplasm pituitary gland and craniopharyngeal duct
Malignant neoplasms,722981000006114,363482009,482750010,B542000,,Malignant neoplasm of pituitary gland
Malignant neoplasms,289409016,188340000,289409016,B542100,,Malignant neoplasm of craniopharyngeal duct
Malignant neoplasms,730041000006115,188339002,289407019,B542z00,,Malig neop pituitary gland or craniopharyngeal duct NOS
Malignant neoplasms,722961000006116,363483004,482752019,B543.00,,Malignant neoplasm of pineal gland
Malignant neoplasms,155168019,447883002,2900052019,B544.00,,Malignant neoplasm of carotid body
Malignant neoplasms,289413011,93941005,510894017,B545.00,,Malignant neoplasm of aortic body and other paraganglia
Malignant neoplasms,155269017,93814004,155269017,B545000,,Malignant neoplasm of glomus jugulare
Malignant neoplasms,155085015,93677000,155085015,B545100,,Malignant neoplasm of aortic body
Malignant neoplasms,155193017,93759001,155193017,B545200,,Malignant neoplasm of coccygeal body
Malignant neoplasms,289419010,93941005,510894017,B545z00,,Malignant neoplasm of aortic body or paraganglia NOS
Malignant neoplasms,1229453012,38713004,1229453012,BBbB.00,,[M]Astrocytoma NOS
Malignant neoplasms,305681000006115,38713004,64413017,BBbB.11,,[M]Astrocytic glioma
Malignant neoplasms,305701000006117,55353007,1231460011,BBbC.00,,"[M]Astrocytoma, anaplastic type"
Malignant neoplasms,308961000006113,73982001,122858018,BBbE.00,,[M]Gemistocytic astrocytoma
Malignant neoplasms,308461000006115,71314006,118456018,BBbF.00,,[M]Fibrillary astrocytoma
Malignant neoplasms,315291000006116,128854008,207484016,BBbG.00,,[M]Pilocytic astrocytoma
Malignant neoplasms,310731000006117,128854008,207484016,BBbG.11,,[M]Juvenile astrocytoma
Malignant neoplasms,315301000006115,128854008,207484016,BBbG.12,,[M]Piloid astrocytoma
Malignant neoplasms,291828016,63634009,105759017,BBbH.00,,[M]Spongioblastoma NOS
Malignant neoplasms,305671000006118,48952003,81561018,BBbK.00,,[M]Astroblastoma
Malignant neoplasms,403757015,63634009,105759017,BBbL.00,,[M]Glioblastoma NOS
Malignant neoplasms,309231000006115,63634009,105761014,BBbL.11,,[M]Glioblastoma multiforme
Malignant neoplasms,309091000006112,44529004,74269012,BBbM.00,,[M]Giant cell glioblastoma
Malignant neoplasms,291835012,443565000,2840882012,BBbQ.00,,[M]Oligodendroglioma NOS
Malignant neoplasms,314281000006115,3102004,1227417016,BBbR.00,,"[M]Oligodendroglioma, anaplastic type"
Malignant neoplasms,314261000006113,80061003,132826019,BBbS.00,,[M]Oligodendroblastoma
Malignant neoplasms,291836013,83217000,138016017,BBbT.00,,[M]Medulloblastoma NOS
Malignant neoplasms,307571000006110,32456001,54190011,BBbU.00,,[M]Desmoplastic medulloblastoma
Malignant neoplasms,312201000006117,24604009,41255016,BBbV.00,,[M]Medullomyoblastoma
Malignant neoplasms,291837016,17302008,29245013,BBbW.00,,[M]Cerebellar sarcoma NOS
Malignant neoplasms,1234296013,78838008,1234295012,BBbZ.00,,[M]Pleomorphic xanthoastrocytoma
Malignant neoplasms,2552865010,74532006,2552865010,BBbz.00,,[M]Glioma NOS
Malignant neoplasms,291852011,39005004,65429019,BBc2.00,,[M]Medulloepithelioma NOS
Malignant neoplasms,309311000006117,89880005,148993014,BBc6.11,,[M]Glioneuroma
Malignant neoplasms,313831000006118,128858006,207494014,BBc7.11,,[M]Neuroastrocytoma
Malignant neoplasms,314251000006111,53968002,198477011,BBcA.00,,[M]Olfactory neurogenic tumour
Malignant neoplasms,312361000006114,78303004,129936017,BBd2.00,,"[M]Meningioma, malignant"
Malignant neoplasms,312391000006118,78303004,129936017,BBd2.12,,[M]Meningothelial sarcoma
Malignant neoplasms,314911000006119,57606003,95785015,BBdA.00,,[M]Papillary meningioma
Malignant neoplasms,396521000006110,188307009,289367018,ByuA000,,[X]Malignant neoplasm/other and unspecified cranial nerves
Malignant neoplasms,396491000006113,372062007,1210640010,ByuA100,,"[X]Malignant neoplasm/central nervous system, unspecified"
Malignant neoplasms,292152012,363497007,482781018,ByuA200,,"[X]Malignant neoplasm of meninges, unspecified"
Malignant neoplasms,396161000006113,109911004,174604014,ByuA300,,"[X]Malig neopl, overlap lesion brain & other part of CNS"
Malignant neoplasms,723401000006118,363418001,482635012,B17..00,,Malignant neoplasm of pancreas
Malignant neoplasms,725121000006118,363419009,482638014,B170.00,,Malignant neoplasm of head of pancreas
Malignant neoplasms,288717016,187791002,288717016,B171.00,,Malignant neoplasm of body of pancreas
Malignant neoplasms,288720012,187792009,288720012,B172.00,,Malignant neoplasm of tail of pancreas
Malignant neoplasms,288723014,187793004,288723014,B173.00,,Malignant neoplasm of pancreatic duct
Malignant neoplasms,288727010,187794005,288727010,B174.00,,Malignant neoplasm of Islets of Langerhans
Malignant neoplasms,1219538019,109848009,1219538019,B175.00,,"Malignant neoplasm, overlapping lesion of pancreas"
Malignant neoplasms,288731016,363418001,482635012,B17y.00,,Malignant neoplasm of other specified sites of pancreas
Malignant neoplasms,288734012,187798008,288734012,B17y000,,Malignant neoplasm of ectopic pancreatic tissue
Malignant neoplasms,288735013,363418001,482635012,B17yz00,,Malignant neoplasm of specified site of pancreas NOS
Malignant neoplasms,288736014,363418001,482635012,B17z.00,,Malignant neoplasm of pancreas NOS
Malignant neoplasms,310661000006117,60346004,100246011,BB5B100,,[M]Islet cell carcinoma
Malignant neoplasms,310361000006113,20955008,1222592015,BB5B300,,"[M]Insulinoma, malignant"
Malignant neoplasms,309401000006112,66515009,1232802010,BB5B500,,"[M]Glucagonoma, malignant"
Malignant neoplasms,312881000006110,999000,2755014,BB5B600,,[M]Mixed islet cell and exocrine adenocarcinoma
Malignant neoplasms,308941000006114,19756007,1222357010,BB5C100,,"[M]Gastrinoma, malignant"
Malignant neoplasms,2905761000006112,25370001,42540010,,,hepatocellular carcinoma
Malignant neoplasms,157732017,95214007,157732017,B150.00,,Primary malignant neoplasm of liver
Malignant neoplasms,288690014,187769009,288690014,B150000,,Primary carcinoma of liver
Malignant neoplasms,342834014,109843000,342834014,B150100,,Hepatoblastoma of liver
Malignant neoplasms,342851019,109844006,342851019,B150200,,Primary angiosarcoma of liver
Malignant neoplasms,342807011,109841003,342807011,B150300,,Hepatocellular carcinoma
Malignant neoplasms,288692018,95214007,157732017,B150z00,,Primary malignant neoplasm of liver NOS
Malignant neoplasms,288700011,93870000,155343014,B152.00,,Malignant neoplasm of liver unspecified
Malignant neoplasms,1224870013,25370001,1224870013,BB5D500,,[M]Hepatocellular carcinoma NOS
Malignant neoplasms,309871000006116,25370001,1224870013,BB5D511,,[M]Hepatoma NOS
Malignant neoplasms,309891000006115,25370001,1224870013,BB5D512,,"[M]Hepatoma, malignant"
Malignant neoplasms,311211000006112,25370001,1224870013,BB5D513,,[M]Liver cell carcinoma
Malignant neoplasms,1231089017,52178006,1231089017,BB5D700,,[M]Combined hepatocellular carcinoma and cholangiocarcinoma
Malignant neoplasms,309851000006114,52178006,1231089017,BB5D711,,[M]Hepatocholangiocarcinoma
Malignant neoplasms,1221209015,15619004,1221210013,BB5D800,,"[M]Hepatocellular carcinoma, fibrolamellar"
Malignant neoplasms,292101010,109841003,342812012,Byu1100,,[X]Other specified carcinomas of liver
Malignant neoplasms,880331000006115,549521000000102,880331000006115,,,Ca breast - NOS
Malignant neoplasms,880321000006118,188156001,880321000006118,,,Ca breast - axillary tail
Malignant neoplasms,880341000006113,93884005,880341000006113,,,Ca breast - male
Malignant neoplasms,880271000006114,188147009,880271000006114,,,Ca breast - nipple/central
Malignant neoplasms,880291000006110,188153009,880291000006110,,,"Ca breast-lower,inner quadrant"
Malignant neoplasms,880311000006114,188155002,880311000006114,,,"Ca breast-lower,outer quadrant"
Malignant neoplasms,880281000006112,188152004,880281000006112,,,"Ca breast-upper,inner quadrant"
Malignant neoplasms,880301000006111,188154003,880301000006111,,,"Ca breast-upper,outer quadrant"
Malignant neoplasms,880261000006119,372064008,880261000006119,,,Carcinoma breast
Malignant neoplasms,881181000006112,189336000,881181000006112,,,Carcinoma in situ breast
Malignant neoplasms,3387071000006114,54666007,90843010,,,Paget's disease and intraductal carcinoma of breast
Malignant neoplasms,907341000006116,907341000006100,907341000006116,,,[RFC] Breast cancer
Malignant neoplasms,11918121000006112,254837009,396211000006116,,,[x]malignant neoplasm of breast
Malignant neoplasms,1803781000006110,314955001,1803781000006110,,,local recurrence of malignant tumour of breast
Malignant neoplasms,12723471000006112,549521000000102,1224211000000116,,,malignant neoplasm of female breast nos
Malignant neoplasms,1210642019,372064008,1210642019,B34..00,,Malignant neoplasm of female breast
Malignant neoplasms,531851000006119,372064008,1210642019,B34..11,,Ca female breast
Malignant neoplasms,289137018,188147009,289137018,B340.00,,Malignant neoplasm of nipple and areola of female breast
Malignant neoplasms,155417012,93924008,155417012,B340000,,Malignant neoplasm of nipple of female breast
Malignant neoplasms,155089014,93680004,155089014,B340100,,Malignant neoplasm of areola of female breast
Malignant neoplasms,289140018,188147009,289137018,B340z00,,Malignant neoplasm of nipple or areola of female breast NOS
Malignant neoplasms,289141019,188151006,289141019,B341.00,,Malignant neoplasm of central part of female breast
Malignant neoplasms,289142014,188152004,289142014,B342.00,,Malignant neoplasm of upper-inner quadrant of female breast
Malignant neoplasms,289143016,188153009,289143016,B343.00,,Malignant neoplasm of lower-inner quadrant of female breast
Malignant neoplasms,289144010,188154003,289144010,B344.00,,Malignant neoplasm of upper-outer quadrant of female breast
Malignant neoplasms,289145011,188155002,289145011,B345.00,,Malignant neoplasm of lower-outer quadrant of female breast
Malignant neoplasms,289146012,188156001,289146012,B346.00,,Malignant neoplasm of axillary tail of female breast
Malignant neoplasms,289147015,188157005,289147015,B347.00,,"Malignant neoplasm, overlapping lesion of breast"
Malignant neoplasms,289148013,372064008,1210642019,B34y.00,,Malignant neoplasm of other site of female breast
Malignant neoplasms,289149017,188159008,289149017,B34y000,,Malignant neoplasm of ectopic site of female breast
Malignant neoplasms,289150017,372064008,1210642019,B34yz00,,Malignant neoplasm of other site of female breast NOS
Malignant neoplasms,289151018,372064008,1210642019,B34z.00,,Malignant neoplasm of female breast NOS
Malignant neoplasms,155364013,372095001,1210673015,B35..00,,Malignant neoplasm of male breast
Malignant neoplasms,289153015,188163001,289153015,B350.00,,Malignant neoplasm of nipple and areola of male breast
Malignant neoplasms,155418019,93925009,155418019,B350000,,Malignant neoplasm of nipple of male breast
Malignant neoplasms,155090017,93681000,155090017,B350100,,Malignant neoplasm of areola of male breast
Malignant neoplasms,289157019,372095001,1210673015,B35z.00,,Malignant neoplasm of other site of male breast
Malignant neoplasms,289158012,188168005,289158012,B35z000,,Malignant neoplasm of ectopic site of male breast
Malignant neoplasms,289159016,372095001,1210673015,B35zz00,,Malignant neoplasm of male breast NOS
Malignant neoplasms,459378019,314955001,459378019,B36..00,,Local recurrence of malignant tumour of breast
Malignant neoplasms,290868010,189336000,290868010,B830.00,,Carcinoma in situ of breast
Malignant neoplasms,174576019,109888004,174576019,B830000,,Lobular carcinoma in situ of breast
Malignant neoplasms,174577011,109889007,174577011,B830100,,Intraductal carcinoma in situ of breast
Malignant neoplasms,310311000006110,82711006,137203014,BB91.00,,[M]Infiltrating duct carcinoma
Malignant neoplasms,307631000006111,82711006,137210015,BB91.11,,[M]Duct carcinoma NOS
Malignant neoplasms,1232564019,64524002,1232565018,BB91000,,[M]Intraductal papillary adenocarcinoma with invasion
Malignant neoplasms,1228259019,35232005,1228260012,BB91100,,[M]Infiltrating duct and lobular carcinoma
Malignant neoplasms,307131000006115,78197004,1234227011,BB92.00,,"[M]Comedocarcinoma, noninfiltrating"
Malignant neoplasms,291536017,722237009,3331293018,BB93.00,,[M]Comedocarcinoma NOS
Malignant neoplasms,310741000006110,41919003,69948016,BB94.00,,[M]Juvenile breast carcinoma
Malignant neoplasms,316311000006112,41919003,69948016,BB94.11,,[M]Secretory breast carcinoma
Malignant neoplasms,314091000006113,30566004,1227274015,BB96.00,,[M]Noninfiltrating intraductal papillary adenocarcinoma
Malignant neoplasms,314711000006117,2985005,1226519014,BB9J.00,,"[M]Paget's disease, mammary"
Malignant neoplasms,314691000006115,2985005,6068012,BB9J.11,,"[M]Paget's disease, breast"
Malignant neoplasms,314671000006116,82591005,137011013,BB9K.00,,[M]Paget's disease and infiltrating breast duct carcinoma
Malignant neoplasms,1231363012,54666007,1231364018,BB9K000,,[M]Paget's disease and intraductal carcinoma of breast
Malignant neoplasms,310411000006117,703545003,3008905015,BB9M.00,,[M]Intracystic carcinoma NOS
Malignant neoplasms,292137017,254837009,379664012,Byu6.00,,[X]Malignant neoplasm of breast
Malignant neoplasms,292214019,189336000,290868010,ByuFG00,,[X]Other carcinoma in situ of breast
Malignant neoplasms,3170661000006111,41607009,69408018,,,hypernephroma
Malignant neoplasms,177051000006111,363518003,482823011,B4A..11,,Renal malignant neoplasm
Malignant neoplasms,289285010,188250002,289285010,B4A0.00,,Malignant neoplasm of kidney parenchyma
Malignant neoplasms,289288012,702391001,3648998018,B4A0000,,Hypernephroma
Malignant neoplasms,722481000006116,363457009,482710012,B4A1.00,,Malignant neoplasm of renal pelvis
Malignant neoplasms,722471000006119,188252005,289289016,B4A1000,,Malignant neoplasm of renal calyces
Malignant neoplasms,289294016,188253000,289294016,B4A1100,,Malignant neoplasm of ureteropelvic junction
Malignant neoplasms,289296019,363457009,482710012,B4A1z00,,Malignant neoplasm of renal pelvis NOS
Malignant neoplasms,720961000006117,363458004,482713014,B4A2.00,,Malignant neoplasm of ureter
Malignant neoplasms,315861000006111,41607009,1229779019,BB5a000,,[M]Renal cell carcinoma
Malignant neoplasms,309571000006119,41607009,1229779019,BB5a011,,[M]Grawitz tumour
Malignant neoplasms,310241000006119,41607009,1229779019,BB5a012,,[M]Hypernephroma
Malignant neoplasms,1773151000006112,254626006,379172013,,,Adenocarcinoma of lung
Malignant neoplasms,1773131000006117,254637007,379195016,,,Non-small cell lung cancer
Malignant neoplasms,1773111000006111,93880001,510792012,,,Primary malignant neoplasm of lung
Malignant neoplasms,1863331000006111,1863331000006107,1863331000006111,,,Referral by lung cancer nurse specialist
Malignant neoplasms,1773121000006115,254632001,379181019,,,Small cell lung cancer
Malignant neoplasms,1773141000006110,254634000,379184010,,,Squamous cell carcinoma of lung
Malignant neoplasms,907111000006118,907111000006102,907111000006118,,,[RFC] Lung cancer
Malignant neoplasms,11918131000006110,363358000,396221000006112,,,"[x]malignant neoplasm of bronchus or lung, unspecified"
Malignant neoplasms,288808013,430621000,2765453013,B22..00,,"Malignant neoplasm of trachea, bronchus and lung"
Malignant neoplasms,721391000006116,363432004,482662016,B220.00,,Malignant neoplasm of trachea
Malignant neoplasms,288810010,187854004,288810010,B220100,,Malignant neoplasm of mucosa of trachea
Malignant neoplasms,288811014,363432004,482662016,B220z00,,Malignant neoplasm of trachea NOS
Malignant neoplasms,155361017,372065009,1210643012,B221.00,,Malignant neoplasm of main bronchus
Malignant neoplasms,288813012,187857006,288813012,B221000,,Malignant neoplasm of carina of bronchus
Malignant neoplasms,155287019,93827000,155287019,B221100,,Malignant neoplasm of hilus of lung
Malignant neoplasms,288815017,372065009,1210643012,B221z00,,Malignant neoplasm of main bronchus NOS
Malignant neoplasms,403688010,269464000,403688010,B222.00,,"Malignant neoplasm of upper lobe, bronchus or lung"
Malignant neoplasms,414849013,278065000,414849013,B222.11,,Pancoast's syndrome
Malignant neoplasms,288819011,187861000,288819011,B222000,,Malignant neoplasm of upper lobe bronchus
Malignant neoplasms,288820017,187862007,288820017,B222100,,Malignant neoplasm of upper lobe of lung
Malignant neoplasms,288821018,269464000,403688010,B222z00,,"Malignant neoplasm of upper lobe, bronchus or lung NOS"
Malignant neoplasms,288822013,187864008,288822013,B223.00,,"Malignant neoplasm of middle lobe, bronchus or lung"
Malignant neoplasms,288823015,187865009,288823015,B223000,,Malignant neoplasm of middle lobe bronchus
Malignant neoplasms,288824014,187866005,288824014,B223100,,Malignant neoplasm of middle lobe of lung
Malignant neoplasms,288825010,187864008,288822013,B223z00,,"Malignant neoplasm of middle lobe, bronchus or lung NOS"
Malignant neoplasms,288826011,187868006,288826011,B224.00,,"Malignant neoplasm of lower lobe, bronchus or lung"
Malignant neoplasms,288827019,187869003,288827019,B224000,,Malignant neoplasm of lower lobe bronchus
Malignant neoplasms,288828012,187870002,288828012,B224100,,Malignant neoplasm of lower lobe of lung
Malignant neoplasms,288829016,187868006,288826011,B224z00,,"Malignant neoplasm of lower lobe, bronchus or lung NOS"
Malignant neoplasms,723301000006110,109371002,1219469018,B225.00,,Malignant neoplasm of overlapping lesion of bronchus & lung
Malignant neoplasms,288832018,363358000,482516016,B22y.00,,Malignant neoplasm of other sites of bronchus or lung
Malignant neoplasms,403689019,363358000,482516016,B22z.00,,Malignant neoplasm of bronchus or lung NOS
Malignant neoplasms,733371000006119,93880001,3288586014,B22z.11,,Lung cancer
Malignant neoplasms,1219789016,112677002,1219789016,BB5S200,,[M]Bronchiolo-alveolar adenocarcinoma
Malignant neoplasms,305201000006114,112677002,1219789016,BB5S211,,[M]Alveolar cell carcinoma
Malignant neoplasms,306131000006118,112677002,1219789016,BB5S212,,[M]Bronchiolar carcinoma
Malignant neoplasms,305181000006113,36310008,60606019,BB5S400,,[M]Alveolar adenocarcinoma
Malignant neoplasms,292105018,1090881000000100,2732641000000116,Byu2000,,"[X]Malignant neoplasm of bronchus or lung, unspecified"
Malignant neoplasms,289566011,188478004,289566011,B592.00,,Malignant neoplasms of independent (primary) multiple sites
Malignant neoplasms,396631000006112,188478004,289566011,ByuE.00,,[X]Malignant neoplasms/independent (primary) multiple sites
Malignant neoplasms,396641000006119,188478004,289566011,ByuE000,,[X]Malignant neoplasms/independent(primary)multiple sites
Malignant neoplasms,6616761000006119,399068003,1786665019,,,Cancer of prostate
Malignant neoplasms,2611461000000113,1034421000000103,2611461000000113,,,Discharge from secondary care prostate cancer service
Malignant neoplasms,906971000006110,906971000006106,906971000006110,,,[RFC] Cancer of the prostate
Malignant neoplasms,844951000006111,385377005,1479600014,4M0..00,,Gleason grading of prostate cancer
Malignant neoplasms,1490806016,369775001,1490806016,4M00.00,,Gleason prostate grade 2-4 (low)
Malignant neoplasms,1488634012,394932008,1488634012,4M01.00,,Gleason prostate grade 5-7 (medium)
Malignant neoplasms,1490807013,369777009,1490807013,4M02.00,,Gleason prostate grade 8-10 (high)
Malignant neoplasms,272628011,176106009,272628011,7B20000,,Radical cystoprostatourethrectomy
Malignant neoplasms,134770016,81232004,134770016,7B20200,,Radical cystoprostatectomy
Malignant neoplasms,272891011,176262001,272891011,7B36600,,Radical prostatectomy with pelvic node sampling
Malignant neoplasms,272892016,176263006,272892016,7B36700,,Radical prostatectomy with pelvic lymphadenectomy
Malignant neoplasms,722361000006115,399068003,1773293010,B46..00,,Malignant neoplasm of prostate
Malignant neoplasms,880561000006117,372122006,880561000006117,,,Ca skin - head/neck
Malignant neoplasms,880241000006118,188127001,880241000006118,,,Ca skin - lower limb
Malignant neoplasms,880211000006117,573501000000108,880211000006117,,,Ca skin - other
Malignant neoplasms,880251000006116,540311000000106,880251000006116,,,Ca skin - other NOS
Malignant neoplasms,880221000006113,531581000000101,880221000006113,,,Ca skin - trunk
Malignant neoplasms,880231000006111,188119005,880231000006111,,,Ca skin - upper limb
Malignant neoplasms,12455781000006112,127570002,305821000006115,,,[m]basal cell neoplasms
Malignant neoplasms,853151000006113,853151000006109,853151000006113,,,basal cell carcinoma
Malignant neoplasms,3745771000006113,76594008,3745771000006113,,,dermatofibrosarcoma protuberans
Malignant neoplasms,12721241000006118,540311000000106,1205251000000113,,,malignant neoplasm of skin nos
Malignant neoplasms,12718821000006112,531581000000101,1187061000000112,,,"malignant neoplasm of skin of trunk, excluding scrotum"
Malignant neoplasms,12704591000006116,363346000,720521000006117,,,malignant neoplasm skin of other and unspecified parts face
Malignant neoplasms,12732221000006116,573501000000108,1274111000000111,,,other malignant neoplasm of skin
Malignant neoplasms,2519761000006119,1338007,3349012,,,rodent ulcer
Malignant neoplasms,853821000006110,853821000006106,853821000006110,,,rodent ulcer
Malignant neoplasms,12759251000006116,540311000000106,1205241000000110,,,squamous cell carcinoma of skin nos
Malignant neoplasms,403700013,372130007,1210707014,B33..00,,Other malignant neoplasm of skin
Malignant neoplasms,215751000000116,254701007,379314010,B33..11,,Basal cell carcinoma
Malignant neoplasms,379315011,254701007,379315011,B33..13,,Rodent ulcer
Malignant neoplasms,289066018,94000008,155506013,B33..14,,Malignant neoplasm of sebaceous gland
Malignant neoplasms,721091000006119,94081005,155602015,B33..15,,Malignant neoplasm of sweat gland
Malignant neoplasms,411225019,275265005,411225019,B33..16,,Epithelioma basal cell
Malignant neoplasms,155542017,94032008,155542017,B330.00,,Malignant neoplasm of skin of lip
Malignant neoplasms,726261000006112,231829006,347398012,B331.00,,Malignant neoplasm of eyelid including canthus
Malignant neoplasms,454201010,310599006,454201010,B331000,,Malignant neoplasm of canthus
Malignant neoplasms,457110018,313249007,457110018,B331100,,Malignant neoplasm of upper eyelid
Malignant neoplasms,457111019,313250007,457111019,B331200,,Malignant neoplasm of lower eyelid
Malignant neoplasms,720511000006113,188089003,289077012,B332.00,,Malignant neoplasm skin of ear and external auricular canal
Malignant neoplasms,289079010,188090007,289079010,B332000,,Malignant neoplasm of skin of auricle (ear)
Malignant neoplasms,289080013,188091006,289080013,B332100,,Malignant neoplasm of skin of external auditory meatus
Malignant neoplasms,455404011,277156006,413589015,B332200,,Malignant neoplasm of pinna NEC
Malignant neoplasms,729611000006115,126488004,82493010,B332z00,,Malig neop skin of ear and external auricular canal NOS
Malignant neoplasms,720521000006117,443136000,2838688010,B333.00,,Malignant neoplasm skin of other and unspecified parts face
Malignant neoplasms,289084016,188095002,289084016,B333000,,"Malignant neoplasm of skin of cheek, external"
Malignant neoplasms,155525011,94016005,155525011,B333100,,Malignant neoplasm of skin of chin
Malignant neoplasms,155529017,94020009,155529017,B333200,,Malignant neoplasm of skin of eyebrow
Malignant neoplasms,155536016,94026003,155536016,B333300,,Malignant neoplasm of skin of forehead
Malignant neoplasms,289088018,188099008,289088018,B333400,,Malignant neoplasm of skin of nose (external)
Malignant neoplasms,289089014,188100000,289089014,B333500,,Malignant neoplasm of skin of temple
Malignant neoplasms,720531000006119,443136000,2838688010,B333z00,,Malignant neoplasm skin other and unspec part of face NOS
Malignant neoplasms,289091018,188102008,289091018,B334.00,,Malignant neoplasm of scalp and skin of neck
Malignant neoplasms,289092013,188103003,289092013,B334000,,Malignant neoplasm of scalp
Malignant neoplasms,155545015,94034009,155545015,B334100,,Malignant neoplasm of skin of neck
Malignant neoplasms,289094014,188102008,1775486011,B334z00,,Malignant neoplasm of scalp or skin of neck NOS
Malignant neoplasms,289095010,372126009,1210703013,B335.00,,"Malignant neoplasm of skin of trunk, excluding scrotum"
Malignant neoplasms,289096011,188107002,289096011,B335000,,Malignant neoplasm of skin of axillary fold
Malignant neoplasms,289097019,372126009,1210703013,B335100,,"Malignant neoplasm of skin of chest, excluding breast"
Malignant neoplasms,155521019,94012007,155521019,B335200,,Malignant neoplasm of skin of breast
Malignant neoplasms,289099016,188110009,289099016,B335300,,Malignant neoplasm of skin of abdominal wall
Malignant neoplasms,155556015,94044006,155556015,B335400,,Malignant neoplasm of skin of umbilicus
Malignant neoplasms,155537013,94027007,155537013,B335500,,Malignant neoplasm of skin of groin
Malignant neoplasms,155547011,94036006,155547011,B335600,,Malignant neoplasm of skin of perineum
Malignant neoplasms,155520018,94011000,155520018,B335700,,Malignant neoplasm of skin of back
Malignant neoplasms,155522014,94013002,155522014,B335800,,Malignant neoplasm of skin of buttock
Malignant neoplasms,155458017,93956001,155458017,B335900,,Malignant neoplasm of perianal skin
Malignant neoplasms,455405012,311779007,455405012,B335A00,,Malignant neoplasm of skin of scapular region
Malignant neoplasms,289107010,372126009,1210703013,B335z00,,"Malignant neoplasm of skin of trunk, excluding scrotum, NOS"
Malignant neoplasms,289108017,188119005,289108017,B336.00,,Malignant neoplasm of skin of upper limb and shoulder
Malignant neoplasms,155550014,94039004,155550014,B336000,,Malignant neoplasm of skin of shoulder
Malignant neoplasms,289110015,188121000,289110015,B336100,,Malignant neoplasm of skin of upper arm
Malignant neoplasms,289111016,188122007,289111016,B336200,,Malignant neoplasm of skin of fore-arm
Malignant neoplasms,155538015,94028002,155538015,B336300,,Malignant neoplasm of skin of hand
Malignant neoplasms,155533012,94023006,155533012,B336400,,Malignant neoplasm of skin of finger
Malignant neoplasms,289114012,188125009,289114012,B336500,,Malignant neoplasm of skin of thumb
Malignant neoplasms,289115013,188119005,289108017,B336z00,,Malignant neoplasm of skin of upper limb or shoulder NOS
Malignant neoplasms,289116014,188127001,289116014,B337.00,,Malignant neoplasm of skin of lower limb and hip
Malignant neoplasms,155539011,94029005,155539011,B337000,,Malignant neoplasm of skin of hip
Malignant neoplasms,155552018,94041003,155552018,B337100,,Malignant neoplasm of skin of thigh
Malignant neoplasms,155540013,94030000,155540013,B337200,,Malignant neoplasm of skin of knee
Malignant neoplasms,289121012,188132000,289121012,B337300,,Malignant neoplasm of skin of popliteal fossa area
Malignant neoplasms,289122017,188133005,289122017,B337400,,Malignant neoplasm of skin of lower leg
Malignant neoplasms,155517014,94008001,155517014,B337500,,Malignant neoplasm of skin of ankle
Malignant neoplasms,289124016,188135003,289124016,B337600,,Malignant neoplasm of skin of heel
Malignant neoplasms,155534018,94024000,155534018,B337700,,Malignant neoplasm of skin of foot
Malignant neoplasms,155553011,94042005,155553011,B337800,,Malignant neoplasm of skin of toe
Malignant neoplasms,289127011,188138001,289127011,B337900,,Malignant neoplasm of skin of great toe
Malignant neoplasms,289128018,188127001,289116014,B337z00,,Malignant neoplasm of skin of lower limb or hip NOS
Malignant neoplasms,379223011,254651007,379223011,B338.00,,Squamous cell carcinoma of skin
Malignant neoplasms,413089014,276799004,413089014,B339.00,,Dermatofibrosarcoma protuberans
Malignant neoplasms,720471000006115,109264009,173812014,B33X.00,,Malignant neoplasm overlapping lesion of skin
Malignant neoplasms,289131017,372130007,1210707014,B33y.00,,Malignant neoplasm of other specified skin sites
Malignant neoplasms,289132012,372130007,1210707014,B33z.00,,Malignant neoplasm of skin NOS
Malignant neoplasms,556501000000116,254651007,379223011,B33z.11,,Squamous cell carcinoma of skin NOS
Malignant neoplasms,556511000000119,400155002,1779409013,BB2A.13,,[M]Squamous cell carcinoma of skin NOS
Malignant neoplasms,291359010,127570002,2664014019,BB3..00,,[M]Basal cell neoplasms
Malignant neoplasms,305831000006117,30649006,196804015,BB30.00,,[M]Basal cell tumour
Malignant neoplasms,291360017,1338007,3345018,BB31.00,,[M]Basal cell carcinoma NOS
Malignant neoplasms,313221000006117,61098004,101531010,BB32.00,,[M]Multicentric basal cell carcinoma
Malignant neoplasms,305801000006113,134152008,215881011,BB33.00,,"[M]Basal cell carcinoma, morphoea type"
Malignant neoplasms,305791000006112,43369006,1229982018,BB34.00,,"[M]Basal cell carcinoma, fibroepithelial type"
Malignant neoplasms,305901000006119,37304002,62234010,BB35.00,,[M]Basosquamous carcinoma
Malignant neoplasms,312631000006110,6641007,12009016,BB36.00,,[M]Metatypical carcinoma
Malignant neoplasms,1770481000006118,61098004,199020010,BB3C.00,,[M]Superficial basal cell carcinoma
Malignant neoplasms,1770491000006115,128636006,207028011,BB3D.00,,"[M]Basal cell carcinoma, nodular"
Malignant neoplasms,1770501000006111,402529002,1781655012,BB3E.00,,"[M]Basal cell carcinoma, micronodular"
Malignant neoplasms,1770511000006114,56665009,198684014,BB3F.00,,"[M]Basal cell carcinoma, infiltrative"
Malignant neoplasms,1770521000006118,403909004,1782913015,BB3G.00,,[M]Pigmented basal cell carcinoma
Malignant neoplasms,291361018,127570002,857018,BB3z.00,,[M]Basal cell neoplasm NOS
Malignant neoplasms,291474011,64000002,106379015,BB60100,,[M]Skin appendage carcinoma
Malignant neoplasms,291480015,32272007,53910019,BB61200,,[M]Sweat gland adenocarcinoma
Malignant neoplasms,305571000006117,57141000,95032016,BB62100,,[M]Apocrine adenocarcinoma
Malignant neoplasms,1231370012,54734006,1231370012,BB69100,,[M]Sebaceous adenocarcinoma
Malignant neoplasms,404801000006116,94047004,155560017,Byu4200,,[X]Oth malignant neoplasm/skin of oth+unspecfd parts of face
Malignant neoplasms,292120012,372130007,1210707014,Byu4300,,"[X]Malignant neoplasm of skin, unspecified"
Malignant neoplasms,292135013,109264009,173812014,Byu5A00,,[X]Malignant neoplasm overlapping lesion of skin
Malignant neoplasms,312601000006119,62064005,103178011,BBP1.00,,"[M]Mesothelioma, malignant"
Malignant neoplasms,1785811000006114,54443001,90491019,BBP3.11,,[M]Sarcomatoid mesothelioma
Malignant neoplasms,308261000006116,65278006,1232663018,BBP5.00,,"[M]Epithelioid mesothelioma, malignant"
Malignant neoplasms,312591000006110,30383009,1227226015,BBP7.00,,"[M]Mesothelioma, biphasic type, malignant"
Malignant neoplasms,12450991000006116,417554000,109371000006115,,,teratoma of descended testis
Malignant neoplasms,721171000006119,363449006,482694014,B47..00,,Malignant neoplasm of testis
Malignant neoplasms,289223017,188219004,289223017,B470.00,,Malignant neoplasm of undescended testis
Malignant neoplasms,457318018,313428008,457318018,B470200,,Seminoma of undescended testis
Malignant neoplasms,109391000006119,417417007,2548377014,B470300,,Teratoma of undescended testis
Malignant neoplasms,289234019,188219004,289220019,B470z00,,Malignant neoplasm of undescended testis NOS
Malignant neoplasms,174562015,109876001,174562015,B471.00,,Malignant neoplasm of descended testis
Malignant neoplasms,457319014,313429000,457319014,B471000,,Seminoma of descended testis
Malignant neoplasms,109371000006115,417554000,2548606013,B471100,,Teratoma of descended testis
Malignant neoplasms,473991000000119,1090261000000108,2731381000000113,B471z00,,Malignant neoplasm of descended testis NOS
Malignant neoplasms,403702017,363449006,482694014,B47z.00,,Malignant neoplasm of testis NOS
Malignant neoplasms,380180017,255107005,380180017,B47z.11,,Seminoma of testis
Malignant neoplasms,109381000006117,416769008,2549298016,B47z.12,,Teratoma of testis
Malignant neoplasms,880531000006114,363478007,880531000006114,,,Ca thyroid
Malignant neoplasms,907351000006119,907351000006103,907351000006119,,,[RFC] Cancer of the thyroid
Malignant neoplasms,721291000006110,363478007,482743011,B53..00,,Malignant neoplasm of thyroid gland
Malignant neoplasms,12732041000006120,570591000000106,1267991000000117,,,malignant neoplasm of body of uterus nos
Malignant neoplasms,289166015,371973000,1210562019,B40..00,,"Malignant neoplasm of uterus, part unspecified"
Malignant neoplasms,1210561014,371972005,1210561014,B43..00,,Malignant neoplasm of body of uterus
Malignant neoplasms,289187013,188189001,289187013,B430.00,,"Malignant neoplasm of corpus uteri, excluding isthmus"
Malignant neoplasms,289188015,188190005,289188015,B430000,,Malignant neoplasm of cornu of corpus uteri
Malignant neoplasms,289189011,188191009,289189011,B430100,,Malignant neoplasm of fundus of corpus uteri
Malignant neoplasms,289190019,188192002,289190019,B430200,,Malignant neoplasm of endometrium of corpus uteri
Malignant neoplasms,980021000006113,188192002,289190019,B430211,,Malignant neoplasm of endometrium
Malignant neoplasms,289191015,188193007,289191015,B430300,,Malignant neoplasm of myometrium of corpus uteri
Malignant neoplasms,289192010,188189001,289187013,B430z00,,Malignant neoplasm of corpus uteri NOS
Malignant neoplasms,289193017,188195000,289193017,B431.00,,Malignant neoplasm of isthmus of uterine body
Malignant neoplasms,289194011,188195000,3491683016,B431000,,Malignant neoplasm of lower uterine segment
Malignant neoplasms,289195012,188195000,289193017,B431z00,,Malignant neoplasm of isthmus of uterine body NOS
Malignant neoplasms,289196013,188198003,289196013,B432.00,,Malignant neoplasm of overlapping lesion of corpus uteri
Malignant neoplasms,289197016,371972005,1210561014,B43y.00,,Malignant neoplasm of other site of uterine body
Malignant neoplasms,289198014,371972005,1210561014,B43z.00,,Malignant neoplasm of body of uterus NOS
Malignant neoplasms,155305011,187777008,288698019,B151.00,,Malignant neoplasm of intrahepatic bile ducts
Malignant neoplasms,288694017,187773007,288694017,B151000,,Malignant neoplasm of interlobular bile ducts
Malignant neoplasms,2619456011,187777008,2619456011,B151200,,Malignant neoplasm of intrahepatic biliary passages
Malignant neoplasms,288698019,187777008,288698019,B151400,,Malignant neoplasm of intrahepatic gall duct
Malignant neoplasms,288699010,187777008,288698019,B151z00,,Malignant neoplasm of intrahepatic bile ducts NOS
Malignant neoplasms,726201000006111,363416002,482631015,B161.00,,Malignant neoplasm of extrahepatic bile ducts
Malignant neoplasms,155207017,93770008,155207017,B161000,,Malignant neoplasm of cystic duct
Malignant neoplasms,288707014,187784000,288707014,B161100,,Malignant neoplasm of hepatic duct
Malignant neoplasms,726361000006119,93763008,155198014,B161200,,Malignant neoplasm of common bile duct
Malignant neoplasms,380139012,255086002,380139012,B161211,,Carcinoma common bile duct
Malignant neoplasms,288711015,187786003,288711015,B161300,,Malignant neoplasm of sphincter of Oddi
Malignant neoplasms,288712010,363416002,482631015,B161z00,,Malignant neoplasm of extrahepatic bile ducts NOS
Malignant neoplasms,727911000006116,363417006,482633017,B162.00,,Malignant neoplasm of ampulla of Vater
Malignant neoplasms,1219537012,109847004,1219537012,B163.00,,"Malignant neoplasm, overlapping lesion of biliary tract"
Malignant neoplasms,306641000006116,70179006,116557016,BB5D100,,[M]Cholangiocarcinoma
Malignant neoplasms,305941000006117,70179006,116558014,BB5D111,,[M]Bile duct carcinoma
Malignant neoplasms,305951000006115,50422007,84004017,BB5D300,,[M]Bile duct cystadenocarcinoma
Malignant neoplasms,12723281000006112,546881000000105,1218841000000118,,,malignant melanoma of skin nos
Malignant neoplasms,170673014,106243009,170673014,4M3..00,,Breslow depth staging for melanoma
Malignant neoplasms,138122012,83284001,138122012,4M70.00,,Clark melanoma level 1
Malignant neoplasms,84190018,50542000,84190018,4M71.00,,Clark melanoma level 2
Malignant neoplasms,35572018,21165006,35572018,4M72.00,,Clark melanoma level 3
Malignant neoplasms,3704012,1556006,3704012,4M73.00,,Clark melanoma level 4
Malignant neoplasms,27148012,16034002,27148012,4M74.00,,Clark melanoma level 5
Malignant neoplasms,155060012,93655004,155060012,B32..00,,Malignant melanoma of skin
Malignant neoplasms,289009011,188030005,289009011,B320.00,,Malignant melanoma of lip
Malignant neoplasms,728201000006110,231834005,347406017,B321.00,,Malignant melanoma of eyelid including canthus
Malignant neoplasms,289011019,188032002,289011019,B322.00,,Malignant melanoma of ear and external auricular canal
Malignant neoplasms,289012014,188033007,289012014,B322000,,Malignant melanoma of auricle (ear)
Malignant neoplasms,289013016,188034001,289013016,B322100,,Malignant melanoma of external auditory meatus
Malignant neoplasms,289014010,188032002,289011019,B322z00,,Malignant melanoma of ear and external auricular canal NOS
Malignant neoplasms,289015011,93225001,154247017,B323.00,,Malignant melanoma of other and unspecified parts of face
Malignant neoplasms,1235785014,93217003,1235785014,B323000,,Malignant melanoma of external surface of cheek
Malignant neoplasms,289017015,188038003,289017015,B323100,,Malignant melanoma of chin
Malignant neoplasms,1235786010,93223008,1235786010,B323200,,Malignant melanoma of eyebrow
Malignant neoplasms,289019017,188040008,289019017,B323300,,Malignant melanoma of forehead
Malignant neoplasms,1235798017,93643005,1235798017,B323400,,Malignant melanoma of external surface of nose
Malignant neoplasms,289021010,188042000,289021010,B323500,,Malignant melanoma of temple
Malignant neoplasms,289022015,93225001,154247017,B323z00,,Malignant melanoma of face NOS
Malignant neoplasms,289023013,188044004,289023013,B324.00,,Malignant melanoma of scalp and neck
Malignant neoplasms,289024019,188045003,289024019,B324000,,Malignant melanoma of scalp
Malignant neoplasms,289025018,188046002,289025018,B324100,,Malignant melanoma of neck
Malignant neoplasms,289026017,188044004,1775484014,B324z00,,Malignant melanoma of scalp and neck NOS
Malignant neoplasms,289027014,93651008,155054012,B325.00,,Malignant melanoma of trunk (excluding scrotum)
Malignant neoplasms,289028016,188049009,289028016,B325000,,Malignant melanoma of axilla
Malignant neoplasms,289029012,188050009,289029012,B325100,,Malignant melanoma of breast
Malignant neoplasms,289030019,188051008,289030019,B325200,,Malignant melanoma of buttock
Malignant neoplasms,289031015,188052001,289031015,B325300,,Malignant melanoma of groin
Malignant neoplasms,154231019,93209006,154231019,B325400,,Malignant melanoma of perianal skin
Malignant neoplasms,289033017,188054000,289033017,B325500,,Malignant melanoma of perineum
Malignant neoplasms,289034011,188055004,289034011,B325600,,Malignant melanoma of umbilicus
Malignant neoplasms,454085011,310498001,454085011,B325700,,Malignant melanoma of back
Malignant neoplasms,457109011,313248004,457109011,B325800,,Malignant melanoma of chest wall
Malignant neoplasms,289037016,269579005,403893010,B325z00,,"Malignant melanoma of trunk, excluding scrotum, NOS"
Malignant neoplasms,727731000006113,269580008,403894016,B326.00,,Malignant melanoma of upper limb and shoulder
Malignant neoplasms,289039018,188060000,289039018,B326000,,Malignant melanoma of shoulder
Malignant neoplasms,289040016,188061001,289040016,B326100,,Malignant melanoma of upper arm
Malignant neoplasms,289041017,188062008,289041017,B326200,,Malignant melanoma of fore-arm
Malignant neoplasms,289042012,188063003,289042012,B326300,,Malignant melanoma of hand
Malignant neoplasms,289043019,188064009,289043019,B326400,,Malignant melanoma of finger
Malignant neoplasms,289044013,188065005,289044013,B326500,,Malignant melanoma of thumb
Malignant neoplasms,289045014,269580008,403894016,B326z00,,Malignant melanoma of upper limb or shoulder NOS
Malignant neoplasms,289046010,188067002,289046010,B327.00,,Malignant melanoma of lower limb and hip
Malignant neoplasms,289047018,188068007,289047018,B327000,,Malignant melanoma of hip
Malignant neoplasms,289048011,188069004,289048011,B327100,,Malignant melanoma of thigh
Malignant neoplasms,289049015,188070003,289049015,B327200,,Malignant melanoma of knee
Malignant neoplasms,289050015,188071004,289050015,B327300,,Malignant melanoma of popliteal fossa area
Malignant neoplasms,289051016,188072006,289051016,B327400,,Malignant melanoma of lower leg
Malignant neoplasms,289052011,188073001,289052011,B327500,,Malignant melanoma of ankle
Malignant neoplasms,289053018,188074007,289053018,B327600,,Malignant melanoma of heel
Malignant neoplasms,289054012,188075008,289054012,B327700,,Malignant melanoma of foot
Malignant neoplasms,289055013,188076009,289055013,B327800,,Malignant melanoma of toe
Malignant neoplasms,289056014,188077000,289056014,B327900,,Malignant melanoma of great toe
Malignant neoplasms,289057017,188067002,289046010,B327z00,,Malignant melanoma of lower limb or hip NOS
Malignant neoplasms,289060012,93655004,155060012,B32y.00,,Malignant melanoma of other specified skin site
Malignant neoplasms,173816012,109267002,173816012,B32y000,,Overlapping malignant melanoma of skin
Malignant neoplasms,289063014,93655004,155060012,B32z.00,,Malignant melanoma of skin NOS
Malignant neoplasms,403754010,2092003,4601016,BBE1.00,,[M]Malignant melanoma NOS
Malignant neoplasms,312251000006118,2092003,4601016,BBE1.11,,[M]Melanocarcinoma
Malignant neoplasms,312281000006114,115223002,1784646013,BBE1.12,,[M]Melanoma NOS
Malignant neoplasms,312291000006112,2092003,4601016,BBE1.13,,[M]Melanosarcoma NOS
Malignant neoplasms,1229572014,39896009,1229573016,BBE1000,,"[M]Malignant melanoma, regressing"
Malignant neoplasms,1231028010,51757004,1231030012,BBE1100,,"[M]Desmoplastic melanoma, malignant"
Malignant neoplasms,314051000006119,2142002,4703012,BBE2.00,,[M]Nodular melanoma
Malignant neoplasms,305741000006115,39274007,65865017,BBE4.00,,[M]Balloon cell melanoma
Malignant neoplasms,305231000006118,70594002,117272014,BBEA.00,,[M]Amelanotic melanoma
Malignant neoplasms,311971000006113,915007,199323019,BBEC.00,,[M]Malignant melanoma in junctional naevus
Malignant neoplasms,1232189017,61217001,1232189017,BBEF.00,,[M]Hutchinson's melanotic freckle
Malignant neoplasms,310951000006110,302836005,444775014,BBEF.11,,[M]Lentigo maligna
Malignant neoplasms,1230100013,44474009,1230099017,BBEG.00,,[M]Malignant melanoma in Hutchinson's melanotic freckle
Malignant neoplasms,310961000006112,302836005,444775014,BBEG.11,,[M]Lentigo maligna melanoma
Malignant neoplasms,1221446018,16974005,1221445019,BBEG000,,"[M]Acral lentiginous melanoma, malignant"
Malignant neoplasms,317201000006115,55320002,91969014,BBEH.00,,[M]Superficial spreading melanoma
Malignant neoplasms,311951000006115,75931002,200557018,BBEM.00,,[M]Malignant melanoma in giant pigmented naevus
Malignant neoplasms,1235301017,88082008,1235301017,BBEN.11,,[M]Juvenila melanoma
Malignant neoplasms,308181000006118,37138001,61959010,BBEP.00,,[M]Epithelioid cell melanoma
Malignant neoplasms,291607010,68827007,114326019,BBEQ.00,,[M]Spindle cell melanoma NOS
Malignant neoplasms,316801000006119,40244008,1229623012,BBES.00,,"[M]Spindle cell melanoma, type B"
Malignant neoplasms,312851000006119,50813003,84682017,BBET.00,,[M]Mixed epithelioid and spindle melanoma
Malignant neoplasms,396171000006118,93225001,154247017,Byu4000,,[X]Malignant melanoma of other+unspecified parts of face
Malignant neoplasms,292118014,93655004,155060012,Byu4100,,"[X]Malignant melanoma of skin, unspecified"
Malignant neoplasms,880781000006115,269475001,880781000006115,,,Lymphatic tissue carcinoma
Malignant neoplasms,6243051000006118,363353009,6243051000006118,,,Malignant tumour of gallbladder
Malignant neoplasms,11918081000006110,372063002,396111000006110,,,[x]mal neoplasm/overlap les/periph nerv+autonomic nerv systm
Malignant neoplasms,11919601000006116,269475001,411571000006113,,,[x]other malignant immunoproliferative diseases
Malignant neoplasms,289184018,188188009,289184018,,,choriocarcinoma
Malignant neoplasms,3221981000006119,44769000,74681016,,,choriocarcinoma
Malignant neoplasms,12721521000006112,542621000000109,1210161000000111,,,immunoproliferative neoplasm or myeloma nos
Malignant neoplasms,4416081000006119,128812005,207348010,,,letterer-siwe disease
Malignant neoplasms,11926011000006112,269469005,729461000006119,,,malig neop of connective and soft tissue trunk unspecified
Malignant neoplasms,12724421000006114,662481000000107,1454841000000119,,,malignant neoplasm lymphatic or haematopoietic tissue nos
Malignant neoplasms,11925861000006112,363346000,727361000006117,,,malignant neoplasm of back nos
Malignant neoplasms,11925821000006118,188361007,727171000006110,,,malignant neoplasm of chest wall nos
Malignant neoplasms,11925781000006112,363346000,725591000006111,,,malignant neoplasm of flank nos
Malignant neoplasms,11925741000006118,363484005,725291000006113,,,malignant neoplasm of inguinal region nos
Malignant neoplasms,11925761000006120,255056009,725441000006115,,,malignant neoplasm of jaw nos
Malignant neoplasms,12732731000006114,578371000000102,1284231000000118,,,malignant neoplasm of kidney or urinary organs nos
Malignant neoplasms,4750651000006115,188274004,2579145017,,,malignant neoplasm of lacrimal duct
Malignant neoplasms,12723521000006110,550091000000101,1225361000000110,,,malignant neoplasm of larynx nos
Malignant neoplasms,12730141000006116,620441000000107,1370101000000112,,,malignant neoplasm of liver and intrahepatic bile ducts nos
Malignant neoplasms,12721381000006120,541861000000107,1208571000000112,,,malignant neoplasm of other and unspecified site nos
Malignant neoplasms,12718971000006120,533411000000108,1190911000000114,,,malignant neoplasm of ovary and other uterine adnexa
Malignant neoplasms,12732791000006112,579211000000109,1285971000000114,,,"malignant neoplasm of penis, part unspecified"
Malignant neoplasms,11925601000006110,255056009,722311000006118,,,malignant neoplasm of supraclavicular fossa nos
Malignant neoplasms,11925571000006116,363346000,721441000006117,,,malignant neoplasm of trunk nos
Malignant neoplasms,12726631000006118,640541000000109,1410561000000117,,,malignant neoplasm of unspecified site
Malignant neoplasms,12732231000006120,573671000000104,1274441000000115,,,malignant neoplasm of uterine adnexa nos
Malignant neoplasms,11925561000006110,126667002,720581000006118,,,"malignant neoplasm, overlap lesion of resp & intrathor orgs"
Malignant neoplasms,12726641000006112,640551000000107,1410571000000112,,,other malignant neoplasm nos
Malignant neoplasms,3891081000006116,85583005,141870011,,,phaeochromocytoma
Malignant neoplasms,4416171000006116,128813000,1220819010,,,true histiocytic lymphoma
Malignant neoplasms,50949017,30440004,50949017,4M20.00,,Lymphoma stage I
Malignant neoplasms,126918018,76422004,126918018,4M21.00,,Lymphoma stage II
Malignant neoplasms,94699019,56944001,94699019,4M22.00,,Lymphoma stage III
Malignant neoplasms,110346017,66445009,110346017,4M23.00,,Lymphoma stage IV
Malignant neoplasms,825771000006119,420524008,2617386013,A789500,,HIV disease resulting in Kaposi's sarcoma
Malignant neoplasms,1814931000006110,420524008,2614767011,A789511,,HIV disease resulting in Kaposi sarcoma
Malignant neoplasms,721601000006117,363509000,482805015,B12..00,,Malignant neoplasm of small intestine and duodenum
Malignant neoplasms,726021000006110,363403002,482606016,B120.00,,Malignant neoplasm of duodenum
Malignant neoplasms,725451000006118,363404008,482607013,B121.00,,Malignant neoplasm of jejunum
Malignant neoplasms,725271000006112,363405009,482610018,B122.00,,Malignant neoplasm of ileum
Malignant neoplasms,288659012,187752007,288659012,B123.00,,Malignant neoplasm of Meckel's diverticulum
Malignant neoplasms,1219535016,109837002,1219535016,B124.00,,"Malignant neoplasm, overlapping lesion of small intestine"
Malignant neoplasms,723221000006112,363509000,482804016,B12y.00,,Malignant neoplasm of other specified site small intestine
Malignant neoplasms,288663017,363509000,482804016,B12z.00,,Malignant neoplasm of small intestine NOS
Malignant neoplasms,288688013,187767006,288688013,B15..00,,Malignant neoplasm of liver and intrahepatic bile ducts
Malignant neoplasms,288702015,187767006,288688013,B15z.00,,Malignant neoplasm of liver and intrahepatic bile ducts NOS
Malignant neoplasms,727781000006114,363415003,482629012,B16..00,,Malignant neoplasm gallbladder and extrahepatic bile ducts
Malignant neoplasms,725711000006113,363353009,482506012,B160.00,,Malignant neoplasm of gallbladder
Malignant neoplasms,535221000006113,372140005,1210716013,B160.11,,Carcinoma gallbladder
Malignant neoplasms,720451000006113,363415003,482629012,B16y.00,,Malignant neoplasm other gallbladder/extrahepatic bile duct
Malignant neoplasms,727791000006112,363415003,482629012,B16z.00,,Malignant neoplasm gallbladder/extrahepatic bile ducts NOS
Malignant neoplasms,288739019,187801002,288739019,B18..00,,Malignant neoplasm of retroperitoneum and peritoneum
Malignant neoplasms,1228549016,363420003,1228549016,B180.00,,Malignant neoplasm of retroperitoneum
Malignant neoplasms,288741018,187803004,288741018,B180100,,Malignant neoplasm of perinephric tissue
Malignant neoplasms,288742013,187804005,288742013,B180200,,Malignant neoplasm of retrocaecal tissue
Malignant neoplasms,288744014,363420003,482639018,B180z00,,Malignant neoplasm of retroperitoneum NOS
Malignant neoplasms,247091000006118,187807003,288746011,B182.00,,Overlapping malign lesion of retroperitoneum and peritoneum
Malignant neoplasms,288747019,187808008,288747019,B18y.00,,Malignant neoplasm of specified parts of peritoneum
Malignant neoplasms,288749016,187810005,288749016,B18y100,,Malignant neoplasm of mesocaecum
Malignant neoplasms,288751017,187811009,288751017,B18y200,,Malignant neoplasm of mesorectum
Malignant neoplasms,482641017,363421004,482641017,B18y300,,Malignant neoplasm of omentum
Malignant neoplasms,155446017,93947009,155446017,B18y400,,Malignant neoplasm of parietal peritoneum
Malignant neoplasms,155452016,449377002,2901085015,B18y500,,Malignant neoplasm of pelvic peritoneum
Malignant neoplasms,288754013,187814001,288754013,B18y600,,Malignant neoplasm of the pouch of Douglas
Malignant neoplasms,482537012,363370001,482537012,B18y700,,Malignant neoplasm of mesentery
Malignant neoplasms,288756010,187808008,288747019,B18yz00,,Malignant neoplasm of specified parts of peritoneum NOS
Malignant neoplasms,288757018,187801002,288737017,B18z.00,,Malignant neoplasm of retroperitoneum and peritoneum NOS
Malignant neoplasms,729561000006118,255077007,380111011,B1z..00,,Malig neop oth/ill-defined sites digestive tract/peritoneum
Malignant neoplasms,288759015,363508008,482802017,B1z0.00,,"Malignant neoplasm of intestinal tract, part unspecified"
Malignant neoplasms,288760013,363499005,482785010,B1z1.00,,Malignant neoplasm of spleen NEC
Malignant neoplasms,288761012,187821001,288761012,B1z1000,,Angiosarcoma of spleen
Malignant neoplasms,288762017,187822008,288762017,B1z1100,,Fibrosarcoma of spleen
Malignant neoplasms,288763010,363499005,482785010,B1z1z00,,Malignant neoplasm of spleen NOS
Malignant neoplasms,288764016,187824009,288764016,B1z2.00,,"Malignant neoplasm, overlapping lesion of digestive system"
Malignant neoplasms,720461000006110,255077007,380111011,B1zy.00,,Malignant neoplasm other spec digestive tract and peritoneum
Malignant neoplasms,288766019,255077007,380111011,B1zz.00,,Malignant neoplasm of digestive tract and peritoneum NOS
Malignant neoplasms,729321000006119,187828007,288770010,B20..00,,"Malig neop nasal cavities, middle ear and accessory sinuses"
Malignant neoplasms,1228552012,363422006,1228552012,B200.00,,Malignant neoplasm of nasal cavities
Malignant neoplasms,288771014,187829004,288771014,B200000,,Malignant neoplasm of cartilage of nose
Malignant neoplasms,288772019,187830009,288772019,B200100,,Malignant neoplasm of nasal conchae
Malignant neoplasms,721961000006111,363423001,482644013,B200200,,Malignant neoplasm of septum of nose
Malignant neoplasms,288775017,187831008,288775017,B200300,,Malignant neoplasm of vestibule of nose
Malignant neoplasms,288776016,363422006,482642012,B200z00,,Malignant neoplasm of nasal cavities NOS
Malignant neoplasms,730011000006119,187833006,288777013,B201.00,,"Malig neop auditory tube, middle ear and mastoid air cells"
Malignant neoplasms,288779011,187834000,288779011,B201000,,Malignant neoplasm of auditory (Eustachian) tube
Malignant neoplasms,288784017,187835004,288784017,B201100,,Malignant neoplasm of tympanic cavity
Malignant neoplasms,288787012,187836003,288787012,B201200,,Malignant neoplasm of tympanic antrum
Malignant neoplasms,724621000006112,363424007,482646010,B201300,,Malignant neoplasm of mastoid air cells
Malignant neoplasms,730021000006110,187833006,288777013,B201z00,,"Malig neop auditory tube, middle ear, mastoid air cells NOS"
Malignant neoplasms,724641000006117,363425008,482648011,B202.00,,Malignant neoplasm of maxillary sinus
Malignant neoplasms,1228553019,363426009,1228553019,B203.00,,Malignant neoplasm of ethmoid sinus
Malignant neoplasms,719021000006111,363427000,482652011,B204.00,,Malignant neoplasm of frontal sinus
Malignant neoplasms,721721000006119,363428005,482654012,B205.00,,Malignant neoplasm of sphenoidal sinus
Malignant neoplasms,288790018,187838002,288790018,B206.00,,"Malignant neoplasm, overlapping lesion of accessory sinuses"
Malignant neoplasms,729571000006113,187828007,288770010,B20y.00,,"Malig neop other site nasal cavity, middle ear and sinuses"
Malignant neoplasms,288792014,363506007,482798018,B20z.00,,Malignant neoplasm of accessory sinus NOS
Malignant neoplasms,724791000006119,363429002,482656014,B21..00,,Malignant neoplasm of larynx
Malignant neoplasms,288794010,187841006,288794010,B210.00,,Malignant neoplasm of glottis
Malignant neoplasms,288797015,187842004,288797015,B211.00,,Malignant neoplasm of supraglottis
Malignant neoplasms,721871000006110,363430007,482658010,B212.00,,Malignant neoplasm of subglottis
Malignant neoplasms,724761000006110,363431006,482660012,B213.00,,Malignant neoplasm of laryngeal cartilage
Malignant neoplasms,288799017,187843009,288799017,B213000,,Malignant neoplasm of arytenoid cartilage
Malignant neoplasms,288800018,187844003,288800018,B213100,,Malignant neoplasm of cricoid cartilage
Malignant neoplasms,288801019,187845002,288801019,B213200,,Malignant neoplasm of cuneiform cartilage
Malignant neoplasms,288802014,187846001,288802014,B213300,,Malignant neoplasm of thyroid cartilage
Malignant neoplasms,288803016,363431006,482660012,B213z00,,Malignant neoplasm of laryngeal cartilage NOS
Malignant neoplasms,1219468014,109369002,1219468014,B214.00,,"Malignant neoplasm, overlapping lesion of larynx"
Malignant neoplasms,451428019,187842004,288796012,B215.00,,Malignant neoplasm of epiglottis NOS
Malignant neoplasms,288806012,363429002,482656014,B21y.00,,"Malignant neoplasm of larynx, other specified site"
Malignant neoplasms,288807015,363429002,482656014,B21z.00,,Malignant neoplasm of larynx NOS
Malignant neoplasms,723001000006113,363433009,482664015,B23..00,,Malignant neoplasm of pleura
Malignant neoplasms,155447014,449067008,2901158012,B230.00,,Malignant neoplasm of parietal pleura
Malignant neoplasms,155675017,449308006,2901116014,B231.00,,Malignant neoplasm of visceral pleura
Malignant neoplasms,288839010,363433009,482664015,B23y.00,,Malignant neoplasm of other specified pleura
Malignant neoplasms,288840012,363433009,482664015,B23z.00,,Malignant neoplasm of pleura NOS
Malignant neoplasms,288841011,187881004,288841011,B24..00,,"Malignant neoplasm of thymus, heart and mediastinum"
Malignant neoplasms,721271000006114,363434003,482666018,B240.00,,Malignant neoplasm of thymus
Malignant neoplasms,725151000006110,363435002,482668017,B241.00,,Malignant neoplasm of heart
Malignant neoplasms,726071000006111,363436001,482670014,B241000,,Malignant neoplasm of endocardium
Malignant neoplasms,724051000006110,363437005,482672018,B241200,,Malignant neoplasm of myocardium
Malignant neoplasms,155459013,93957005,155459013,B241300,,Malignant neoplasm of pericardium
Malignant neoplasms,288847010,363435002,482668017,B241z00,,Malignant neoplasm of heart NOS
Malignant neoplasms,155078019,449224009,2901920014,B242.00,,Malignant neoplasm of anterior mediastinum
Malignant neoplasms,155473016,448670003,2901476012,B243.00,,Malignant neoplasm of posterior mediastinum
Malignant neoplasms,724671000006113,363494000,482776010,B24X.00,,"Malignant neoplasm of mediastinum, part unspecified"
Malignant neoplasms,729521000006112,187881004,288841011,B24y.00,,"Malig neop of other site of heart, thymus and mediastinum"
Malignant neoplasms,288852017,187881004,288841011,B24z.00,,"Malignant neoplasm of heart, thymus and mediastinum NOS"
Malignant neoplasms,730001000006117,109384006,1217361012,B25..00,,"Malig neo, overlapping lesion of heart, mediastinum & pleura"
Malignant neoplasms,720581000006118,93841009,510723012,B26..00,,"Malignant neoplasm, overlap lesion of resp & intrathor orgs"
Malignant neoplasms,729601000006118,428100006,2691955010,B2z..00,,Malig neop other/ill-defined sites resp/intrathoracic organs
Malignant neoplasms,729551000006115,187833006,288777013,B2z0.00,,"Malig neop of upper respiratory tract, part unspecified"
Malignant neoplasms,288857011,93986008,155490010,B2zy.00,,Malignant neoplasm of other site of respiratory tract
Malignant neoplasms,288858018,449096009,2899758015,B2zz.00,,Malignant neoplasm of respiratory tract NOS
Malignant neoplasms,729361000006113,302816009,444723017,B310.00,,"Malig neop of connective and soft tissue head, face and neck"
Malignant neoplasms,1228565015,363439008,1228565015,B310000,,Malignant neoplasm of soft tissue of head
Malignant neoplasms,1228566019,363440005,1228566019,B310100,,Malignant neoplasm of soft tissue of face
Malignant neoplasms,1228567011,363441009,1228567011,B310200,,Malignant neoplasm of soft tissue of neck
Malignant neoplasms,288962013,187987001,288962013,B310300,,Malignant neoplasm of cartilage of ear
Malignant neoplasms,288963015,187988006,288963015,B310400,,Malignant neoplasm of tarsus of eyelid
Malignant neoplasms,288964014,187989003,288964014,B310500,,Malignant neoplasm soft tissues of cervical spine
Malignant neoplasms,730031000006113,302816009,444723017,B310z00,,"Malig neop connective and soft tissue head, face, neck NOS"
Malignant neoplasms,729291000006111,187991006,288966011,B311.00,,Malig neop connective and soft tissue upper limb/shoulder
Malignant neoplasms,288967019,187992004,288967019,B311000,,Malignant neoplasm of connective and soft tissue of shoulder
Malignant neoplasms,288968012,187993009,288968012,B311100,,"Malignant neoplasm of connective and soft tissue, upper arm"
Malignant neoplasms,288969016,187994003,288969016,B311200,,Malignant neoplasm of connective and soft tissue of fore-arm
Malignant neoplasms,288970015,187995002,288970015,B311300,,Malignant neoplasm of connective and soft tissue of hand
Malignant neoplasms,288971016,187996001,288971016,B311400,,Malignant neoplasm of connective and soft tissue of finger
Malignant neoplasms,288972011,187997005,288972011,B311500,,Malignant neoplasm of connective and soft tissue of thumb
Malignant neoplasms,729301000006112,187991006,288966011,B311z00,,Malig neop connective soft tissue upper limb/shoulder NOS
Malignant neoplasms,729401000006115,187999008,288974012,B312.00,,Malig neop of connective and soft tissue of hip and leg
Malignant neoplasms,288975013,188000002,288975013,B312000,,Malignant neoplasm of connective and soft tissue of hip
Malignant neoplasms,729451000006116,188001003,288976014,B312100,,Malig neop of connective and soft tissue thigh and upper leg
Malignant neoplasms,730251000006110,188002005,288977017,B312200,,Malig neop connective and soft tissue of popliteal space
Malignant neoplasms,729421000006113,188003000,288978010,B312300,,Malig neop of connective and soft tissue of lower leg
Malignant neoplasms,288979019,188004006,288979019,B312400,,Malignant neoplasm of connective and soft tissue of foot
Malignant neoplasms,288980016,188005007,288980016,B312500,,Malignant neoplasm of connective and soft tissue of toe
Malignant neoplasms,730241000006113,187999008,288974012,B312z00,,Malig neop connective and soft tissue hip and leg NOS
Malignant neoplasms,288985014,188009001,288985014,B313.00,,Malignant neoplasm of connective and soft tissue of thorax
Malignant neoplasms,288986010,188010006,288986010,B313000,,Malignant neoplasm of connective and soft tissue of axilla
Malignant neoplasms,155209019,93772000,155209019,B313100,,Malignant neoplasm of diaphragm
Malignant neoplasms,155272012,93817006,155272012,B313200,,Malignant neoplasm of great vessels
Malignant neoplasms,728491000006116,188013008,288989015,B313300,,Malig neoplasm of connective and soft tissues of thor spine
Malignant neoplasms,729441000006118,363365008,482529016,B313z00,,Malig neop of connective and soft tissue of thorax NOS
Malignant neoplasms,288991011,188015001,288991011,B314.00,,Malignant neoplasm of connective and soft tissue of abdomen
Malignant neoplasms,729381000006115,188016000,288992016,B314000,,Malig neop of connective and soft tissue of abdominal wall
Malignant neoplasms,728481000006119,188017009,288993014,B314100,,Malig neoplasm of connective and soft tissues of lumb spine
Malignant neoplasms,729371000006118,188015001,288991011,B314z00,,Malig neop of connective and soft tissue of abdomen NOS
Malignant neoplasms,288995019,188019007,288995019,B315.00,,Malignant neoplasm of connective and soft tissue of pelvis
Malignant neoplasms,288999013,188020001,288999013,B315000,,Malignant neoplasm of connective and soft tissue of buttock
Malignant neoplasms,729411000006117,188021002,289000010,B315100,,Malig neop of connective and soft tissue of inguinal region
Malignant neoplasms,289001014,188022009,289001014,B315200,,Malignant neoplasm of connective and soft tissue of perineum
Malignant neoplasms,728451000006110,188023004,289002019,B315300,,Malig neopl of connective and soft tissue - sacrum or coccyx
Malignant neoplasms,729431000006111,363366009,482531013,B315z00,,Malig neop of connective and soft tissue of pelvis NOS
Malignant neoplasms,729461000006119,1090891000000103,2732661000000115,B316.00,,Malig neop of connective and soft tissue trunk unspecified
Malignant neoplasms,729281000006113,269469005,403699012,B31y.00,,Malig neop connective and soft tissue other specified site
Malignant neoplasms,289007013,269469005,403699012,B31z.00,,"Malignant neoplasm of connective and soft tissue, site NOS"
Malignant neoplasms,289008015,188029000,289008015,B31z000,,Kaposi's sarcoma of soft tissue
Malignant neoplasms,155468010,721567004,3325477011,B42..00,,Malignant neoplasm of placenta
Malignant neoplasms,552661000006114,188188009,289184018,B420.00,,Choriocarcinoma
Malignant neoplasms,289199018,428322007,2694321016,B44..00,,Malignant neoplasm of ovary and other uterine adnexa
Malignant neoplasms,726271000006117,363444001,482686019,B441.00,,Malignant neoplasm of fallopian tube
Malignant neoplasms,155155010,93728003,155155010,B442.00,,Malignant neoplasm of broad ligament
Malignant neoplasms,155441010,448674007,2901968015,B443.00,,Malignant neoplasm of parametrium
Malignant neoplasms,289203018,428322007,2694321016,B44y.00,,Malignant neoplasm of other site of uterine adnexa
Malignant neoplasms,289204012,428322007,2694321016,B44z.00,,Malignant neoplasm of uterine adnexa NOS
Malignant neoplasms,729491000006110,363514001,482815014,B45..00,,Malig neop of other and unspecified female genital organs
Malignant neoplasms,721051000006113,363445000,482688018,B450.00,,Malignant neoplasm of vagina
Malignant neoplasms,289207017,188209005,289207017,B450100,,Malignant neoplasm of vaginal vault
Malignant neoplasms,289208010,363445000,482688018,B450z00,,Malignant neoplasm of vagina NOS
Malignant neoplasms,482690017,363446004,482690017,B451.00,,Malignant neoplasm of labia majora
Malignant neoplasms,289209019,188211001,289209019,B451000,,Malignant neoplasm of greater vestibular (Bartholin's) gland
Malignant neoplasms,289210012,363446004,482690017,B451z00,,Malignant neoplasm of labia majora NOS
Malignant neoplasms,482691018,363447008,482691018,B452.00,,Malignant neoplasm of labia minora
Malignant neoplasms,1210566016,371979001,1210566016,B453.00,,Malignant neoplasm of clitoris
Malignant neoplasms,403701012,363367000,482534017,B454.00,,Malignant neoplasm of vulva unspecified
Malignant neoplasms,411399019,275419009,411399019,B454.11,,Primary vulval cancer
Malignant neoplasms,720041000006117,109878000,174564019,B45X.00,,Malignant neoplasm/overlapping lesion/feml genital organs
Malignant neoplasms,289217010,363514001,482815014,B45y.00,,Malignant neoplasm of other specified female genital organ
Malignant neoplasms,723341000006112,109885001,174573010,B45y000,,Malignant neoplasm of overlapping lesion of vulva
Malignant neoplasms,289219013,363514001,482815014,B45z.00,,Malignant neoplasm of female genital organ NOS
Malignant neoplasms,1228575017,363450006,1228575017,B480.00,,Malignant neoplasm of prepuce (foreskin)
Malignant neoplasms,725771000006116,363451005,482698012,B481.00,,Malignant neoplasm of glans penis
Malignant neoplasms,289246015,188230001,289246015,B482.00,,Malignant neoplasm of body of penis
Malignant neoplasms,289249010,363516004,482819015,B483.00,,"Malignant neoplasm of penis, part unspecified"
Malignant neoplasms,726141000006116,363452003,482700015,B484.00,,Malignant neoplasm of epididymis
Malignant neoplasms,721701000006112,363453008,482702011,B485.00,,Malignant neoplasm of spermatic cord
Malignant neoplasms,723111000006110,363454002,482704012,B486.00,,Malignant neoplasm of scrotum
Malignant neoplasms,1219540012,109875002,1219540012,B487.00,,"Malignant neoplasm, overlapping lesion of penis"
Malignant neoplasms,289251014,363515000,482817018,B48y.00,,Malignant neoplasm of other male genital organ
Malignant neoplasms,289252019,188234005,289252019,B48y000,,Malignant neoplasm of seminal vesicle
Malignant neoplasms,289257013,188235006,289257013,B48y100,,Malignant neoplasm of tunica vaginalis
Malignant neoplasms,720591000006115,109874003,1219539010,B48y200,,"Malignant neoplasm, overlapping lesion male genital orgs"
Malignant neoplasms,289259011,363515000,482817018,B48yz00,,Malignant neoplasm of other male genital organ NOS
Malignant neoplasms,289260018,363515000,482817018,B48z.00,,Malignant neoplasm of penis and other male genital organ NOS
Malignant neoplasms,729481000006112,419052002,2577717014,B4A..00,,Malig neop of kidney and other unspecified urinary organs
Malignant neoplasms,720991000006113,363459007,482714015,B4A3.00,,Malignant neoplasm of urethra
Malignant neoplasms,723451000006119,363460002,1228591019,B4A4.00,,Malignant neoplasm of paraurethral glands
Malignant neoplasms,289297011,419052002,2577717014,B4Ay.00,,Malignant neoplasm of other urinary organs
Malignant neoplasms,289298018,188256008,289298018,B4Ay000,,Malignant neoplasm of overlapping lesion of urinary organs
Malignant neoplasms,289299014,419052002,2577717014,B4Az.00,,Malignant neoplasm of kidney or urinary organs NOS
Malignant neoplasms,406265010,363346000,1208875016,B5...00,,Malignant neoplasm of other and unspecified sites
Malignant neoplasms,380211016,363346000,1228478017,B5...11,,Carcinoma of other and unspecified sites
Malignant neoplasms,1208876015,363461003,1208876015,B50..00,,Malignant neoplasm of eye
Malignant neoplasms,729311000006110,188261005,289305011,B500.00,,"Malig neop eyeball excl conjunctiva, cornea, retina, choroid"
Malignant neoplasms,289308013,188263008,289308013,B500000,,Malignant neoplasm of ciliary body
Malignant neoplasms,289311014,188264002,289311014,B500100,,Malignant neoplasm of iris
Malignant neoplasms,289314018,188265001,289314018,B500200,,Malignant neoplasm of crystalline lens
Malignant neoplasms,289316016,188261005,289305011,B500z00,,Malignant neoplasm of eyeball NOS
Malignant neoplasms,723541000006115,363462005,482720019,B501.00,,Malignant neoplasm of orbit
Malignant neoplasms,289317013,188268004,289317013,B501000,,Malignant neoplasm of connective tissue of orbit
Malignant neoplasms,289319011,363462005,482720019,B501z00,,Malignant neoplasm of orbit NOS
Malignant neoplasms,289322013,188272000,289322013,B502.00,,Malignant neoplasm of lacrimal gland
Malignant neoplasms,726371000006114,363463000,482722010,B503.00,,Malignant neoplasm of conjunctiva
Malignant neoplasms,726561000006114,363464006,482724011,B504.00,,Malignant neoplasm of cornea
Malignant neoplasms,722521000006116,363465007,482726013,B505.00,,Malignant neoplasm of retina
Malignant neoplasms,727181000006113,363466008,482728014,B506.00,,Malignant neoplasm of choroid
Malignant neoplasms,724721000006116,188272000,289322013,B507.00,,Malignant neoplasm of lacrimal duct
Malignant neoplasms,289325010,188273005,289325010,B507000,,Malignant neoplasm of lacrimal sac
Malignant neoplasms,289326011,188274004,289326011,B507100,,Malignant neoplasm of nasolacrimal duct
Malignant neoplasms,1217367011,109948008,1217367011,B508.00,,"Malignant neoplasm, overlapping lesion of eye and adnexa"
Malignant neoplasms,289329016,363461003,1208876015,B50y.00,,Malignant neoplasm of other specified site of eye
Malignant neoplasms,289330014,363461003,1208876015,B50z.00,,Malignant neoplasm of eye NOS
Malignant neoplasms,729501000006119,372063002,1210641014,B52..00,,Malig neop of other and unspecified parts of nervous system
Malignant neoplasms,728461000006112,188321006,289384012,B524.00,,Malig neopl peripheral nerves and autonomic nervous system
Malignant neoplasms,722911000006119,188322004,289385013,B524000,,"Malignant neoplasm of peripheral nerves of head, face & neck"
Malignant neoplasms,722901000006117,188323009,289386014,B524100,,"Malignant neoplasm of peripheral nerve,upp limb,incl should"
Malignant neoplasms,722871000006117,188324003,289387017,B524200,,"Malignant neoplasm of peripheral nerve of low limb, incl hip"
Malignant neoplasms,289388010,188325002,289388010,B524300,,Malignant neoplasm of peripheral nerve of thorax
Malignant neoplasms,289389019,188326001,289389019,B524400,,Malignant neoplasm of peripheral nerve of abdomen
Malignant neoplasms,289390011,188327005,289390011,B524500,,Malignant neoplasm of peripheral nerve of pelvis
Malignant neoplasms,720001000006119,109919002,1219543014,B524600,,"Malignant neoplasm,overlap lesion periph nerve & auton ns"
Malignant neoplasms,730491000006117,188321006,289384012,B524W00,,"Mal neoplasm/periph nerves+autonomic nervous system,unspc"
Malignant neoplasms,289396017,372063002,1210641014,B52y.00,,Malignant neoplasm of other specified part of nervous system
Malignant neoplasms,289397014,372063002,1210641014,B52z.00,,Malignant neoplasm of nervous system NOS
Malignant neoplasms,155072018,363355002,482509017,B540.00,,Malignant neoplasm of adrenal gland
Malignant neoplasms,444773019,302835009,444773019,B540.11,,Phaeochromocytoma
Malignant neoplasms,1210553016,371964008,1210553016,B540000,,Malignant neoplasm of adrenal cortex
Malignant neoplasms,1210554010,371965009,1210554010,B540100,,Malignant neoplasm of adrenal medulla
Malignant neoplasms,289406011,363355002,482510010,B540z00,,Malignant neoplasm of adrenal gland NOS
Malignant neoplasms,723441000006116,363481002,482748019,B541.00,,Malignant neoplasm of parathyroid gland
Malignant neoplasms,720011000006116,1090931000000108,2732741000000112,B54X.00,,"Malignant neoplasm-pluriglandular involvement,unspecified"
Malignant neoplasms,289421017,371982006,1210569011,B54y.00,,Malignant neoplasm of other specified endocrine gland
Malignant neoplasms,729471000006114,371982006,1210569011,B54z.00,,Malig neop of endocrine gland or related structure NOS
Malignant neoplasms,289424013,188353002,289424013,B550.00,,"Malignant neoplasm of head, neck and face"
Malignant neoplasms,289425014,255056009,380072014,B550000,,Malignant neoplasm of head NOS
Malignant neoplasms,289426010,447949005,2900962011,B550100,,Malignant neoplasm of cheek NOS
Malignant neoplasms,289427018,1090251000000105,2731361000000116,B550200,,Malignant neoplasm of nose NOS
Malignant neoplasms,289428011,1090921000000106,2732721000000117,B550300,,Malignant neoplasm of jaw NOS
Malignant neoplasms,289429015,363489000,482765011,B550400,,Malignant neoplasm of neck NOS
Malignant neoplasms,289430013,1090951000000101,2732781000000116,B550500,,Malignant neoplasm of supraclavicular fossa NOS
Malignant neoplasms,289431012,188353002,289424013,B550z00,,"Malignant neoplasm of head, neck and face NOS"
Malignant neoplasms,289432017,188361007,289432017,B551.00,,Malignant neoplasm of thorax
Malignant neoplasms,289435015,363502009,482790013,B551000,,Malignant neoplasm of axilla NOS
Malignant neoplasms,289436019,712750007,3285316016,B551100,,Malignant neoplasm of chest wall NOS
Malignant neoplasms,289437011,428100006,2691955010,B551200,,Malignant neoplasm of intrathoracic site NOS
Malignant neoplasms,289438018,188361007,289432017,B551z00,,Malignant neoplasm of thorax NOS
Malignant neoplasms,289441010,188366002,289441010,B552.00,,Malignant neoplasm of abdomen
Malignant neoplasms,722761000006119,363484005,482755017,B553.00,,Malignant neoplasm of pelvis
Malignant neoplasms,289442015,1090941000000104,2732761000000113,B553000,,Malignant neoplasm of inguinal region NOS
Malignant neoplasms,155477015,93973004,155477015,B553100,,Malignant neoplasm of presacral region
Malignant neoplasms,155501015,93995000,155501015,B553200,,Malignant neoplasm of sacrococcygeal region
Malignant neoplasms,289445018,363484005,482755017,B553z00,,Malignant neoplasm of pelvis NOS
Malignant neoplasms,289446017,363503004,482792017,B554.00,,Malignant neoplasm of upper limb NOS
Malignant neoplasms,289447014,363504005,482794016,B555.00,,Malignant neoplasm of lower limb NOS
Malignant neoplasms,289448016,363346000,482491013,B55y.00,,Malignant neoplasm of other specified sites
Malignant neoplasms,289449012,1090321000000107,2731501000000112,B55y000,,Malignant neoplasm of back NOS
Malignant neoplasms,289450012,1090311000000101,2731481000000115,B55y100,,Malignant neoplasm of trunk NOS
Malignant neoplasms,289451011,1090301000000103,2731461000000112,B55y200,,Malignant neoplasm of flank NOS
Malignant neoplasms,289452016,363346000,482491013,B55yz00,,Malignant neoplasm of specified site NOS
Malignant neoplasms,723601000006116,302817000,444727016,B55z.00,,Malignant neoplasm of other and ill defined site NOS
Malignant neoplasms,289561018,302817000,444727016,B59..00,,Malignant neoplasm of unspecified site
Malignant neoplasms,289565010,363346000,1228480011,B591.00,,Other malignant neoplasm NOS
Malignant neoplasms,755631000006110,109392002,173951015,B592X00,,Kaposi's sarcoma of multiple organs
Malignant neoplasms,454091013,310504009,454091013,B593.00,,Primary malignant neoplasm of unknown site
Malignant neoplasms,380059013,255052006,380059013,B595.00,,Malignant tumour of unknown origin
Malignant neoplasms,289571016,363346000,482491013,B59z.00,,Malignant neoplasm of unspecified site NOS
Malignant neoplasms,755671000006113,109385007,202818010,B59zX00,,"Kaposi's sarcoma, unspecified"
Malignant neoplasms,723641000006119,363346000,482491013,B5y..00,,Malignant neoplasm of other and unspecified site OS
Malignant neoplasms,289574012,363346000,1208875016,B5z..00,,Malignant neoplasm of other and unspecified site NOS
Malignant neoplasms,445586018,118612006,445586018,B623.00,,Malignant histiocytosis
Malignant neoplasms,289750011,118612006,177031015,B623000,,Malignant histiocytosis of unspecified site
Malignant neoplasms,728571000006118,188640007,289751010,B623100,,"Malignant histiocytosis of lymph nodes head, face and neck"
Malignant neoplasms,154183017,93182006,154183017,B623300,,Malignant histiocytosis of intra-abdominal lymph nodes
Malignant neoplasms,289754019,118612006,177031015,B623z00,,Malignant histiocytosis NOS
Malignant neoplasms,745971000006116,118614007,177033017,B625.00,,Letterer-Siwe disease
Malignant neoplasms,289776011,118614007,177033017,B625000,,Letterer-Siwe disease of unspecified sites
Malignant neoplasms,154082012,93135004,154082012,B625200,,Letterer-Siwe disease of intrathoracic lymph nodes
Malignant neoplasms,154089015,93139005,154089015,B625800,,Letterer-Siwe disease of lymph nodes of multiple sites
Malignant neoplasms,289780018,118614007,177033017,B625z00,,Letterer-Siwe disease NOS
Malignant neoplasms,289781019,188660004,289781019,B626.00,,Malignant mast cell tumours
Malignant neoplasms,289783016,397009000,1776745013,B626000,,Mast cell malignancy of unspecified site
Malignant neoplasms,716911000006110,188666005,289788013,B626500,,Mast cell malignancy of lymph nodes inguinal region and leg
Malignant neoplasms,289791013,188669003,289791013,B626800,,Mast cell malignancy of lymph nodes of multiple sites
Malignant neoplasms,289793011,118615008,177034011,B626z00,,Malignant mast cell tumour NOS
Malignant neoplasms,289826016,188691005,289826016,B62x500,,Malignant immunoproliferative small intestinal disease
Malignant neoplasms,344806015,109988003,344806015,B62x600,,True histiocytic lymphoma
Malignant neoplasms,289849019,118600007,177018013,B62z.00,,Malignant neoplasms of lymphoid and histiocytic tissue NOS
Malignant neoplasms,81481000006118,118600007,177018013,B62z000,,Unspec malig neop lymphoid/histiocytic of unspecified site
Malignant neoplasms,81421000006117,118600007,177018013,B62z100,,Unspec malig neop lymphoid/histiocytic lymph node head/neck
Malignant neoplasms,81451000006114,118600007,177018013,B62z200,,Unspec malig neop lymphoid/histiocytic of intrathoracic node
Malignant neoplasms,81401000006110,118600007,177018013,B62z300,,Unspec malig neop lymphoid/histiocytic intra-abdominal nodes
Malignant neoplasms,81411000006113,118600007,177018013,B62z400,,Unspec malig neop lymphoid/histiocytic lymph node axilla/arm
Malignant neoplasms,81431000006119,118600007,177018013,B62z500,,Unspec malig neop lymphoid/histiocytic nodes inguinal/leg
Malignant neoplasms,81441000006112,118600007,177018013,B62z600,,Unspec malig neop lymphoid/histiocytic of intrapelvic nodes
Malignant neoplasms,81461000006111,118600007,177018013,B62z800,,Unspec malig neop lymphoid/histiocytic of multiple sites
Malignant neoplasms,403710016,269475001,403706019,B62zz00,,Lymphoid and histiocytic malignancy NOS
Malignant neoplasms,411516014,275524009,411516014,B62zz11,,Immunoproliferative neoplasm
Malignant neoplasms,289873010,275524009,411516014,B63y.00,,Other immunoproliferative neoplasms
Malignant neoplasms,289874016,275524009,411516014,B63z.00,,Immunoproliferative neoplasm or myeloma NOS
Malignant neoplasms,727811000006111,269475001,403705015,B6y..00,,Malignant neoplasm lymphatic or haematopoietic tissue OS
Malignant neoplasms,289987014,269475001,403705015,B6z..00,,Malignant neoplasm lymphatic or haematopoietic tissue NOS
Malignant neoplasms,173950019,109391009,173950019,B6z0.00,,Kaposi's sarcoma of lymph nodes
Malignant neoplasms,304661000006114,25190001,1224772013,BB57.00,,"[M]Adenocarcinoma, intestinal type"
Malignant neoplasms,305011000006117,2227007,4846017,BB5h100,,[M]Adrenal cortical carcinoma
Malignant neoplasms,309741000006117,39000009,491878017,BBT1.00,,[M]Haemangiosarcoma
Malignant neoplasms,309641000006111,33176006,1216413014,BBT7100,,"[M]Haemangioendothelioma, malignant"
Malignant neoplasms,305081000006112,76060004,1788158015,BBcC.00,,[M]Aesthesioneuroblastoma
Malignant neoplasms,314231000006116,76060004,126335013,BBcC.11,,[M]Olfactory neuroblastoma
Malignant neoplasms,314241000006114,68614005,501064013,BBcD.11,,[M]Olfactory neuroepithelioma
Malignant neoplasms,1220820016,128813000,1220820016,BBm4.00,,[M]True histiocytic lymphoma
Malignant neoplasms,292102015,363508008,482802017,Byu1200,,"[X]Malignant neoplasm of intestinal tract, part unspecified"
Malignant neoplasms,396651000006117,428905002,2693067015,Byu1300,,[X]Malignant neoplsm/ill-defin sites within digestive system
Malignant neoplasms,396511000006119,449096009,2899758015,Byu2400,,[X]Malignant neoplasm/ill-defined sites within resp system
Malignant neoplasms,292110019,363494000,482776010,Byu2500,,"[X]Malignant neoplasm of mediastinum, part unspecified"
Malignant neoplasms,292116013,372130007,1210707014,Byu4.00,,[X]Melanoma and other malignant neoplasms of skin
Malignant neoplasms,292128017,109385007,202818010,Byu5300,,"[X]Kaposi's sarcoma, unspecified"
Malignant neoplasms,396601000006116,1090901000000102,2732681000000112,Byu5400,,"[X]Malignant neoplasm/peripheral nerves of trunk,unspecified"
Malignant neoplasms,396111000006110,109919002,174612018,Byu5500,,[X]Mal neoplasm/overlap les/periph nerv+autonomic nerv systm
Malignant neoplasms,292132011,363492001,482771017,Byu5700,,"[X]Malignant neoplasm of peritoneum, unspecified"
Malignant neoplasms,396091000006118,269469005,403699012,Byu5800,,"[X]Mal neoplasm/connective+soft tissue of trunk,unspecified"
Malignant neoplasms,396501000006117,269469005,403699012,Byu5900,,"[X]Malignant neoplasm/connective + soft tissue,unspecified"
Malignant neoplasms,292136014,109385007,202818010,Byu5B00,,[X]Kaposi's sarcoma of other sites
Malignant neoplasms,292139019,428322007,2694321016,Byu7000,,"[X]Malignant neoplasm of uterine adnexa, unspecified"
Malignant neoplasms,396531000006113,363514001,482815014,Byu7100,,[X]Malignant neoplasm/other specified female genital organs
Malignant neoplasms,292142013,363514001,482815014,Byu7300,,"[X]Malignant neoplasm of female genital organ, unspecified"
Malignant neoplasms,396541000006115,363515000,482817018,Byu8000,,[X]Malignant neoplasm/other specified male genital organs
Malignant neoplasms,292146011,363515000,482817018,Byu8200,,"[X]Malignant neoplasm of male genital organ, unspecified"
Malignant neoplasms,292148012,448233000,2899410013,Byu9000,,"[X]Malignant neoplasm of urinary organ, unspecified"
Malignant neoplasms,292154013,371982006,1210569011,ByuB.00,,[X]Malignant neoplasm of thyroid and other endocrine glands
Malignant neoplasms,292156010,371982006,1210569011,ByuB100,,"[X]Malignant neoplasm of endocrine gland, unspecified"
Malignant neoplasms,396281000006111,363346000,482491013,ByuC.00,,"[X]Malignant neoplasm of ill-defined, secondary and unspeci"
Malignant neoplasms,292158011,363346000,1208875016,ByuC000,,[X]Malignant neoplasm of other specified sites
Malignant neoplasms,396571000006111,109358000,173910017,ByuC100,,[X]Malignant neoplasm/overlap lesion/other+ill-defined sites
Malignant neoplasms,359281000006113,94442001,156461011,ByuC600,,[X]2ndry malignant neoplasm/oth+unspec parts/nervous system
Malignant neoplasms,292166019,302817000,444727016,ByuC800,,[X]Malignant neoplasm without specification of site
Malignant neoplasms,292175017,109980005,174676012,ByuD400,,[X]Other malignant immunoproliferative diseases
Malignant neoplasms,405081000006118,269475001,403705015,ByuDA00,,"[X]Oth spcf mal neoplsm/lymphoid,haematopoietic+rltd tissue"
Malignant neoplasms,396101000006112,269475001,403706019,ByuDB00,,"[X]Mal neoplasm/lymphoid,haematopoietic+related tissu,unspcf"
Malignant neoplasms,815441000006111,39795003,67100012,C37y000,,Hand - Schuller - Christian disease
Malignant neoplasms,474703011,129000002,474703011,C37y100,,Eosinophilic granuloma
Malignant neoplasms,824251000006116,190955000,293616019,C37y500,,"Histiocytosis X , chronic"
Malignant neoplasms,293617011,65399007,108660017,C37y600,,"Histiocytosis X , unspecified"
Malignant neoplasms,723281000006111,363443007,482684016,B440.00,,Malignant neoplasm of ovary
Malignant neoplasms,1228570010,363443007,1228570010,B440.11,,Cancer of ovary
Malignant neoplasms,307971000006119,30289006,50697019,BB5j200,,[M]Endometrioid carcinoma
Malignant neoplasms,307921000006115,18105004,1221668019,BB5j500,,"[M]Endometrioid adenofibroma, malignant"
Malignant neoplasms,317041000006111,18854008,1222203017,BBQA100,,"[M]Struma ovarii, malignant"
Malignant neoplasms,451077018,307726001,451077018,D212000,,Anaemia in ovarian carcinoma
Malignant neoplasms,880461000006118,399326009,880461000006118,,,Carcinoma bladder
Malignant neoplasms,6620961000006112,399326009,1773307015,,,Malignant tumour of urinary bladder
Malignant neoplasms,1803771000006112,314968009,1803771000006112,,,local recurrence of malignant tumour of urinary bladder
Malignant neoplasms,1786811017,399326009,1786811017,B49..00,,Malignant neoplasm of urinary bladder
Malignant neoplasms,289262014,188239000,289262014,B490.00,,Malignant neoplasm of trigone of urinary bladder
Malignant neoplasms,289267015,188240003,289267015,B491.00,,Malignant neoplasm of dome of urinary bladder
Malignant neoplasms,289270016,188241004,289270016,B492.00,,Malignant neoplasm of lateral wall of urinary bladder
Malignant neoplasms,289271017,188242006,289271017,B493.00,,Malignant neoplasm of anterior wall of urinary bladder
Malignant neoplasms,289272012,188243001,289272012,B494.00,,Malignant neoplasm of posterior wall of urinary bladder
Malignant neoplasms,289275014,188244007,289275014,B495.00,,Malignant neoplasm of bladder neck
Malignant neoplasms,289276010,188245008,289276010,B496.00,,Malignant neoplasm of ureteric orifice
Malignant neoplasms,720951000006119,363456000,482708010,B497.00,,Malignant neoplasm of urachus
Malignant neoplasms,459399016,314968009,459399016,B498.00,,Local recurrence of malignant tumour of urinary bladder
Malignant neoplasms,289279015,399326009,1773307015,B49y.00,,Malignant neoplasm of other site of urinary bladder
Malignant neoplasms,289280017,188247000,289280017,B49y000,,"Malignant neoplasm, overlapping lesion of bladder"
Malignant neoplasms,289281018,399326009,1786811017,B49z.00,,Malignant neoplasm of urinary bladder NOS
Malignant neoplasms,511747013,94989005,511747013,B9000,B900000,Neoplasm of uncertain behaviour of parotid gland
Malignant neoplasms,511765012,95001001,511765012,B901-2,B901.12,Neoplasm of uncertain behaviour of pharynx
Malignant neoplasms,4045761000006119,94851001,157268014,^ESCTNE404576,,Neoplasm of uncertain behavior of gastrointestinal tract
Malignant neoplasms,4047901000006111,94959003,157413012,^ESCTNE404790,,Neoplasm of uncertain behavior of nasopharyngeal wall
Malignant neoplasms,399721000006110,118616009,445640011,ByuH9,ByuH900,[X]Neoplasm/uncertain+unknown behavior/other specified sites
Malignant neoplasms,5344791000006116,254463006,378852011,^ESCTMI534479,,Mixed parotid tumor
Malignant neoplasms,11918651000006114,118616009,177035012,^ESCT1191865,,Neoplastic disease of uncertain behavior
Malignant neoplasms,4309961000006113,118616009,445639014,^ESCTNE430996,,Neoplasms of uncertain behavior
Malignant neoplasms,4756391000006115,189371000,2475176014,^ESCTNE475639,,Neoplasm of uncertain behavior of gum
Malignant neoplasms,4756371000006116,189371000,290935016,^ESCTNE475637,,Neoplasm of uncertain behavior of gums
Malignant neoplasms,680011000006118,271326004,406055012,B901,B901.00,"Neop of uncertain behaviour of lip, oral cavity and pharynx"
Malignant neoplasms,4048811000006119,95001001,157467018,^ESCTNE404881,,Neoplasm of uncertain behavior of pharynx
Malignant neoplasms,4756381000006118,189371000,2474971013,^ESCTNE475638,,Neoplasm of uncertain behaviour of gum
Malignant neoplasms,4045751000006116,94851001,511570015,^ESCTNE404575,,Neoplasm of uncertain behaviour of gastrointestinal tract
Malignant neoplasms,4048551000006119,94989005,157452017,^ESCTNE404855,,Neoplasm of uncertain behavior of parotid gland
Malignant neoplasms,4309941000006111,118616009,4309941000006111,^ESCTNE430994,,Neoplastic disease of uncertain behaviour
Malignant neoplasms,4756341000006112,189365006,2474970014,^ESCTNE475634,,Neoplasm of uncertain behaviour of submaxillary gland
Malignant neoplasms,4048271000006113,94975000,157434017,^ESCTNE404827,,Neoplasm of uncertain behavior of palate
Malignant neoplasms,4045561000006111,94842009,157255018,^ESCTNE404556,,Neoplasm of uncertain behavior of floor of mouth
Malignant neoplasms,4048231000006111,94973007,157431013,^ESCTNE404823,,Neoplasm of uncertain behavior of oropharynx
Malignant neoplasms,4047911000006113,94959003,511707018,^ESCTNE404791,,Neoplasm of uncertain behaviour of nasopharyngeal wall
Malignant neoplasms,4051651000006111,95141008,157630016,^ESCTNE405165,,Neoplasm of uncertain behavior of tongue
Malignant neoplasms,4051131000006111,95116001,157600012,^ESCTNE405113,,Neoplasm of uncertain behavior of sublingual gland
Malignant neoplasms,4047411000006117,94936009,157382012,^ESCTNE404741,,Neoplasm of uncertain behavior of minor salivary gland
Malignant neoplasms,4046901000006113,94909007,157344016,^ESCTNE404690,,Neoplasm of uncertain behavior of lip
Malignant neoplasms,5523461000006115,271326004,3084113014,^ESCTNE552346,,"Neoplasm of uncertain behavior of lip, oral cavity and/or pharynx"
Malignant neoplasms,5523451000006117,271326004,406056013,^ESCTNE552345,,"Neoplasm of uncertain behavior of lip, oral cavity and pharynx"
Malignant neoplasms,4756331000006119,189365006,290917013,^ESCTNE475633,,Neoplasm of uncertain behavior of submandibular gland
Malignant neoplasms,679351000006115,94851001,157268014,B902,B902.00,"Neop of uncertain behaviour stomach, intestines and rectum"
Malignant neoplasms,680041000006119,118616009,177035012,B907z,B907z00,"Neop of uncertain behaviour of trachea, bronchus or lung NOS"
Malignant neoplasms,292247011,118616009,445640011,ByuH,ByuH.00,[X]Neoplasms of uncertain and unknown behaviour
Malignant neoplasms,680091000006111,118616009,177035012,B902z,B902z00,"Neop of uncertain behaviour stomach, intestine or rectum NOS"
Malignant neoplasms,511939016,95141008,511939016,B9011,B901100,Neoplasm of uncertain behaviour of tongue
Malignant neoplasms,290907015,189362009,290907015,B900,B900.00,Neoplasm of uncertain behaviour of major salivary glands
Malignant neoplasms,4044471000006115,94793009,157189012,^ESCTNE404447,,Neoplasm of uncertain behavior of cheek
Malignant neoplasms,4046141000006113,94871005,157294017,^ESCTNE404614,,Neoplasm of uncertain behavior of hypopharynx
Malignant neoplasms,290916016,189365006,290916016,B9002,B900200,Neoplasm of uncertain behaviour of submandibular gland
Malignant neoplasms,290934017,189371000,290934017,B9013,B901300,Neoplasm of uncertain behaviour of gums
Malignant neoplasms,378851016,254463006,378851016,B9000-1,B900011,Mixed parotid tumour
Malignant neoplasms,445641010,118616009,445641010,B9,B9...00,Neoplasms of uncertain behaviour
Malignant neoplasms,511557012,94842009,511557012,B9014,B901400,Neoplasm of uncertain behaviour of floor of mouth
Malignant neoplasms,511640017,94909007,511640017,B9010,B901000,Neoplasm of uncertain behaviour of lip
Malignant neoplasms,511680014,94936009,511680014,B9012,B901200,Neoplasm of uncertain behaviour of minor salivary gland
Malignant neoplasms,511727017,94973007,511727017,B9018,B901800,Neoplasm of uncertain behaviour of oropharynx
Malignant neoplasms,511729019,94975000,511729019,B9016,B901600,Neoplasm of uncertain behaviour of palate
Malignant neoplasms,290919011,189362009,2469009012,B900z,B900z00,Neoplasm of uncertain behaviour of major salivary gland NOS
Malignant neoplasms,881211000006111,118616009,881211000006111,B9-99,B9...99,Other uncertain neoplasms
Malignant neoplasms,511491014,94793009,511491014,B9015,B901500,Neoplasm of uncertain behaviour of cheek
Malignant neoplasms,511708011,94959003,511708011,B9017,B901700,Neoplasm of uncertain behaviour of nasopharynx
Malignant neoplasms,380084011,255062004,380084011,B901-1,B901.11,Neoplasm of uncertain behaviour of oral cavity
Malignant neoplasms,405091000006115,118616009,177035012,ByuH7,ByuH700,"[X]Oth spcf neo/uncrt+unknwn behav/lymph,h'matopetic+rel tis"
Malignant neoplasms,292269016,118616009,445640011,ByuHA,ByuHA00,"[X]Neoplasm of uncertain and unknown behaviour, unspecified"
Malignant neoplasms,4047891000006112,94959003,157410010,^ESCTNE404789,,Neoplasm of uncertain behavior of nasopharynx
Malignant neoplasms,4756311000006113,189362009,2469433011,^ESCTNE475631,,Neoplasm of uncertain behavior of major salivary gland
Malignant neoplasms,511594015,94871005,511594015,B9019,B901900,Neoplasm of uncertain behaviour of hypopharynx
Malignant neoplasms,511904016,95116001,511904016,B9001,B900100,Neoplasm of uncertain behaviour of sublingual gland
Malignant neoplasms,679981000006112,271326004,406055012,B901z,B901z00,"Neop of uncertain behaviour lip, oral cavity and pharynx NOS"
Malignant neoplasms,5355521000006113,255062004,380083017,^ESCTNE535552,,Neoplasm of uncertain behavior of oral cavity
Malignant neoplasms,4756351000006114,189365006,2475175013,^ESCTNE475635,,Neoplasm of uncertain behavior of submaxillary gland
Malignant neoplasms,799181000006112,126824007,473860014,B11-1,B11..11,Gastric neoplasm
Malignant neoplasms,4388411000006112,126824007,473861013,^ESCTTU438841,,Tumor of stomach
Malignant neoplasms,6632431000006114,399967006,1774765015,^ESCTNE663243,,Neoplasm of uncertain behavior of stomach
Malignant neoplasms,1773479017,399967006,1773479017,B9020,B902000,Neoplasm of uncertain behaviour of stomach
Malignant neoplasms,4388391000006112,126824007,112013,^ESCTNE438839,,Neoplasm of stomach
Malignant neoplasms,4046161000006113,94872003,157296015,^ESCTNE404616,,Neoplasm of uncertain behavior of ileum
Malignant neoplasms,4046461000006117,94886004,157316017,^ESCTNE404646,,Neoplasm of uncertain behavior of jejunum
Malignant neoplasms,4044961000006117,94815008,157218018,^ESCTNE404496,,Neoplasm of uncertain behavior of duodenum
Malignant neoplasms,511595019,94872003,511595019,B9023,B902300,Neoplasm of uncertain behaviour of ileum
Malignant neoplasms,511612010,94886004,511612010,B9022,B902200,Neoplasm of uncertain behaviour of jejunum
Malignant neoplasms,511520018,94815008,511520018,B9021,B902100,Neoplasm of uncertain behaviour of duodenum
Malignant neoplasms,4043461000006113,94744004,1218791018,^ESCTNE404346,,Neoplasm of uncertain or unknown behavior of appendix
Malignant neoplasms,4388791000006111,126837005,473870011,^ESCTTU438879,,Tumor of large intestine
Malignant neoplasms,4388781000006113,126837005,473869010,^ESCTTU438878,,Tumour of large intestine
Malignant neoplasms,4043431000006116,94744004,511430013,^ESCTNE404343,,Neoplasm of uncertain behaviour of appendix
Malignant neoplasms,4388771000006111,126837005,125017,^ESCTNE438877,,Neoplasm of large intestine
Malignant neoplasms,4043441000006113,94744004,157121013,^ESCTNE404344,,Neoplasm of uncertain behavior of appendix
Malignant neoplasms,1217303013,94744004,1217303013,B9026,B902600,Neoplasm of uncertain or unknown behaviour of appendix
Malignant neoplasms,290752011,126837005,125017,B804z,B804z00,Carcinoma in situ of rectum or rectosigmoid junction NOS
Malignant neoplasms,4044631000006115,94801006,157199019,^ESCTNE404463,,Neoplasm of uncertain behavior of colon
Malignant neoplasms,511501015,94801006,511501015,B9024,B902400,Neoplasm of uncertain behaviour of colon
Malignant neoplasms,4049271000006115,95024008,157492015,^ESCTNE404927,,Neoplasm of uncertain behavior of rectum
Malignant neoplasms,511792018,95024008,511792018,B9025,B902500,Neoplasm of uncertain behaviour of rectum
Malignant neoplasms,291380016,126853008,141016,BB5D,BB5D.00,[M]Hepatobiliary tract adenomas and carcinomas
Malignant neoplasms,291383019,126853008,141016,BB5Dz,BB5Dz00,[M]Hepatobiliary adenoma or carcinoma NOS
Malignant neoplasms,305971000006113,126853008,141016,BB5D-1,BB5D.11,[M]Biliary tract adenomas and adenocarcinomas
Malignant neoplasms,4756461000006117,189397006,290992015,^ESCTNE475646,,Neoplasm of uncertain behavior of sphincter of Oddi
Malignant neoplasms,4046331000006119,94880005,511606017,^ESCTNE404633,,Neoplasm of uncertain behaviour of intrahepatic bile ducts
Malignant neoplasms,679121000006110,94850000,511569016,B9033,B903300,Neoplasm of uncertain behaviour of gall bladder
Malignant neoplasms,679211000006113,94880005,511606017,B9031,B903100,Neoplasm of uncertain behaviour of intra-hepatic bile ducts
Malignant neoplasms,4046341000006112,94880005,157308014,^ESCTNE404634,,Neoplasm of uncertain behavior of intrahepatic bile ducts
Malignant neoplasms,5355541000006118,255064003,380087016,^ESCTNE535554,,Neoplasm of uncertain behavior of biliary system
Malignant neoplasms,4045741000006119,94850000,157267016,^ESCTNE404574,,Neoplasm of uncertain behavior of gallbladder
Malignant neoplasms,4389291000006113,126853008,4389291000006113,^ESCTNE438929,,Neoplasm of biliary tract
Malignant neoplasms,4045731000006111,94850000,511569016,^ESCTNE404573,,Neoplasm of uncertain behaviour of gallbladder
Malignant neoplasms,4389311000006113,126853008,473896013,^ESCTTU438931,,Tumour of biliary tract
Malignant neoplasms,4044841000006113,94810003,157211012,^ESCTNE404484,,Neoplasm of uncertain behavior of cystic duct
Malignant neoplasms,680021000006114,271482000,1476437013,B903z,B903z00,Neop of uncertain behaviour of liver or biliary passages NOS
Malignant neoplasms,4044671000006117,94803009,157202012,^ESCTNE404467,,Neoplasm of uncertain behavior of common bile duct
Malignant neoplasms,4389301000006111,126853008,473895012,^ESCTTU438930,,Tumor of biliary tract
Malignant neoplasms,290981016,189392000,290981016,B9032,B903200,Neoplasm of uncertain behaviour of hepatic duct
Malignant neoplasms,290993013,189397006,290993013,B9037,B903700,Neoplasm of uncertain behaviour of sphincter of Oddi
Malignant neoplasms,511503017,94803009,511503017,B9035,B903500,Neoplasm of uncertain behaviour of common bile duct
Malignant neoplasms,511513013,94810003,511513013,B9034,B903400,Neoplasm of uncertain behaviour of cystic duct
Malignant neoplasms,511643015,94910002,511643015,B9030,B903000,Neoplasm of uncertain behaviour of liver
Malignant neoplasms,511416015,94733007,511416015,B9036,B903600,Neoplasm of uncertain behaviour of ampulla of Vater
Malignant neoplasms,679281000006118,271482000,406280016,B903,B903.00,Neoplasm of uncertain behaviour of liver and biliary passage
Malignant neoplasms,5525091000006115,271482000,1477400011,^ESCTNE552509,,Neoplasm of uncertain behavior of liver and/or biliary passages
Malignant neoplasms,4046921000006116,94910002,157346019,^ESCTNE404692,,Neoplasm of uncertain behavior of liver
Malignant neoplasms,4043221000006119,94733007,157108018,^ESCTNE404322,,Neoplasm of uncertain behavior of ampulla of Vater
Malignant neoplasms,380088014,255064003,380088014,B903-1,B903.11,Neoplasm of uncertain behaviour of biliary system
Malignant neoplasms,4756441000006116,189392000,290982011,^ESCTNE475644,,Neoplasm of uncertain behavior of hepatic duct
Malignant neoplasms,291375013,126859007,147017,BB5B,BB5B.00,[M]Pancreatic adenomas and carcinomas
Malignant neoplasms,399741000006115,448908007,2901664016,ByuH0,ByuH000,[X]Neoplasm/uncertain+unknown behaviour/oth digestive organs
Malignant neoplasms,4756521000006110,189406008,291011015,^ESCTNE475652,,Neoplasm of uncertain behavior of anal canal and sphincter
Malignant neoplasms,7361781000006110,448908007,7361781000006110,^ESCTNE736178,,Neoplasm of uncertain behaviour of digestive organ
Malignant neoplasms,223131000000119,237596009,356071017,B7170-1,B717011,Endocrine tumour of pancreas
Malignant neoplasms,4045161000006119,94825003,157230012,^ESCTNE404516,,Neoplasm of uncertain behavior of esophagus
Malignant neoplasms,4048351000006111,94978003,157439010,^ESCTNE404835,,Neoplasm of uncertain behavior of pancreas
Malignant neoplasms,4389451000006119,126859007,473905018,^ESCTTU438945,,Tumour of pancreas
Malignant neoplasms,4389431000006113,126859007,147017,^ESCTNE438943,,Neoplasm of pancreas
Malignant neoplasms,5109381000006116,237596009,356069017,^ESCTPA510938,,Pancreatic endocrine tumour
Malignant neoplasms,5109371000006119,237596009,356068013,^ESCTTU510937,,Tumor of endocrine pancreas
Malignant neoplasms,511733014,94978003,511733014,B9051,B905100,Neoplasm of uncertain behaviour of pancreas
Malignant neoplasms,511899015,95111006,511899015,B9053,B905300,Neoplasm of uncertain behaviour of spleen
Malignant neoplasms,4389441000006116,126859007,473904019,^ESCTTU438944,,Tumor of pancreas
Malignant neoplasms,5109391000006118,237596009,356070016,^ESCTPA510939,,Pancreatic endocrine tumor
Malignant neoplasms,4051051000006115,95111006,157594016,^ESCTNE405105,,Neoplasm of uncertain behavior of spleen
Malignant neoplasms,11918701000006116,448908007,2901663010,^ESCT1191870,,Neoplasm of uncertain behavior of digestive organ
Malignant neoplasms,511535017,94825003,511535017,B9050,B905000,Neoplasm of uncertain behaviour of oesophagus
Malignant neoplasms,291010019,189406008,291010019,B9052,B905200,Neoplasm of uncertain behaviour of anal canal and sphincter
Malignant neoplasms,291377017,126859007,147017,BB5Bz,BB5Bz00,[M]Pancreatic adenoma or carcinoma NOS
Malignant neoplasms,6948591000006114,420120006,2579797016,^ESCTGI694859,,GIST - Gastrointestinal stromal tumor
Malignant neoplasms,6948611000006115,420120006,2841098010,^ESCTGA694861,,Gastrointestinal stromal sarcoma
Malignant neoplasms,6948581000006111,420120006,2576874013,^ESCTGA694858,,Gastrointestinal stromal tumor
Malignant neoplasms,2576875014,420120006,2576875014,B9054,B905400,Gastrointestinal stromal tumour
Malignant neoplasms,6948601000006118,420120006,2841097017,^ESCTGI694860,,GIST - Gastrointestinal stromal tumour
Malignant neoplasms,4756571000006111,189412003,291021011,^ESCTNE475657,,Neoplasm of uncertain behavior of cricoid cartilage
Malignant neoplasms,4756631000006112,189416000,291029013,^ESCTNE475663,,Neoplasm of uncertain behavior of cuneiform cartilage
Malignant neoplasms,4052521000006112,95181001,1217309012,^ESCTTU405252,,Tumour of vocal cord
Malignant neoplasms,7271101000006118,443042003,2837669018,^ESCTNE727110,,Neoplasm of uncertain behavior of skeletal system
Malignant neoplasms,4045391000006111,94835009,1217304019,^ESCTTU404539,,Tumour of false cord
Malignant neoplasms,7271091000006114,443042003,2837670017,^ESCTNE727109,,Neoplasm of uncertain behaviour of skeletal system
Malignant neoplasms,4756611000006118,189415001,291028017,^ESCTNE475661,,Neoplasm of uncertain behavior of corniculate cartilage
Malignant neoplasms,4045141000006117,94824004,157228010,^ESCTNE404514,,Neoplasm of uncertain behavior of epiglottis
Malignant neoplasms,4756541000006115,189410006,291019018,^ESCTNE475654,,Neoplasm of uncertain behavior of thyroid cartilage
Malignant neoplasms,4045381000006113,94835009,511547011,^ESCTNE404538,,Neoplasm of uncertain behaviour of ventricular bands of larynx
Malignant neoplasms,4045371000006111,94835009,157245017,^ESCTNE404537,,Neoplasm of uncertain behavior of ventricular bands of larynx
Malignant neoplasms,4052531000006111,95181001,1218797019,^ESCTTU405253,,Tumor of vocal cord
Malignant neoplasms,4046721000006119,94899001,157331014,^ESCTNE404672,,Neoplasm of uncertain behavior of larynx
Malignant neoplasms,4045401000006113,94835009,1218792013,^ESCTTU404540,,Tumor of false cord
Malignant neoplasms,4756591000006112,189414002,291025019,^ESCTNE475659,,Neoplasm of uncertain behavior of arytenoid cartilage
Malignant neoplasms,679991000006110,443042003,2837669018,B930,B930.00,Neop of uncertain behaviour of bone and articular cartilage
Malignant neoplasms,679371000006113,443042003,2837669018,B930z,B930z00,Neop uncertain behaviour of bone or articular cartilage NOS
Malignant neoplasms,1490304011,94835009,1490304011,B9067,B906700,Neoplasm of uncertain behaviour of vestibular fold
Malignant neoplasms,4045361000006115,94835009,157244018,^ESCTNE404536,,Neoplasm of uncertain behavior of false vocal cord
Malignant neoplasms,291022016,189412003,291022016,B9061,B906100,Neoplasm of uncertain behaviour of cricoid cartilage
Malignant neoplasms,291026018,189414002,291026018,B9063,B906300,Neoplasm of uncertain behaviour of arytenoid cartilage
Malignant neoplasms,291027010,189415001,291027010,B9064,B906400,Neoplasm of uncertain behaviour of corniculate cartilage
Malignant neoplasms,291030015,189416000,291030015,B9065,B906500,Neoplasm of uncertain behaviour of cuneiform cartilage
Malignant neoplasms,291031016,189417009,291031016,B9066,B906600,Neoplasm of uncertain behaviour of aryepiglottic fold
Malignant neoplasms,511627010,94899001,511627010,B906,B906.00,Neoplasm of uncertain behaviour of larynx
Malignant neoplasms,291038010,94899001,511627010,B906z,B906z00,Neoplasm of uncertain behaviour of larynx NOS
Malignant neoplasms,511989012,95181001,511989012,B9068,B906800,Neoplasm of uncertain behaviour of vocal cord
Malignant neoplasms,4756651000006117,189417009,291032011,^ESCTNE475665,,Neoplasm of uncertain behavior of aryepiglottic fold
Malignant neoplasms,4045421000006115,94835009,1490535018,^ESCTNE404542,,Neoplasm of uncertain behavior of vestibular fold
Malignant neoplasms,511534018,94824004,511534018,B9062,B906200,Neoplasm of uncertain behaviour of epiglottis
Malignant neoplasms,291018014,189410006,291018014,B9060,B906000,Neoplasm of uncertain behaviour of thyroid cartilage
Malignant neoplasms,4045351000006117,94835009,511548018,^ESCTNE404535,,Neoplasm of uncertain behaviour of false vocal cord
Malignant neoplasms,4052511000006116,95181001,157680010,^ESCTNE405251,,Neoplasm of uncertain behavior of vocal cord
Malignant neoplasms,4044061000006119,94774007,157165017,^ESCTNE404406,,Neoplasm of uncertain behavior of bronchus
Malignant neoplasms,511663010,94920007,511663010,B9072,B907200,Neoplasm of uncertain behaviour of lung
Malignant neoplasms,511467017,94774007,511467017,B9071,B907100,Neoplasm of uncertain behaviour of bronchus
Malignant neoplasms,511942010,95144000,511942010,B9070,B907000,Neoplasm of uncertain behaviour of trachea
Malignant neoplasms,4051711000006119,95144000,157634013,^ESCTNE405171,,Neoplasm of uncertain behavior of trachea
Malignant neoplasms,4047121000006116,94920007,157360017,^ESCTNE404712,,Neoplasm of uncertain behavior of lung
Malignant neoplasms,511770017,95006006,511770017,B9080,B908000,Neoplasm of uncertain behaviour of pleura
Malignant neoplasms,4048911000006113,95006006,157473017,^ESCTNE404891,,Neoplasm of uncertain behavior of pleura
Malignant neoplasms,680061000006115,94931004,157376014,B908,B908.00,"Neop of uncertain behaviour pleura, thymus and mediastinum"
Malignant neoplasms,4047311000006111,94931004,157376014,^ESCTNE404731,,Neoplasm of uncertain behavior of mediastinum
Malignant neoplasms,511675017,94931004,511675017,B9082,B908200,Neoplasm of uncertain behaviour of mediastinum
Malignant neoplasms,4051531000006119,95136000,157625015,^ESCTNE405153,,Neoplasm of uncertain behavior of thymus
Malignant neoplasms,511929010,95136000,511929010,B9081,B908100,Neoplasm of uncertain behaviour of thymus
Malignant neoplasms,4045701000006115,94848008,157265012,^ESCTNE404570,,Neoplasm of uncertain behavior of frontal sinus
Malignant neoplasms,4050951000006113,95107000,157587019,^ESCTNE405095,,Neoplasm of uncertain behavior of sphenoidal sinus
Malignant neoplasms,4756711000006114,189432002,291061012,^ESCTNE475671,,Neoplasm of uncertain behavior of tympanic cavity
Malignant neoplasms,4045221000006119,94828001,157234015,^ESCTNE404522,,Neoplasm of uncertain behavior of eustachian tube
Malignant neoplasms,4756751000006110,189435000,291068018,^ESCTNE475675,,Neoplasm of uncertain behavior of mastoid air cells
Malignant neoplasms,4756731000006115,189433007,291064016,^ESCTNE475673,,Neoplasm of uncertain behavior of tympanic antrum
Malignant neoplasms,4047851000006119,94957001,157407015,^ESCTNE404785,,Neoplasm of uncertain behavior of nasal cavity
Malignant neoplasms,4045201000006112,94827006,157233014,^ESCTNE404520,,Neoplasm of uncertain behavior of ethmoidal sinus
Malignant neoplasms,511892012,95107000,511892012,B90z8,B90z800,Neoplasm of uncertain behaviour of sphenoidal sinus
Malignant neoplasms,291063010,189433007,291063010,B90z2,B90z200,Neoplasm of uncertain behaviour of tympanic antrum
Malignant neoplasms,4047261000006115,94929008,157374012,^ESCTNE404726,,Neoplasm of uncertain behavior of maxillary sinus
Malignant neoplasms,291067011,189435000,291067011,B90z4,B90z400,Neoplasm of uncertain behaviour of mastoid air cells
Malignant neoplasms,511537013,94827006,511537013,B90z6,B90z600,Neoplasm of uncertain behaviour of ethmoidal sinus
Malignant neoplasms,511538015,94828001,511538015,B90z3,B90z300,Neoplasm of uncertain behaviour of eustachian tube
Malignant neoplasms,511564014,94848008,511564014,B90z7,B90z700,Neoplasm of uncertain behaviour of frontal sinus
Malignant neoplasms,511672019,94929008,511672019,B90z5,B90z500,Neoplasm of uncertain behaviour of maxillary sinus
Malignant neoplasms,511705014,94957001,511705014,B90z0,B90z000,Neoplasm of uncertain behaviour of nasal cavity
Malignant neoplasms,291062017,189432002,291062017,B90z1,B90z100,Neoplasm of uncertain behaviour of tympanic cavity
Malignant neoplasms,4049321000006111,95026005,4049321000006111,^ESCTNE404932,,Neoplasm of uncertain behaviour of respiratory tract
Malignant neoplasms,11918671000006116,95026005,157494019,^ESCT1191867,,Neoplasm of uncertain behavior of respiratory tract
Malignant neoplasms,678461000006119,95026005,157494019,B907,B907.00,"Neoplasm of uncertain behaviour trachea, bronchus and lung"
Malignant neoplasms,399711000006119,95026005,511794017,ByuH1,ByuH100,[X]Neoplasm/uncertain+unknown behavior/oth respirtory organs
Malignant neoplasms,511971011,95167003,511971011,B910,B910.00,Neoplasm of uncertain behaviour of uterus
Malignant neoplasms,4052191000006119,95167003,157664017,^ESCTNE405219,,Neoplasm of uncertain behavior of uterus
Malignant neoplasms,4048251000006116,94974001,157433011,^ESCTNE404825,,Neoplasm of uncertain behavior of ovary
Malignant neoplasms,511728010,94974001,511728010,B912,B912.00,Neoplasm of uncertain behaviour of ovary
Malignant neoplasms,291092014,95005005,157472010,B911z,B911z00,Uncertain neoplasm of placenta NOS
Malignant neoplasms,552641000006110,416669000,2553896010,B9110-1,B911011,Choriadenoma (destruens)
Malignant neoplasms,6895481000006115,416669000,2553898011,^ESCTIN689548,,Invasive mole
Malignant neoplasms,6895471000006118,416669000,2553897018,^ESCTIM689547,,IM - Invasive mole
Malignant neoplasms,4048891000006111,95005005,157472010,^ESCTNE404889,,Neoplasm of uncertain behavior of placenta
Malignant neoplasms,511769018,95005005,511769018,B911,B911.00,Neoplasm of uncertain behaviour of placenta
Malignant neoplasms,6895461000006113,416669000,2553896010,^ESCTCH689546,,Chorioadenoma destruens
Malignant neoplasms,31698014,416669000,2549192013,B9110,B911000,Malignant hydatidiform mole
Malignant neoplasms,6895451000006111,416669000,2553895014,^ESCTCH689545,,Chorioadenoma
Malignant neoplasms,2553899015,416669000,2553899015,B9110-2,B911012,Invasive mole - placenta
Malignant neoplasms,291472010,126488004,82493010,BB60,BB60.00,[M]Skin appendage adenoma and carcinoma
Malignant neoplasms,291475012,126488004,82493010,BB60z,BB60z00,[M]Skin appendage adenoma or carcinoma NOS
Malignant neoplasms,399701000006117,94837001,511550014,ByuH2,ByuH200,[X]Neoplasm/uncertain+unknown behavior/oth fem genital organ
Malignant neoplasms,4383101000006111,126488004,473696010,^ESCTTU438310,,Tumor of skin
Malignant neoplasms,4383091000006116,126488004,473695014,^ESCTSK438309,,Skin tumor
Malignant neoplasms,4383061000006112,126488004,473692012,^ESCTTU438306,,Tumour of skin
Malignant neoplasms,4383071000006117,126488004,473693019,^ESCTSK438307,,Skin tumour
Malignant neoplasms,4383051000006111,126488004,473691017,^ESCTCU438305,,Cutaneous tumour
Malignant neoplasms,4045451000006112,94837001,4045451000006112,^ESCTNE404545,,Neoplasm of uncertain behaviour of female genital organ
Malignant neoplasms,11918661000006112,94837001,157248015,^ESCT1191866,,Neoplasm of uncertain behavior of female genital organ
Malignant neoplasms,4383081000006119,126488004,473694013,^ESCTCU438308,,Cutaneous tumor
Malignant neoplasms,291297012,126488004,82493010,BA022,BA02200,Neoplasm of unspecified nature of skin
Malignant neoplasms,511991016,95183003,511991016,B9131,B913100,Neoplasm of uncertain behaviour of vulva
Malignant neoplasms,399681000006115,94837001,511550014,ByuHB,ByuHB00,"[X]Neoplasm of uncert/unkn behav female genit organs, unspec"
Malignant neoplasms,4052571000006113,95183003,157682019,^ESCTNE405257,,Neoplasm of uncertain behavior of vulva
Malignant neoplasms,4052271000006111,95170004,157668019,^ESCTNE405227,,Neoplasm of uncertain behavior of vagina
Malignant neoplasms,511976018,95170004,511976018,B9130,B913000,Neoplasm of uncertain behaviour of vagina
Malignant neoplasms,729611000006115,126488004,82493010,B332z,B332z00,Malig neop skin of ear and external auricular canal NOS
Malignant neoplasms,511780018,95014000,511780018,B915,B915.00,Neoplasm of uncertain behaviour of prostate
Malignant neoplasms,4049071000006113,95014000,157482011,^ESCTNE404907,,Neoplasm of uncertain behavior of prostate
Malignant neoplasms,4051331000006113,95127004,157613018,^ESCTNE405133,,Neoplasm of uncertain behavior of testis
Malignant neoplasms,511918011,95127004,511918011,B914,B914.00,Neoplasm of uncertain behaviour of testis
Malignant neoplasms,399781000006114,94925002,511668018,ByuH3,ByuH300,[X]Neoplsm/uncertain+unknown behavior/oth male genital organ
Malignant neoplasms,4048651000006119,94994005,157459014,^ESCTNE404865,,Neoplasm of uncertain behavior of penis
Malignant neoplasms,4045121000006112,94823005,157227017,^ESCTNE404512,,Neoplasm of uncertain behavior of epididymis
Malignant neoplasms,4049591000006116,95039009,157509019,^ESCTNE404959,,Neoplasm of uncertain behavior of scrotum
Malignant neoplasms,511809010,95039009,511809010,B9162,B916200,Neoplasm of uncertain behaviour of scrotum
Malignant neoplasms,511533012,94823005,511533012,B9161,B916100,Neoplasm of uncertain behaviour of epididymis
Malignant neoplasms,511754019,94994005,511754019,B9160,B916000,Neoplasm of uncertain behaviour of penis
Malignant neoplasms,11918731000006112,94925002,157369016,^ESCT1191873,,Neoplasm of uncertain behavior of male genital organ
Malignant neoplasms,4047191000006119,94925002,4047191000006119,^ESCTNE404719,,Neoplasm of uncertain behaviour of male genital organ
Malignant neoplasms,291675018,126880001,168016,BBL7z,BBL7z00,[M]Mixed or stromal renal neoplasm NOS
Malignant neoplasms,4046541000006115,94889006,1218793015,^ESCTRE404654,,Renal neoplasm of uncertain behavior
Malignant neoplasms,4389831000006111,126880001,1215973016,^ESCTRE438983,,Renal tumour
Malignant neoplasms,4389841000006119,126880001,1215974010,^ESCTTU438984,,Tumour of kidney
Malignant neoplasms,4389821000006113,126880001,168016,^ESCTNE438982,,Neoplasm of kidney
Malignant neoplasms,4046521000006111,94889006,157319012,^ESCTNE404652,,Neoplasm of uncertain behavior of kidney
Malignant neoplasms,399731000006113,95165006,511969011,ByuH4,ByuH400,[X]Neoplasm/uncertain+unknown behavior/other urinary organs
Malignant neoplasms,4052141000006111,95165006,4052141000006111,^ESCTNE405214,,Neoplasm of uncertain behaviour of urinary system
Malignant neoplasms,4389861000006119,126880001,1217477014,^ESCTRE438986,,Renal tumor
Malignant neoplasms,354425018,236441006,354425018,K1323,K132300,Acquired renal cyst with neoplastic change
Malignant neoplasms,511615012,94889006,511615012,B91z1,B91z100,Neoplasm of uncertain behaviour of kidney
Malignant neoplasms,1217305018,94889006,1217305018,B91z1-1,B91z111,Renal neoplasm of uncertain behaviour
Malignant neoplasms,291446018,126880001,168016,BB5az,BB5az00,[M]Renal adenoma or carcinoma NOS
Malignant neoplasms,11918691000006116,95165006,157660014,^ESCT1191869,,Neoplasm of uncertain behavior of urinary system
Malignant neoplasms,4389851000006116,126880001,1217476017,^ESCTTU438985,,Tumor of kidney
Malignant neoplasms,4049311000006115,95025009,1218795010,^ESCTNE404931,,Neoplasm of uncertain or unknown behavior of renal pelvis
Malignant neoplasms,4049281000006117,95025009,511793011,^ESCTNE404928,,Neoplasm of uncertain behaviour of renal pelvis
Malignant neoplasms,4049291000006119,95025009,157493013,^ESCTNE404929,,Neoplasm of uncertain behavior of renal pelvis
Malignant neoplasms,1217307014,95025009,1217307014,B91z3,B91z300,Neoplasm of uncertain or unknown behaviour of renal pelvis
Malignant neoplasms,79811000006119,95161002,511965017,B91z2,B91z200,Uncertain neoplasm ureter
Malignant neoplasms,4052061000006111,95161002,4052061000006111,^ESCTNE405206,,Neoplasm of uncertain behaviour of ureter
Malignant neoplasms,11902931000006112,95161002,157656011,^ESCT1190293,,Neoplasm of uncertain behavior of ureter
Malignant neoplasms,79821000006110,95163004,511967013,B91z0,B91z000,Uncertain neoplasm urethra
Malignant neoplasms,11902941000006120,95163004,157658012,^ESCT1190294,,Neoplasm of uncertain behavior of urethra
Malignant neoplasms,4052101000006113,95163004,4052101000006113,^ESCTNE405210,,Neoplasm of uncertain behaviour of urethra
Malignant neoplasms,4390031000006113,126885006,1217480010,^ESCTTU439003,,Tumor of urinary bladder
Malignant neoplasms,4390041000006116,126885006,1784709017,^ESCTNG439004,,NGB - New growth of bladder
Malignant neoplasms,452616019,309248004,452616019,B9170,B917000,Bladder polyp
Malignant neoplasms,511442015,94754000,511442015,B917,B917.00,Neoplasm of uncertain behaviour of bladder
Malignant neoplasms,291300019,126885006,173010,BA04,BA04.00,Neoplasm of unspecified nature of bladder
Malignant neoplasms,4043641000006111,94754000,157135010,^ESCTNE404364,,Neoplasm of uncertain behavior of bladder
Malignant neoplasms,4390021000006111,126885006,1215977015,^ESCTTU439002,,Tumour of urinary bladder
Malignant neoplasms,511482010,94787001,511482010,B9260,B926000,Neoplasm of uncertain behaviour of cerebral meninges
Malignant neoplasms,4044331000006113,94787001,157181010,^ESCTNE404433,,Neoplasm of uncertain behavior of cerebral meninges
Malignant neoplasms,4050991000006115,95109002,157589016,^ESCTNE405099,,Neoplasm of uncertain behavior of spinal meninges
Malignant neoplasms,511894013,95109002,511894013,B9261,B926100,Neoplasm of uncertain behaviour of spinal meninges
Malignant neoplasms,4171681000006111,109914007,174607019,^ESCTNE417168,,Neoplasm of uncertain behavior of meninges
Malignant neoplasms,291198010,109914007,202844010,B926z,B926z00,Neoplasm of uncertain behaviour of meninges NOS
Malignant neoplasms,202844010,109914007,202844010,B926,B926.00,Neoplasm of uncertain behaviour of meninges
Malignant neoplasms,399751000006118,94784008,511479017,ByuH5,ByuH500,[X]Neoplasm/uncertain+unknown behaviour/other parts/CNS
Malignant neoplasms,4044261000006113,94784008,4044261000006113,^ESCTNE404426,,Neoplasm of uncertain behaviour of central nervous system
Malignant neoplasms,4756891000006110,189487001,291185018,^ESCTNE475689,,"Neoplasm of uncertain or unknown behavior of brain, supratentorial"
Malignant neoplasms,678471000006114,189487001,291186017,B9252,B925200,"Neoplasm of uncertain or unknown behav brain, supratentorial"
Malignant neoplasms,11918711000006116,94784008,157176018,^ESCT1191871,,Neoplasm of uncertain behavior of central nervous system
Malignant neoplasms,677871000006112,189488006,291187014,B9253,B925300,"Neoplasm uncert / unkn behav brain, infratentorial"
Malignant neoplasms,4756911000006112,189488006,291188016,^ESCTNE475691,,"Neoplasm of uncertain or unknown behavior of brain, infratentorial"
Malignant neoplasms,5353161000006112,254935002,1224887010,^ESCTIN535316,,Intracranial neoplasm
Malignant neoplasms,5353121000006118,254935002,379839011,^ESCTIN535312,,Intracranial tumor
Malignant neoplasms,5353131000006115,254935002,379840013,^ESCTBR535313,,Brain tumor
Malignant neoplasms,5353101000006111,254935002,379837013,^ESCTBT535310,,BT - Brain tumour
Malignant neoplasms,5353091000006117,254935002,379836016,^ESCTIC535309,,ICT - Intracranial tumour
Malignant neoplasms,5353081000006115,254935002,379835017,^ESCTIN535308,,Intracranial tumour
Malignant neoplasms,5353111000006114,254935002,379838015,^ESCTBR535311,,Brain tumour
Malignant neoplasms,5353151000006110,254935002,379842017,^ESCTIC535315,,ICT - Intracranial tumor
Malignant neoplasms,5353141000006113,254935002,379841012,^ESCTBT535314,,BT - Brain tumor
Malignant neoplasms,511458017,94767002,511458017,B9250,B925000,Neoplasm of uncertain behaviour of brain
Malignant neoplasms,4043901000006116,94767002,157157015,^ESCTNE404390,,Neoplasm of uncertain behavior of brain
Malignant neoplasms,4044761000006115,94807005,511508014,^ESCTNE404476,,Neoplasm of uncertain behaviour of cranial nerve
Malignant neoplasms,4044771000006111,94807005,157207018,^ESCTNE404477,,Neoplasm of uncertain behavior of cranial nerve
Malignant neoplasms,1490303017,94807005,1490303017,B92z0,B92z000,Neoplasm of uncertain behaviour of cranial nerves
Malignant neoplasms,4050971000006116,95108005,157588012,^ESCTNE405097,,Neoplasm of uncertain behavior of spinal cord
Malignant neoplasms,511893019,95108005,511893019,B9251,B925100,Neoplasm of uncertain behaviour of spinal cord
Malignant neoplasms,4048011000006112,94963005,157419011,^ESCTNE404801,,Neoplasm of uncertain behavior of nervous system
Malignant neoplasms,511715015,94963005,511715015,B92-1,B92..11,Neoplasm of uncertain behaviour of nervous system
Malignant neoplasms,4051571000006116,95138004,157627011,^ESCTNE405157,,Neoplasm of uncertain behavior of thyroid gland
Malignant neoplasms,511931018,95138004,511931018,B9240,B924000,Neoplasm of uncertain behaviour of thyroid gland
Malignant neoplasms,4392361000006119,127021009,474003018,^ESCTAD439236,,Adrenal tumour
Malignant neoplasms,4392351000006116,127021009,309019,^ESCTNE439235,,Neoplasm of adrenal gland
Malignant neoplasms,4392381000006112,127021009,474005013,^ESCTAD439238,,Adrenal tumor
Malignant neoplasms,4392391000006111,127021009,474006014,^ESCTTU439239,,Tumor of adrenal gland
Malignant neoplasms,511412018,94730005,511412018,B922,B922.00,Neoplasm of uncertain behaviour of adrenal gland
Malignant neoplasms,4043161000006117,94730005,2921004011,^ESCTNE404316,,Neoplasm of uncertain behavior of adrenal
Malignant neoplasms,4392371000006113,127021009,474004012,^ESCTTU439237,,Tumour of adrenal gland
Malignant neoplasms,4043151000006119,94730005,157105015,^ESCTNE404315,,Neoplasm of uncertain behavior of adrenal gland
Malignant neoplasms,4048431000006111,94983006,157446018,^ESCTNE404843,,Neoplasm of uncertain behavior of parathyroid gland
Malignant neoplasms,511741014,94983006,511741014,B9241,B924100,Neoplasm of uncertain behaviour of parathyroid gland
Malignant neoplasms,291439010,127024001,312016,BB5Vz,BB5Vz00,[M]Pituitary adenoma or carcinoma NOS
Malignant neoplasms,4392501000006113,127024001,1217496013,^ESCTTU439250,,Tumor of pituitary gland
Malignant neoplasms,4392481000006115,127024001,1215993012,^ESCTTU439248,,Tumour of pituitary gland
Malignant neoplasms,4392471000006119,127024001,1215992019,^ESCTPI439247,,Pituitary tumour
Malignant neoplasms,679441000006113,95004009,157471015,B920z,B920z00,Neop uncertain behaviour pituitary and craniopharyngeal NOS
Malignant neoplasms,511768014,95004009,511768014,B9200,B920000,Neoplasm of uncertain behaviour of pituitary gland
Malignant neoplasms,679431000006115,95004009,157471015,B920,B920.00,Neop uncertain behaviour pituitary and craniopharyngeal duct
Malignant neoplasms,4048871000006111,95004009,157471015,^ESCTNE404887,,Neoplasm of uncertain behavior of pituitary gland
Malignant neoplasms,4392491000006117,127024001,1217495012,^ESCTPI439249,,Pituitary tumor
Malignant neoplasms,4392461000006113,127024001,312016,^ESCTNE439246,,Neoplasm of pituitary gland
Malignant neoplasms,508141000006110,189179009,290647012,B7H21,B7H2100,Benign neoplasm of Rathke's pouch
Malignant neoplasms,4755691000006115,189179009,290647012,^ESCTCR475569,,Craniopharyngioma
Malignant neoplasms,4044801000006112,94808000,157209015,^ESCTNE404480,,Neoplasm of uncertain behavior of craniopharyngeal duct
Malignant neoplasms,511509018,94808000,511509018,B9201,B920100,Neoplasm of uncertain behaviour of craniopharyngeal duct
Malignant neoplasms,4048831000006112,95002008,157469015,^ESCTNE404883,,Neoplasm of uncertain behavior of pineal gland
Malignant neoplasms,511766013,95002008,511766013,B921,B921.00,Neoplasm of uncertain behaviour of pineal gland
Malignant neoplasms,4044171000006113,94779002,157171011,^ESCTNE404417,,Neoplasm of uncertain behavior of carotid body
Malignant neoplasms,511472014,94779002,511472014,B9230,B923000,Neoplasm of uncertain behaviour of carotid body
Malignant neoplasms,309381000006112,10438002,195278019,BBDC,BBDC.00,[M]Glomus tumour
Malignant neoplasms,2666041000006116,10438002,18166016,^ESCTGL266604,,Glomus tumor
Malignant neoplasms,4045821000006119,94854009,157272013,^ESCTNE404582,,Neoplasm of uncertain behavior of glomus jugulare
Malignant neoplasms,511427018,94742000,511427018,B9232,B923200,Neoplasm of uncertain behaviour of aortic body
Malignant neoplasms,195278019,10438002,195278019,B7J0-1,B7J0.11,Glomus tumour
Malignant neoplasms,291158013,189473001,291158013,B923,B923.00,Neoplasm of uncertain behaviour of paraganglia
Malignant neoplasms,511573018,94854009,511573018,B9231,B923100,Neoplasm of uncertain behaviour of glomus jugulare
Malignant neoplasms,291167013,189473001,291158013,B923z,B923z00,Neoplasm of uncertain behaviour of paraganglia NOS
Malignant neoplasms,4043401000006112,94742000,157118011,^ESCTNE404340,,Neoplasm of uncertain behavior of aortic body
Malignant neoplasms,4756811000006117,189473001,291157015,^ESCTNE475681,,Neoplasm of uncertain behavior of paraganglia
Malignant neoplasms,4756831000006111,189473001,2475177017,^ESCTNE475683,,Neoplasm of uncertain behavior of paraganglion
Malignant neoplasms,4756821000006113,189473001,2474972018,^ESCTNE475682,,Neoplasm of uncertain behaviour of paraganglion
Malignant neoplasms,59921000006116,30664006,51325019,C180-1,C180.11,Wermer's syndrome
Malignant neoplasms,3504311000006112,61808009,102727016,^ESCTME350431,,"MEN, type 2"
Malignant neoplasms,3504361000006110,61808009,102732015,^ESCTMU350436,,"Multiple endocrine adenomatosis, type 2"
Malignant neoplasms,3254881000006110,46724008,1230389015,^ESCTMU325488,,Multiple endocrine tumasia
Malignant neoplasms,3254861000006117,46724008,77874017,^ESCTMU325486,,Multiple endocrine neoplasia
Malignant neoplasms,2994171000006119,30664006,51326018,^ESCTME299417,,"MEN, type 1"
Malignant neoplasms,2994211000006117,30664006,1227293018,^ESCTME299421,,MEN 1 - Multiple endocrine neoplasia syndrome type 1
Malignant neoplasms,3504371000006115,61808009,499128019,^ESCTSI350437,,Sipple's syndrome
Malignant neoplasms,2994201000006115,30664006,51329013,^ESCTMU299420,,"Multiple endocrine adenomatosis, type 1"
Malignant neoplasms,3504351000006113,61808009,102731010,^ESCTME350435,,"MEA, type 2"
Malignant neoplasms,102726013,61808009,102726013,ESCTMU2,,"Multiple endocrine neoplasia, type 2"
Malignant neoplasms,3254891000006113,46724008,1230390012,^ESCTME325489,,MEA - Multiple endocrine adenomatosis
Malignant neoplasms,3504331000006118,61808009,102729018,^ESCTPT350433,,PTC syndrome
Malignant neoplasms,3504321000006116,61808009,102728014,^ESCTSI350432,,Sipple syndrome
Malignant neoplasms,2994191000006118,30664006,51328017,^ESCTME299419,,"MEA, type 1"
Malignant neoplasms,51325019,30664006,51325019,ESCTMU1,,"Multiple endocrine neoplasia, type 1"
Malignant neoplasms,1227295013,30664006,1227295013,C184,C184.00,Multiple endocrine neoplasia syndrome type 1
Malignant neoplasms,2994181000006116,30664006,51327010,^ESCTWE299418,,Wermer syndrome
Malignant neoplasms,3254871000006112,46724008,1230388011,^ESCTME325487,,MEN - Multiple endocrine neoplasia
Malignant neoplasms,2994221000006113,30664006,1227294012,^ESCTME299422,,MEN 1 syndrome
Malignant neoplasms,695991000006116,46724008,77872018,C180,C180.00,Multiple endocrine adenomatosis
Malignant neoplasms,3254841000006116,46724008,77872018,^ESCTPO325484,,Polyglandular activity in multiple endocrine adenomatosis
Malignant neoplasms,6481051000006114,387922007,1490218018,^ESCTTU648105,,Tumour of endocrine gland
Malignant neoplasms,6481041000006112,387922007,1481992018,^ESCTNE648104,,Neoplasm of endocrine gland
Malignant neoplasms,6481061000006111,387922007,1490447010,^ESCTTU648106,,Tumor of endocrine gland
Malignant neoplasms,824221000006113,414653009,2534495019,B935-1,B935.11,Histiocytic tumour NOS
Malignant neoplasms,3959671000006111,89796001,201477015,^ESCTMA395967,,Mast cell tumour
Malignant neoplasms,399621000006119,255048006,380048016,ByuH8,ByuH800,"[X]Neo/uncertn+unknwn behav/lymph,h'matopetc+rel tiss,unspcf"
Malignant neoplasms,679181000006114,414653009,2534495019,B935,B935.00,Neoplasm of uncertain behaviour of histiocytic and mast cell
Malignant neoplasms,680761000006117,255048006,380048016,B93X,B93X.00,"Neo/uncertn+unknwn behav/lymph,h'matopetc+rel tiss,unspcf"
Malignant neoplasms,717021000006115,89796001,148867018,B935-2,B935.12,Mastocytoma NOS
Malignant neoplasms,6861851000006110,414653009,2534495019,^ESCTMA686185,,Mast cell neoplasm
Malignant neoplasms,5355131000006119,255048006,380048016,^ESCTTU535513,,"Tumour of lymphoid, haemopoietic and related tissue"
Malignant neoplasms,5355141000006112,255048006,380049012,^ESCTTU535514,,"Tumor of lymphoid, hemopoietic and related tissue"
Malignant neoplasms,3959661000006116,89796001,148870019,^ESCTMA395966,,Mast cell tumor
Malignant neoplasms,291976019,89796001,148867018,BBp0,BBp0.00,[M]Mastocytoma NOS
Malignant neoplasms,312121000006117,89796001,201477015,BBp,BBp..00,[M]Mast cell tumours
Malignant neoplasms,306981000006119,128842008,207443019,BBs2,BBs2.00,[M]Chronic myeloproliferative disease
Malignant neoplasms,4753361000006119,188734009,289897018,^ESCTCH475336,,Chronic neutrophilic leukemia
Malignant neoplasms,4417741000006113,128842008,2973036013,^ESCTCH441774,,"Chronic myeloproliferative disease, no International Classification of Diseases for Oncology subtype"
Malignant neoplasms,683351000006111,425333006,2645960018,B6y0-1,B6y0.11,Myeloproliferative disease
Malignant neoplasms,4417731000006115,128842008,2770290011,^ESCTCH441773,,"Chronic myeloproliferative disease, no ICD-O subtype"
Malignant neoplasms,4417751000006111,128842008,3009091014,^ESCTMY441775,,"Myeloproliferative neoplasm, no ICD-O subtype"
Malignant neoplasms,4417721000006119,128842008,207442012,^ESCTCH441772,,Chronic myeloproliferative disorder
Malignant neoplasms,2645960018,425333006,2645960018,B6y0,B6y0.00,Myeloproliferative disorder
Malignant neoplasms,289898011,188734009,289898011,B6512,B651200,Chronic neutrophilic leukaemia
Malignant neoplasms,2659691014,267440005,398873019,C331-1,C331.11,Monoclonal gammopathy
Malignant neoplasms,678881000006114,277577000,414174013,B936,B936.00,Neoplasm of uncertain behaviour of plasma cells
Malignant neoplasms,5601531000006114,277577000,414175014,^ESCTMG560153,,MGUS - Monoclonal gammopathy of uncertain significance
Malignant neoplasms,5601541000006116,277577000,2536062015,^ESCTMO560154,,Monoclonal gammopathy of undetermined significance
Malignant neoplasms,4315021000006119,119247004,179299016,^ESCTHY431502,,Hypoalbuminemia
Malignant neoplasms,4315011000006111,119247004,452758011,^ESCTHY431501,,Hypoalbuminaemia
Malignant neoplasms,414174013,277577000,414174013,C3310,C331000,Monoclonal gammopathy of uncertain significance
Malignant neoplasms,2475440015,119247004,2475440015,44M41,44M4100,Serum albumin low
Malignant neoplasms,398873019,267440005,398873019,C331,C331.00,Monoclonal paraproteinaemia
Malignant neoplasms,5500611000006115,267440005,398874013,^ESCTMO550061,,Monoclonal paraproteinemia
Malignant neoplasms,4172801000006113,109983007,2659691014,^ESCTMO417280,,Monoclonal gammopathy
Malignant neoplasms,293376019,109983007,174679017,C332z,C332z00,Paraproteinaemia NOS
Malignant neoplasms,2605891000006111,6631009,11994018,^ESCTTH260589,,Thrombocytosis
Malignant neoplasms,4173211000006119,109994006,2535664010,^ESCTID417321,,Idiopathic thrombocythemia
Malignant neoplasms,4173191000006119,109994006,344890016,^ESCTES417319,,Essential thrombocythemia (clinical disorder)
Malignant neoplasms,2605921000006117,6631009,2536436018,^ESCTTH260592,,Thrombocythemia
Malignant neoplasms,2605901000006110,6631009,11995017,^ESCTIN260590,,Increased platelets
Malignant neoplasms,2535665011,109994006,2535665011,D3y0,D3y0.00,Essential thrombocytosis
Malignant neoplasms,786661000006115,109994006,2535666012,B937-2,B937.12,Idiopathic thrombocythaemia
Malignant neoplasms,2535666012,109994006,2535666012,B9375,B937500,Idiopathic thrombocythaemia
Malignant neoplasms,2536435019,6631009,2536435019,42P3,42P3.00,Thrombocythaemia
Malignant neoplasms,648841000006119,109994006,1476449014,B9374,B937400,Essential (haemorrhagic) thrombocythaemia
Malignant neoplasms,11907251000006112,109994006,310251000006117,^ESCT1190725,,[M]Idiopathic thrombocythaemia
Malignant neoplasms,4173201000006116,109994006,2532081013,^ESCTES417320,,Essential thrombocythemia
Malignant neoplasms,206411000006114,109994006,1476449014,B9374-1,B937411,Primary thrombocythaemia
Malignant neoplasms,5971121000006114,307651005,2870705011,^ESCTPR597112,,Primary myelofibrosis
Malignant neoplasms,4838981000006116,207036003,1784850016,^ESCTAN483898,,Angiomatous lymphoid hamartoma
Malignant neoplasms,4838931000006117,207036003,317362012,^ESCTAN483893,,Angiofollicular lymph node hyperplasia
Malignant neoplasms,698821000006119,307651005,450988016,B6y1-1,B6y1.11,Megakaryocytic myelosclerosis
Malignant neoplasms,4838941000006110,207036003,317363019,^ESCTBE483894,,Benign angiofollicular hyperplasia
Malignant neoplasms,4838951000006112,207036003,317364013,^ESCTCA483895,,Castleman's disease
Malignant neoplasms,3358921000006118,52967002,496506013,^ESCTAG335892,,Agnogenic myeloid metaplasia
Malignant neoplasms,3358901000006111,52967002,496504011,^ESCTMF335890,,MF - Myelofibrosis
Malignant neoplasms,4838961000006114,207036003,317365014,^ESCTAN483896,,Angiolymphoid hyperplasia
Malignant neoplasms,4838991000006118,207036003,2838122012,^ESCTCA483899,,Castleman disease
Malignant neoplasms,88121017,52967002,88121017,D41y1,D41y100,Myelofibrosis
Malignant neoplasms,2870704010,307651005,2870704010,B6y1-2,B6y1.12,Osteomyelofibrosis
Malignant neoplasms,5971131000006112,307651005,3036375017,^ESCTMY597113,,Myelofibrosis with myeloid metaplasia
Malignant neoplasms,450987014,307651005,450987014,B6y1,B6y1.00,Myelosclerosis with myeloid metaplasia
Malignant neoplasms,450988016,307651005,450988016,B937-3,B937.13,Megakaryocytic myelosclerosis
Malignant neoplasms,293951000006114,207036003,317366010,R0562,R056200,[D]Castleman's disease
Malignant neoplasms,3358911000006114,52967002,496505012,^ESCTMY335891,,Myelosclerosis
Malignant neoplasms,4009661000006119,92812005,2770411011,^ESCTCH400966,,"Chronic leukemia, disease"
Malignant neoplasms,4753341000006118,188733003,289896010,^ESCTCH475334,,Chronic eosinophilic leukemia
Malignant neoplasms,4009641000006117,92812005,153437013,^ESCTCH400964,,Chronic leukemia
Malignant neoplasms,4009651000006115,92812005,2770410012,^ESCTCH400965,,"Chronic leukaemia, disease"
Malignant neoplasms,289967013,92812005,201651017,B681,B681.00,Chronic leukaemia NOS
Malignant neoplasms,289895014,188733003,289895014,B6510,B651000,Chronic eosinophilic leukaemia
Malignant neoplasms,317361017,30746006,51456011,R0561,R056100,[D]Swollen glands
Malignant neoplasms,2995691000006113,30746006,1227330019,^ESCTLY299569,,Lymphadenopathy - swelling
Malignant neoplasms,2995661000006117,30746006,1227327014,^ESCTSW299566,,Swelling of lymph node
Malignant neoplasms,2995671000006112,30746006,1227328016,^ESCTSW299567,,Swollen lymph glands
Malignant neoplasms,2995651000006119,30746006,1227325018,^ESCTLN299565,,LN - Lymphadenopathy
Malignant neoplasms,2995681000006110,30746006,1227329012,^ESCTSW299568,,Swollen lymph nodes
Malignant neoplasms,2995621000006111,30746006,51457019,^ESCTSW299562,,Swelling of lymph nodes
Malignant neoplasms,255528012,30746006,51456011,2C3,2C3..00,O/E - lymphadenopathy
Malignant neoplasms,1227323013,30746006,1227323013,1692,1692.00,Swollen glands
Malignant neoplasms,255529016,30746006,51456011,2C3-2,2C3..12,O/E - enlarged lymph nodes
Malignant neoplasms,255530014,30746006,51456011,2C3-1,2C3..11,O/E - adenopathy
Malignant neoplasms,317359014,30746006,51452013,R056,R056.00,[D]Lymph node enlargement
Malignant neoplasms,317360016,30746006,51456011,R0560,R056000,[D]Lymphadenopathy
Malignant neoplasms,317371015,30746006,51452013,R056z,R056z00,[D]Lymph node enlargement NOS
Malignant neoplasms,2995641000006116,30746006,1227324019,^ESCTLA299564,,LA - Lymphadenopathy
Malignant neoplasms,5602071000006112,277606000,414231017,^ESCTLY560207,,Lymphoreticular tumour
Malignant neoplasms,289713010,277606000,414231017,B62,B62..00,Other malignant neoplasm of lymphoid and histiocytic tissue
Malignant neoplasms,5602081000006110,277606000,414232012,^ESCTLY560208,,Lymphoreticular tumor
Malignant neoplasms,310976015,202574006,310959019,N098G,N098G00,Synovial osteochondromatosis of other tarsal joint
Malignant neoplasms,6893931000006111,416561008,2549076018,^ESCTPR689393,,Progesterone receptor positive tumor
Malignant neoplasms,4409621000006115,128467002,206789018,^ESCTNE440962,,Neoplasm of uncertain behavior of articular cartilage
Malignant neoplasms,4043861000006111,94765005,157154010,^ESCTNE404386,,Neoplasm of uncertain behavior of bone
Malignant neoplasms,6886631000006112,416053008,2548452014,^ESCTES688663,,Estrogen receptor positive tumor
Malignant neoplasms,474428019,128467002,474428019,B9301,B930100,Neoplasm of uncertain behaviour of articular cartilage
Malignant neoplasms,310959019,202574006,310959019,N098,N098.00,Synovial osteochondromatosis
Malignant neoplasms,511456018,94765005,511456018,B9300,B930000,Neoplasm of uncertain behaviour of bone
Malignant neoplasms,2548453016,416053008,2548453016,4KJ0,4KJ0.00,Oestrogen receptor positive tumour
Malignant neoplasms,2549077010,416561008,2549077010,4KJ1,4KJ1.00,Progesterone receptor positive tumour
Malignant neoplasms,291748016,66229009,500353013,BBT7z,BBT7z00,[M]Haemangioendothelioma NOS
Malignant neoplasms,305371000006112,66229009,500353013,BBT7z-1,BBT7z11,[M]Angioendothelioma
Malignant neoplasms,113291000006114,202592003,310977012,N098H,N098H00,Synovial osteochondromatosis of 1st MTP joint
Malignant neoplasms,113331000006119,202579001,310964015,N0984,N098400,Synovial osteochondromatosis of distal radio-ulnar joint
Malignant neoplasms,113361000006111,202595001,310981012,N098K,N098K00,Synovial osteochondromatosis of IP joint of toe
Malignant neoplasms,113381000006118,202593008,310978019,N098J,N098J00,Synovial osteochondromatosis of lesser MTP joint
Malignant neoplasms,113411000006115,202582006,310967010,N0987,N098700,Synovial osteochondromatosis of PIP joint of finger
Malignant neoplasms,113421000006111,202585008,310970014,N098A,N098A00,Synovial osteochondromatosis of sacro-iliac joint
Malignant neoplasms,304211000006113,45187003,75350013,BBGB-1,BBGB.11,[M]Abdominal desmoid
Malignant neoplasms,4044591000006115,94799008,157197017,^ESCTNE404459,,Neoplasm of uncertain behavior of coccygeal body
Malignant neoplasms,3577061000006112,66229009,109987012,^ESCTAN357706,,Angioendothelioma
Malignant neoplasms,11989531000006110,66229009,309621000006116,^ESCT1198953,,Hemangioendothelioma
Malignant neoplasms,3228851000006114,45187003,75351012,^ESCTME322885,,Mesenteric fibromatosis
Malignant neoplasms,3228861000006111,45187003,75352017,^ESCTRE322886,,Retroperitoneal fibromatosis
Malignant neoplasms,3577041000006113,66229009,3577041000006113,^ESCTHA357704,,Haemangioendothelioma
Malignant neoplasms,3228871000006116,45187003,75353010,^ESCTMU322887,,Musculo-aponeurotic fibromatosis
Malignant neoplasms,3437891000006118,57723004,95994019,^ESCTAN343789,,Angiomyxoma
Malignant neoplasms,113471000006112,202587000,310972018,N098C,N098C00,Synovial osteochondromatosis of tibio-fibular joint
Malignant neoplasms,3577081000006119,66229009,500352015,^ESCTKA357708,,Kaposiform haemangioendothelioma
Malignant neoplasms,11907071000006112,66229009,109985016,^ESCT1190707,,Hemangioendothelioma
Malignant neoplasms,4814531000006114,202585008,310970014,^ESCTSY481453,,Synovial osteochondromatosis of sacroiliac joint
Malignant neoplasms,3577071000006117,66229009,199640016,^ESCTKA357707,,Kaposiform hemangioendothelioma
Malignant neoplasms,310962016,202577004,310962016,N0982,N098200,Synovial osteochondromatosis of acromioclavicular joint
Malignant neoplasms,310963014,202578009,310963014,N0983,N098300,Synovial osteochondromatosis of elbow
Malignant neoplasms,310965019,202580003,310965019,N0985,N098500,Synovial osteochondromatosis of wrist
Malignant neoplasms,310971013,202586009,310971013,N098B,N098B00,Synovial osteochondromatosis of knee
Malignant neoplasms,310973011,202588005,310973011,N098D,N098D00,Synovial osteochondromatosis of ankle
Malignant neoplasms,310974017,202589002,310974017,N098E,N098E00,Synovial osteochondromatosis of subtalar joint
Malignant neoplasms,310975016,202590006,310975016,N098F,N098F00,Synovial osteochondromatosis of talonavicular joint
Malignant neoplasms,511497013,94799008,511497013,B9233,B923300,Neoplasm of uncertain behaviour of coccygeal body
Malignant neoplasms,1216834013,66229009,1216834013,BBT7,BBT7.00,[M]Haemangioendothelioma
Malignant neoplasms,1231760012,57723004,1231760012,BBHZ,BBHZ.00,[M]Angiomyxoma
Malignant neoplasms,4814601000006117,202592003,2973582012,^ESCTSY481460,,Synovial osteochondromatosis of first metatarsophalangeal joint
Malignant neoplasms,310969013,202584007,310969013,N0989,N098900,Synovial osteochondromatosis of hip
Malignant neoplasms,3437901000006119,57723004,198784016,^ESCTAG343790,,Aggressive angiomyxoma
Malignant neoplasms,310960012,202575007,310960012,N0980,N098000,Synovial osteochondromatosis of shoulder
Malignant neoplasms,310961011,202576008,310961011,N0981,N098100,Synovial osteochondromatosis of sternoclavicular joint
Malignant neoplasms,113321000006117,202583001,310968017,N0988,N098800,Synovial osteochondromatosis of DIP joint of finger
Malignant neoplasms,113391000006115,202581004,310966018,N0986,N098600,Synovial osteochondromatosis of MCP joint
Malignant neoplasms,304221000006117,45187003,75349013,BBGB,BBGB.00,[M]Abdominal fibromatosis
Malignant neoplasms,4814551000006119,202587000,310972018,^ESCTSY481455,,Synovial osteochondromatosis of tibiofibular joint
Malignant neoplasms,679471000006117,189494003,291201017,B928,B928.00,Neopl uncert/unkn behav of periph nerves & autonom nerv sys
Malignant neoplasms,4756931000006118,189494003,291200016,^ESCTNE475693,,Neoplasm of uncertain or unknown behavior of peripheral nerves and autonomic nervous system
Malignant neoplasms,679451000006110,189399009,290997014,B904z,B904z00,Neop uncertain behaviour retroperitoneum or peritoneum NOS
Malignant neoplasms,4051441000006111,95132003,511925016,^ESCTNE405144,,Neoplasm of uncertain behaviour of the retroperitoneum
Malignant neoplasms,4051451000006113,95132003,1208610015,^ESCTNE405145,,Neoplasm of uncertain behavior of retroperitoneum
Malignant neoplasms,4051431000006119,95132003,157620013,^ESCTNE405143,,Neoplasm of uncertain behavior of the retroperitoneum
Malignant neoplasms,1207842014,95132003,1207842014,B9040,B904000,Neoplasm of uncertain behaviour of retroperitoneum
Malignant neoplasms,680081000006113,189399009,290997014,B904,B904.00,Neop of uncertain behaviour retroperitoneum and peritoneum
Malignant neoplasms,4756481000006110,189399009,290996017,^ESCTNE475648,,Neoplasm of uncertain behavior of retroperitoneum and peritoneum
Malignant neoplasms,291001010,189401003,291001010,B9041,B904100,Neoplasm of uncertain behaviour of peritoneum
Malignant neoplasms,4756501000006117,189401003,291000011,^ESCTNE475650,,Neoplasm of uncertain behavior of peritoneum
Malignant neoplasms,4390841000006113,126926005,473942013,^ESCTBR439084,,Breast tumor
Malignant neoplasms,4390851000006111,126926005,473943015,^ESCTTU439085,,Tumor of breast
Malignant neoplasms,4390821000006119,126926005,473940017,^ESCTTU439082,,Tumour of breast
Malignant neoplasms,4050551000006119,95087004,157564010,^ESCTNE405055,,Neoplasm of uncertain behavior of skin
Malignant neoplasms,511868016,95087004,511868016,B932,B932.00,Neoplasm of uncertain behaviour of skin
Malignant neoplasms,291299010,126926005,214017,BA03,BA03.00,Neoplasm of unspecified nature of breast
Malignant neoplasms,4390831000006115,126926005,473941018,^ESCTBR439083,,Breast tumour
Malignant neoplasms,5511951000006117,269497004,403745012,^ESCTNE551195,,Neoplasm of uncertain behavior of breast
Malignant neoplasms,403744011,269497004,403744011,B933,B933.00,Neoplasm of uncertain behaviour of breast
Malignant neoplasms,3882461000006112,84999002,2839475013,^ESCTBO388246,,Bowen disease
Malignant neoplasms,4045281000006115,94831000,157238017,^ESCTNE404528,,Neoplasm of uncertain behavior of eye
Malignant neoplasms,3882451000006111,84999002,1235002017,^ESCTSC388245,,SCC - Intraepidermal squamous cell carcinoma - Bowen's type
Malignant neoplasms,3882431000006115,84999002,140928014,^ESCTIN388243,,"Intraepidermal squamous cell carcinoma, Bowen's type"
Malignant neoplasms,3882441000006113,84999002,1235001012,^ESCTBD388244,,BD - Bowen's disease
Malignant neoplasms,12726671000006116,640751000000102,1410971000000118,^ESCT1272667,,Neoplasm of uncertain behaviour of other specified sites NOS
Malignant neoplasms,881241000006110,640751000000102,881241000006110,B93yz-99,B93yz99,Other uncertain neoplasms NOS
Malignant neoplasms,511586010,94865004,511586010,B93y1,B93y100,Neoplasm of uncertain behaviour of heart
Malignant neoplasms,4046021000006115,94865004,157287015,^ESCTNE404602,,Neoplasm of uncertain behavior of heart
Malignant neoplasms,511543010,94831000,511543010,B93y0,B93y000,Neoplasm of uncertain behaviour of eye
Malignant neoplasms,291356015,84999002,140927016,BB2L,BB2L.00,[M]Bowen's disease
Malignant neoplasms,1781996012,402913004,1781996012,B829,B829.00,Bowenoid papulosis
Malignant neoplasms,292094013,55342001,92007014,BByz,BByz.00,"[M]No microscopic confirmation of tumour, clinically NOS"
Malignant neoplasms,292097018,55342001,92007014,Byu,Byu..00,[X]Additional neoplasm classification terms
Malignant neoplasms,3398621000006116,55342001,1231456013,^ESCTNE339862,,New growth
Malignant neoplasms,678521000006112,55342001,92007014,BA0z,BA0z.00,Neoplasm of unspecified nature NOS
Malignant neoplasms,679391000006114,55342001,92007014,B93,B93..00,Neop uncertain behaviour other and unspec sites and tissues
Malignant neoplasms,679421000006118,55342001,92007014,B93z,B93z.00,Neop uncertain behaviour other unspec site and tissue NOS
Malignant neoplasms,679581000006115,55342001,92007014,B937-1,B937.11,Neoplasm of uncertain behaviour of blood
Malignant neoplasms,4769111000006114,192877007,297116019,^ESCTPA476911,,Paraneoplastic cerebellar degeneration
Malignant neoplasms,3398611000006112,55342001,1231455012,^ESCTNE339861,,Neoplastic growth
Malignant neoplasms,3398601000006114,55342001,1231454011,^ESCTNG339860,,NG - Neoplastic growth
Malignant neoplasms,12702281000006112,52522001,198391016,^ESCT1270228,,Degenerative brain disorder
Malignant neoplasms,12726681000006116,640761000000104,1411001000000115,^ESCT1272668,,Neoplasm of uncertain behaviour NOS
Malignant neoplasms,12726691000006120,640771000000106,1411011000000118,^ESCT1272669,,Unspecified nature neoplasm
Malignant neoplasms,297000018,52522001,87406016,F11,F11..00,Other cerebral degenerations
Malignant neoplasms,35741000006114,52522001,87406016,F11y,F11y.00,Other cerebral degeneration
Malignant neoplasms,881251000006112,640761000000104,881251000006112,B9z-99,B9z..99,Unspecified neoplasms NOS
Malignant neoplasms,2971579012,716318002,3305505011,PKyQ,,Lynch syndrome
Malignant neoplasms,291280018,55342001,92007014,B93yz,B93yz00,Neop of uncertain behaviour of other specified sites NOS
Malignant neoplasms,291288013,55342001,92007014,BA,BA...00,Unspecified nature neoplasm
Malignant neoplasms,291290014,55342001,92007014,BA00,BA00.00,Neoplasm of unspecified nature of digestive system
Malignant neoplasms,291293011,55342001,92007014,BA01,BA01.00,Neoplasm of unspecified nature of respiratory system
Malignant neoplasms,678501000006119,55342001,92007014,BA02z,BA02z00,"Neoplasm of unspec nature of bone, skin or soft tissue NOS"
Malignant neoplasms,3398631000006118,55342001,1231457016,^ESCTNG339863,,NG - New growth
Malignant neoplasms,297015017,192815006,297015017,F11x4,F11x400,Cerebral degeneration due to neoplastic disease
Malignant neoplasms,297149011,192906003,297149011,F1631,F163100,Myelopathy due to neoplastic disease
Malignant neoplasms,292275013,55342001,2984293012,Bz,Bz...00,Neoplasms NOS
Malignant neoplasms,291275010,55342001,92007014,B93y,B93y.00,Neoplasm of uncertain behaviour of other specified sites
Malignant neoplasms,291284010,55342001,92007014,B9y,B9y..00,Neoplasm of uncertain behaviour otherwise specified
Malignant neoplasms,291287015,55342001,92007014,B9z,B9z..00,Neoplasm of uncertain behaviour NOS
Malignant neoplasms,291289017,55342001,92007014,BA0,BA0..00,Neoplasm of unspecified nature
Malignant neoplasms,291294017,55342001,92007014,BA02,BA02.00,"Neoplasm of unspecified nature of bone, skin and soft tissue"
Malignant neoplasms,291295016,55342001,92007014,BA020,BA02000,Neoplasm of unspecified nature of bone
Malignant neoplasms,291296015,55342001,92007014,BA021,BA02100,Neoplasm of unspecified nature of soft tissue
Malignant neoplasms,291301015,55342001,92007014,BA05,BA05.00,Neoplasm of unspecified nature of other genitourinary organs
Malignant neoplasms,291304011,55342001,92007014,BA0y,BA0y.00,Neoplasm of unspecified nature of other specified sites
Malignant neoplasms,291306013,55342001,92007014,BAz,BAz..00,Neoplasm of unspecified nature NOS
Malignant neoplasms,292096010,55342001,92007014,By,By...00,Neoplasms otherwise specified
Malignant neoplasms,297117011,192877007,297117011,F1442,F144200,Cerebellar ataxia due to neoplasia
Malignant neoplasms,881261000006114,640771000000106,881261000006114,BA-99,BA...99,Unspecified neoplasms
Malignant neoplasms,679401000006111,55342001,92007014,B937,B937.00,Neop uncertain behaviour other lymphatic/haematopoietic tiss
Malignant neoplasms,679461000006112,55342001,92007014,BA07,BA07.00,"Neop unspec nature of endocrine glands, other nervous system"
Malignant neoplasms,3398591000006118,55342001,1231453017,^ESCTNE339859,,Neoplasia
Malignant neoplasms,677881000006110,55342001,2984293012,B,B....00,Neoplasms
Malignant neoplasms,679971000006114,55342001,92007014,B931,B931.00,Neop of uncertain behaviour connective and other soft tissue
Malignant neoplasms,292086018,55342001,92007014,BBy,BBy..00,[M]No microscopic confirmation of tumour
