Condition,SNOMED_Code,SnomedCTDescriptionId,Term
Malignant neoplasms,363346000,829211000006116.0,Human immunodeficiency virus with secondary cancers
Malignant neoplasms,420524008,2617386013.0,HIV disease resulting in Kaposi's sarcoma
Malignant neoplasms,420524008,2614767011.0,HIV disease resulting in Kaposi sarcoma
Malignant neoplasms,363375006,879691000006112.0,Tongue carcinoma
Malignant neoplasms,363348004,724921000006119.0,"Malignant neoplasm of lip unspecified, inner aspect"
Malignant neoplasms,534791000000107,1193831000000115.0,"Malignant neoplasm of lip, oral cavity and pharynx NOS"
Malignant neoplasms,363348004,725001000006112.0,"Malignant neoplasm of lip, unspecified, lipstick area"
Malignant neoplasms,363375006,720321000006110.0,Malignant neoplasm of ventral tongue surface NOS
Malignant neoplasms,271323007,406052010.0,"Malignant neoplasm of lip, oral cavity and pharynx"
Malignant neoplasms,255069008,380095017.0,"Carcinoma of lip, oral cavity and pharynx"
Malignant neoplasms,363348004,482495016.0,Malignant neoplasm of lip
Malignant neoplasms,269515006,403771011.0,Carcinoma of lip
Malignant neoplasms,363372009,1228504019.0,"Malignant neoplasm of upper lip, vermilion border"
Malignant neoplasms,421249001,2618242015.0,"Malignant neoplasm of upper lip, external"
Malignant neoplasms,187601000,288350019.0,"Malignant neoplasm of upper lip, lipstick area"
Malignant neoplasms,363372009,482541011.0,"Malignant neoplasm of upper lip, vermilion border NOS"
Malignant neoplasms,363373004,1228505018.0,"Malignant neoplasm of lower lip, vermilion border"
Malignant neoplasms,187604008,288354011.0,"Malignant neoplasm of lower lip, external"
Malignant neoplasms,363373004,1228506017.0,"Malignant neoplasm of lower lip, lipstick area"
Malignant neoplasms,363373004,482542016.0,"Malignant neoplasm of lower lip, vermilion border NOS"
Malignant neoplasms,187606005,288363013.0,"Malignant neoplasm of upper lip, inner aspect"
Malignant neoplasms,187608006,288372017.0,"Malignant neoplasm of upper lip, frenulum"
Malignant neoplasms,187606005,288364019.0,"Malignant neoplasm of upper lip, mucosa"
Malignant neoplasms,187606005,288362015.0,"Malignant neoplasm of upper lip, oral aspect"
Malignant neoplasms,187606005,288356013.0,"Malignant neoplasm of upper lip, inner aspect NOS"
Malignant neoplasms,271568003,406399011.0,"Malignant neoplasm of lower lip, inner aspect"
Malignant neoplasms,187613005,288380012.0,"Malignant neoplasm of lower lip, buccal aspect"
Malignant neoplasms,187614004,288382016.0,"Malignant neoplasm of lower lip, frenulum"
Malignant neoplasms,271568003,406400016.0,"Malignant neoplasm of lower lip, mucosa"
Malignant neoplasms,271568003,406398015.0,"Malignant neoplasm of lower lip, oral aspect"
Malignant neoplasms,271568003,406398015.0,"Malignant neoplasm of lower lip, inner aspect NOS"
Malignant neoplasms,187622006,288402019.0,"Malignant neoplasm of lip unspecified, inner aspect"
Malignant neoplasms,187622006,288392012.0,"Malignant neoplasm of lip unspecified, buccal aspect"
Malignant neoplasms,187622006,288392012.0,"Malignant neoplasm of lip unspecified, mucosa"
Malignant neoplasms,187622006,288393019.0,"Malignant neoplasm of lip, oral aspect"
Malignant neoplasms,363374005,482544015.0,Malignant neoplasm of commissure of lip
Malignant neoplasms,363348004,482495016.0,"Malignant neoplasm of lip, unspecified"
Malignant neoplasms,363348004,482495016.0,"Malignant neoplasm of lip, unspecified, external"
Malignant neoplasms,275399006,411376018.0,"Malignant neoplasm of lip, unspecified, lipstick area"
Malignant neoplasms,421249001,2618242015.0,"Malignant neoplasm of lip, vermilion border NOS"
Malignant neoplasms,363375006,482546018.0,Malignant neoplasm of tongue
Malignant neoplasms,363376007,482549013.0,Malignant neoplasm of base of tongue
Malignant neoplasms,363376007,1228509012.0,Malignant neoplasm of posterior third of tongue
Malignant neoplasms,187631006,288411019.0,Malignant neoplasm of base of tongue dorsal surface
Malignant neoplasms,363376007,482548017.0,Malignant neoplasm of fixed part of tongue NOS
Malignant neoplasms,187633009,288413016.0,Malignant neoplasm of dorsal surface of tongue
Malignant neoplasms,187635002,288417015.0,Malignant neoplasm of midline of tongue
Malignant neoplasms,187633009,288413016.0,Malignant neoplasm of dorsum of tongue NOS
Malignant neoplasms,187637005,288419017.0,"Malignant neoplasm of tongue, tip and lateral border"
Malignant neoplasms,94134006,155669014.0,Malignant neoplasm of ventral surface of tongue
Malignant neoplasms,187640005,288423013.0,Malignant neoplasm of anterior 2/3 of tongue ventral surface
Malignant neoplasms,187641009,288427014.0,Malignant neoplasm of frenulum linguae
Malignant neoplasms,1090271000000101,2731401000000113.0,Malignant neoplasm of ventral tongue surface NOS
Malignant neoplasms,363360003,482519011.0,Malignant neoplasm of anterior 2/3 of tongue unspecified
Malignant neoplasms,187644001,288433017.0,"Malignant neoplasm of tongue, junctional zone"
Malignant neoplasms,363377003,482550013.0,Malignant neoplasm of lingual tonsil
Malignant neoplasms,363375006,482546018.0,Malignant neoplasm of other sites of tongue
Malignant neoplasms,363375006,482546018.0,Malignant neoplasm of tongue NOS
Malignant neoplasms,363378008,1228510019.0,Malignant neoplasm of major salivary glands
Malignant neoplasms,363379000,482554016.0,Malignant neoplasm of parotid gland
Malignant neoplasms,363380002,1228513017.0,Malignant neoplasm of submandibular gland
Malignant neoplasms,363381003,482558018.0,Malignant neoplasm of sublingual gland
Malignant neoplasms,363378008,482552017.0,Malignant neoplasm of other major salivary glands
Malignant neoplasms,363378008,482553010.0,Malignant neoplasm of major salivary gland NOS
Malignant neoplasms,363382005,482560016.0,Malignant neoplasm of gum
Malignant neoplasms,363383000,482562012.0,Malignant neoplasm of upper gum
Malignant neoplasms,363384006,482567018.0,Malignant neoplasm of lower gum
Malignant neoplasms,363382005,482560016.0,Malignant neoplasm of other sites of gum
Malignant neoplasms,363382005,482560016.0,Malignant neoplasm of gum NOS
Malignant neoplasms,363385007,2969212012.0,Malignant neoplasm of floor of mouth
Malignant neoplasms,187652003,288443019.0,Malignant neoplasm of anterior portion of floor of mouth
Malignant neoplasms,187653008,288444013.0,Malignant neoplasm of lateral portion of floor of mouth
Malignant neoplasms,363385007,482569015.0,Malignant neoplasm of other sites of floor of mouth
Malignant neoplasms,363385007,482570019.0,Malignant neoplasm of floor of mouth NOS
Malignant neoplasms,363505006,482796019.0,Malignant neoplasm of other and unspecified parts of mouth
Malignant neoplasms,363386008,482571015.0,Malignant neoplasm of cheek mucosa
Malignant neoplasms,363386008,482571015.0,Malignant neoplasm of buccal mucosa
Malignant neoplasms,187658004,288453018.0,Malignant neoplasm of vestibule of mouth
Malignant neoplasms,187659007,288454012.0,Malignant neoplasm of upper buccal sulcus
Malignant neoplasms,187660002,288459019.0,Malignant neoplasm of lower buccal sulcus
Malignant neoplasms,363387004,482573017.0,Malignant neoplasm of hard palate
Malignant neoplasms,363388009,482575012.0,Malignant neoplasm of soft palate
Malignant neoplasms,363389001,482577016.0,Malignant neoplasm of uvula
Malignant neoplasms,363390005,482579018.0,Malignant neoplasm of palate unspecified
Malignant neoplasms,187666008,288470014.0,Malignant neoplasm of junction of hard and soft palate
Malignant neoplasms,363390005,1228523014.0,Malignant neoplasm of roof of mouth
Malignant neoplasms,363390005,482579018.0,Malignant neoplasm of palate NOS
Malignant neoplasms,363391009,482581016.0,Malignant neoplasm of retromolar area
Malignant neoplasms,363505006,482796019.0,Malignant neoplasm of other specified mouth parts
Malignant neoplasms,363505006,482796019.0,Malignant neoplasm of mouth NOS
Malignant neoplasms,363392002,482583018.0,Malignant neoplasm of oropharynx
Malignant neoplasms,363393007,482586014.0,Malignant neoplasm of tonsil
Malignant neoplasms,363393007,1228530015.0,Malignant neoplasm of faucial tonsil
Malignant neoplasms,363393007,1228529013.0,Malignant neoplasm of palatine tonsil
Malignant neoplasms,363393007,482585013.0,Malignant neoplasm tonsil NOS
Malignant neoplasms,363394001,482587017.0,Malignant neoplasm of tonsillar fossa
Malignant neoplasms,187675005,288486019.0,Malignant neoplasm of tonsillar pillar
Malignant neoplasms,187675005,288485015.0,Malignant neoplasm of faucial pillar
Malignant neoplasms,254459004,378845014.0,Malignant neoplasm of glossopalatine fold
Malignant neoplasms,254459004,2475984012.0,Malignant neoplasm of palatoglossal arch
Malignant neoplasms,187675005,288479010.0,Malignant neoplasm of palatopharyngeal arch
Malignant neoplasms,363394001,482587017.0,Malignant neoplasm of tonsillar fossa NOS
Malignant neoplasms,363395000,482589019.0,Malignant neoplasm of vallecula
Malignant neoplasms,187681002,288506019.0,Malignant neoplasm of anterior epiglottis
Malignant neoplasms,187682009,288507011.0,"Malignant neoplasm of epiglottis, free border"
Malignant neoplasms,187683004,288508018.0,Malignant neoplasm of glossoepiglottic fold
Malignant neoplasms,187681002,288506019.0,Malignant neoplasm of anterior epiglottis NOS
Malignant neoplasms,187685006,288510016.0,Malignant neoplasm of junctional region of epiglottis
Malignant neoplasms,448868009,2901613017.0,Malignant neoplasm of lateral wall of oropharynx
Malignant neoplasms,187688008,288515014.0,Malignant neoplasm of posterior wall of oropharynx
Malignant neoplasms,363392002,482583018.0,"Malignant neoplasm of oropharynx, other specified sites"
Malignant neoplasms,363392002,482583018.0,Malignant neoplasm of other specified site of oropharynx NOS
Malignant neoplasms,363392002,482583018.0,Malignant neoplasm of oropharynx NOS
Malignant neoplasms,187692001,288522018.0,Malignant neoplasm of nasopharynx
Malignant neoplasms,363397008,1228532011.0,Malignant neoplasm of roof of nasopharynx
Malignant neoplasms,187693006,288529010.0,Malignant neoplasm of posterior wall of nasopharynx
Malignant neoplasms,187694000,288533015.0,Malignant neoplasm of adenoid
Malignant neoplasms,187694000,288532013.0,Malignant neoplasm of pharyngeal tonsil
Malignant neoplasms,187693006,288528019.0,Malignant neoplasm of posterior wall of nasopharynx NOS
Malignant neoplasms,363398003,482595018.0,Malignant neoplasm of lateral wall of nasopharynx
Malignant neoplasms,187697007,288546013.0,Malignant neoplasm of pharyngeal recess
Malignant neoplasms,363398003,482595018.0,Malignant neoplasm of lateral wall of nasopharynx NOS
Malignant neoplasms,187700006,288552014.0,Malignant neoplasm of anterior wall of nasopharynx
Malignant neoplasms,187702003,288556012.0,Malignant neoplasm of nasopharyngeal soft palate surface
Malignant neoplasms,254484001,378896011.0,Malignant neoplasm posterior margin nasal septum and choanae
Malignant neoplasms,187700006,288553016.0,Malignant neoplasm of anterior wall of nasopharynx NOS
Malignant neoplasms,187692001,288519015.0,Malignant neoplasm of other specified site of nasopharynx
Malignant neoplasms,187692001,288526015.0,Malignant neoplasm of nasopharynx NOS
Malignant neoplasms,363399006,482598016.0,Malignant neoplasm of hypopharynx
Malignant neoplasms,363400004,482599012.0,Malignant neoplasm of postcricoid region
Malignant neoplasms,363401000,482602019.0,Malignant neoplasm of pyriform sinus
Malignant neoplasms,187708004,288566016.0,"Malignant neoplasm aryepiglottic fold, hypopharyngeal aspect"
Malignant neoplasms,187709007,288568015.0,Malignant neoplasm of posterior pharynx
Malignant neoplasms,363399006,482597014.0,Malignant neoplasm of other specified hypopharyngeal site
Malignant neoplasms,363399006,482598016.0,Malignant neoplasm of hypopharynx NOS
Malignant neoplasms,271323007,406052010.0,"Malig neop other/ill-defined sites lip, oral cavity, pharynx"
Malignant neoplasms,363507003,482800013.0,Malignant neoplasm of pharynx unspecified
Malignant neoplasms,187716008,288578017.0,Malignant neoplasm of Waldeyer's ring
Malignant neoplasms,363399006,1228533018.0,Malignant neoplasm of laryngopharynx
Malignant neoplasms,271323007,406052010.0,"Malignant neoplasm of other sites lip, oral cavity, pharynx"
Malignant neoplasms,271323007,406052010.0,"Malignant neoplasm of lip, oral cavity and pharynx NOS"
Malignant neoplasms,34603009,57743014.0,[M]Basal cell adenocarcinoma
Malignant neoplasms,271323007,406052010.0,"[X]Malignant neoplasm of lip, oral cavity and pharynx"
Malignant neoplasms,187727005,288609015.0,Malignant tumour of lower third of oesophagus
Malignant neoplasms,363402007,482603012.0,Malignant tumour of oesophagus
Malignant neoplasms,363402007,1216488012.0,Malignant neoplasm of oesophagus
Malignant neoplasms,187722004,288589012.0,Malignant neoplasm of cervical oesophagus
Malignant neoplasms,187723009,288594012.0,Malignant neoplasm of thoracic oesophagus
Malignant neoplasms,187724003,288597017.0,Malignant neoplasm of abdominal oesophagus
Malignant neoplasms,187725002,288602012.0,Malignant neoplasm of upper third of oesophagus
Malignant neoplasms,187726001,288607018.0,Malignant neoplasm of middle third of oesophagus
Malignant neoplasms,187727005,288608011.0,Malignant neoplasm of lower third of oesophagus
Malignant neoplasms,342571000000109,638841000000113.0,Siewert type I adenocarcinoma
Malignant neoplasms,363402007,482603012.0,Malignant neoplasm of other specified part of oesophagus
Malignant neoplasms,363402007,1216488012.0,Malignant neoplasm of oesophagus NOS
Malignant neoplasms,363402007,1216486011.0,Oesophageal cancer
Malignant neoplasms,363349007,728021000006114.0,Malignant neoplasm of anterior wall of stomach NEC
Malignant neoplasms,534851000000107,1193941000000115.0,Malignant neoplasm of greater curve of stomach unspecified
Malignant neoplasms,534841000000109,1193921000000110.0,Malignant neoplasm of lesser curve of stomach unspecified
Malignant neoplasms,363349007,723101000006112.0,Malignant neoplasm of posterior wall of stomach NEC
Malignant neoplasms,187738005,722341000006119.0,Malignant neoplasm of prepylorus of stomach
Malignant neoplasms,363349007,1.192559100000612e+16,Malignant neoplasm of stomach NOS
Malignant neoplasms,363349007,482498019.0,Malignant neoplasm of stomach
Malignant neoplasms,187732006,288625013.0,Malignant neoplasm of cardia of stomach
Malignant neoplasms,187733001,288628010.0,Malignant neoplasm of cardiac orifice of stomach
Malignant neoplasms,187734007,288632016.0,Malignant neoplasm of cardio-oesophageal junction of stomach
Malignant neoplasms,187734007,288631011.0,Malignant neoplasm of gastro-oesophageal junction
Malignant neoplasms,187732006,288625013.0,Malignant neoplasm of cardia of stomach NOS
Malignant neoplasms,187736009,288635019.0,Malignant neoplasm of pylorus of stomach
Malignant neoplasms,1090291000000102,2731441000000111.0,Malignant neoplasm of prepylorus of stomach
Malignant neoplasms,187738005,288638017.0,Malignant neoplasm of pyloric canal of stomach
Malignant neoplasms,187736009,288634015.0,Malignant neoplasm of pylorus of stomach NOS
Malignant neoplasms,187740000,288641014.0,Malignant neoplasm of pyloric antrum of stomach
Malignant neoplasms,187741001,288644018.0,Malignant neoplasm of fundus of stomach
Malignant neoplasms,187742008,288647013.0,Malignant neoplasm of body of stomach
Malignant neoplasms,269459004,403678014.0,Malignant neoplasm of lesser curve of stomach unspecified
Malignant neoplasms,269460009,403680015.0,Malignant neoplasm of greater curve of stomach unspecified
Malignant neoplasms,342511000000104,638721000000113.0,Siewert type II adenocarcinoma
Malignant neoplasms,342561000000102,638821000000118.0,Siewert type III adenocarcinoma
Malignant neoplasms,363349007,482497012.0,Malignant neoplasm of other specified site of stomach
Malignant neoplasms,1090981000000107,2732841000000117.0,Malignant neoplasm of anterior wall of stomach NEC
Malignant neoplasms,1090971000000105,2732821000000112.0,Malignant neoplasm of posterior wall of stomach NEC
Malignant neoplasms,363349007,482497012.0,Malignant neoplasm of other specified site of stomach NOS
Malignant neoplasms,363349007,482498019.0,Malignant neoplasm of stomach NOS
Malignant neoplasms,363412000,879871000006110.0,Ca ascending colon
Malignant neoplasms,363409003,879851000006117.0,Ca descending colon
Malignant neoplasms,363407001,1228537017.0,Ca hepatic flexure - colon
Malignant neoplasms,363410008,879861000006115.0,Ca sigmoid colon
Malignant neoplasms,363413005,1228542013.0,Ca splenic flexure - colon
Malignant neoplasms,363408006,1228538010.0,Ca transverse colon
Malignant neoplasms,363351006,6242981000006116.0,Malignant tumour of rectum
Malignant neoplasms,254582000,379088010.0,Carcinoma of rectum
Malignant neoplasms,663651000000108,1457191000000114.0,Malignant neoplasm of anus unspecified
Malignant neoplasms,254582000,379089019.0,Rectal carcinoma
Malignant neoplasms,363406005,3446619012.0,Malignant neoplasm of colon
Malignant neoplasms,363407001,482614010.0,Malignant neoplasm of hepatic flexure of colon
Malignant neoplasms,363408006,482615011.0,Malignant neoplasm of transverse colon
Malignant neoplasms,363409003,482618013.0,Malignant neoplasm of descending colon
Malignant neoplasms,363410008,482619017.0,Malignant neoplasm of sigmoid colon
Malignant neoplasms,363350007,1216464010.0,Malignant neoplasm of caecum
Malignant neoplasms,255081007,380129018.0,Carcinoma of caecum
Malignant neoplasms,363411007,482621010.0,Malignant neoplasm of appendix
Malignant neoplasms,363412000,482623013.0,Malignant neoplasm of ascending colon
Malignant neoplasms,363413005,482625018.0,Malignant neoplasm of splenic flexure of colon
Malignant neoplasms,363406005,482611019.0,Malignant neoplasm of other specified sites of colon
Malignant neoplasms,363406005,482611019.0,Malignant neoplasm of colon NOS
Malignant neoplasms,363406005,482611019.0,Colonic cancer
Malignant neoplasms,187760008,288675010.0,"Malignant neoplasm of rectum, rectosigmoid junction and anus"
Malignant neoplasms,363414004,482627014.0,Malignant neoplasm of rectosigmoid junction
Malignant neoplasms,363351006,482502014.0,Malignant neoplasm of rectum
Malignant neoplasms,254582000,379090011.0,Carcinoma of rectum
Malignant neoplasms,254582000,379090011.0,Rectal carcinoma
Malignant neoplasms,363352004,482503016.0,Malignant neoplasm of anal canal
Malignant neoplasms,363352004,482503016.0,Anal carcinoma
Malignant neoplasms,363491008,482769017.0,Malignant neoplasm of cloacogenic zone
Malignant neoplasms,363490009,482768013.0,Malignant neoplasm of anus unspecified
Malignant neoplasms,187760008,288675010.0,"Malig neop other site rectum, rectosigmoid junction and anus"
Malignant neoplasms,187760008,288675010.0,"Malignant neoplasm rectum,rectosigmoid junction and anus NOS"
Malignant neoplasms,363508008,1228620018.0,Cancer of bowel
Malignant neoplasms,74532006,2552865010.0,[M]Glioma NOS
Malignant neoplasms,428061005,2692069010.0,Malignant neoplasm of brain
Malignant neoplasms,428061005,2692069010.0,Cerebral tumour - malignant
Malignant neoplasms,188280007,289336015.0,Malignant neoplasm cerebrum (excluding lobes and ventricles)
Malignant neoplasms,188281006,289337012.0,Malignant neoplasm of basal ganglia
Malignant neoplasms,188282004,289338019.0,Malignant neoplasm of cerebral cortex
Malignant neoplasms,188285002,289341011.0,Malignant neoplasm of globus pallidus
Malignant neoplasms,188286001,289343014.0,Malignant neoplasm of hypothalamus
Malignant neoplasms,188287005,289345019.0,Malignant neoplasm of thalamus
Malignant neoplasms,188280007,289336015.0,Malignant neoplasm of cerebrum NOS
Malignant neoplasms,363467004,482730011.0,Malignant neoplasm of frontal lobe
Malignant neoplasms,363468009,482731010.0,Malignant neoplasm of temporal lobe
Malignant neoplasms,188289008,289347010.0,Malignant neoplasm of hippocampus
Malignant neoplasms,363468009,482731010.0,Malignant neoplasm of temporal lobe NOS
Malignant neoplasms,363469001,482732015.0,Malignant neoplasm of parietal lobe
Malignant neoplasms,363470000,482733013.0,Malignant neoplasm of occipital lobe
Malignant neoplasms,363471001,482734019.0,Malignant neoplasm of cerebral ventricles
Malignant neoplasms,188292007,289352017.0,Malignant neoplasm of choroid plexus
Malignant neoplasms,449420002,2899889012.0,Malignant neoplasm of cerebellum
Malignant neoplasms,363473003,482736017.0,Malignant neoplasm of brain stem
Malignant neoplasms,188295009,289355015.0,Malignant neoplasm of cerebral peduncle
Malignant neoplasms,188296005,289356019.0,Malignant neoplasm of medulla oblongata
Malignant neoplasms,188297001,289357011.0,Malignant neoplasm of midbrain
Malignant neoplasms,188298006,289358018.0,Malignant neoplasm of pons
Malignant neoplasms,363473003,482736017.0,Malignant neoplasm of brain stem NOS
Malignant neoplasms,428061005,2692069010.0,Malignant neoplasm of other parts of brain
Malignant neoplasms,188301005,289361017.0,Malignant neoplasm of corpus callosum
Malignant neoplasms,428061005,2692069010.0,Malignant neoplasm of other part of brain NOS
Malignant neoplasms,428061005,2692069010.0,Malignant neoplasm of brain NOS
Malignant neoplasms,188307009,289367018.0,Malignant neoplasm of cranial nerves
Malignant neoplasms,188308004,289369015.0,Malignant neoplasm of olfactory bulb
Malignant neoplasms,363498002,482783015.0,Malignant neoplasm of optic nerve
Malignant neoplasms,254980001,379934019.0,Malignant neoplasm of acoustic nerve
Malignant neoplasms,188307009,289367018.0,Malignant neoplasm of cranial nerves NOS
Malignant neoplasms,363474009,482737014.0,Malignant neoplasm of cerebral meninges
Malignant neoplasms,188315007,289378014.0,Malignant neoplasm of cerebral pia mater
Malignant neoplasms,363474009,482737014.0,Malignant neoplasm of cerebral meninges NOS
Malignant neoplasms,363475005,482738016.0,Malignant neoplasm of spinal cord
Malignant neoplasms,363476006,482740014.0,Malignant neoplasm of spinal meninges
Malignant neoplasms,363497007,482781018.0,Malignant neoplasm of spinal meninges NOS
Malignant neoplasms,363477002,482741013.0,Malignant neoplasm of cauda equina
Malignant neoplasms,109911004,174604014.0,"Malig neopl, overlap lesion brain & other part of CNS"
Malignant neoplasms,363497007,482781018.0,"Malignant neoplasm of meninges, unspecified"
Malignant neoplasms,188339002,289407019.0,Malignant neoplasm pituitary gland and craniopharyngeal duct
Malignant neoplasms,363482009,482750010.0,Malignant neoplasm of pituitary gland
Malignant neoplasms,188340000,289409016.0,Malignant neoplasm of craniopharyngeal duct
Malignant neoplasms,188339002,289407019.0,Malig neop pituitary gland or craniopharyngeal duct NOS
Malignant neoplasms,363483004,482752019.0,Malignant neoplasm of pineal gland
Malignant neoplasms,447883002,2900052019.0,Malignant neoplasm of carotid body
Malignant neoplasms,93941005,510894017.0,Malignant neoplasm of aortic body and other paraganglia
Malignant neoplasms,93814004,155269017.0,Malignant neoplasm of glomus jugulare
Malignant neoplasms,93677000,155085015.0,Malignant neoplasm of aortic body
Malignant neoplasms,93759001,155193017.0,Malignant neoplasm of coccygeal body
Malignant neoplasms,93941005,510894017.0,Malignant neoplasm of aortic body or paraganglia NOS
Malignant neoplasms,38713004,1229453012.0,[M]Astrocytoma NOS
Malignant neoplasms,38713004,64413017.0,[M]Astrocytic glioma
Malignant neoplasms,55353007,1231460011.0,"[M]Astrocytoma, anaplastic type"
Malignant neoplasms,73982001,122858018.0,[M]Gemistocytic astrocytoma
Malignant neoplasms,71314006,118456018.0,[M]Fibrillary astrocytoma
Malignant neoplasms,128854008,207484016.0,[M]Pilocytic astrocytoma
Malignant neoplasms,128854008,207484016.0,[M]Piloid astrocytoma
Malignant neoplasms,63634009,105759017.0,[M]Spongioblastoma NOS
Malignant neoplasms,48952003,81561018.0,[M]Astroblastoma
Malignant neoplasms,63634009,105759017.0,[M]Glioblastoma NOS
Malignant neoplasms,63634009,105761014.0,[M]Glioblastoma multiforme
Malignant neoplasms,44529004,74269012.0,[M]Giant cell glioblastoma
Malignant neoplasms,443565000,2840882012.0,[M]Oligodendroglioma NOS
Malignant neoplasms,3102004,1227417016.0,"[M]Oligodendroglioma, anaplastic type"
Malignant neoplasms,80061003,132826019.0,[M]Oligodendroblastoma
Malignant neoplasms,83217000,138016017.0,[M]Medulloblastoma NOS
Malignant neoplasms,32456001,54190011.0,[M]Desmoplastic medulloblastoma
Malignant neoplasms,24604009,41255016.0,[M]Medullomyoblastoma
Malignant neoplasms,17302008,29245013.0,[M]Cerebellar sarcoma NOS
Malignant neoplasms,78838008,1234295012.0,[M]Pleomorphic xanthoastrocytoma
Malignant neoplasms,39005004,65429019.0,[M]Medulloepithelioma NOS
Malignant neoplasms,89880005,148993014.0,[M]Glioneuroma
Malignant neoplasms,128858006,207494014.0,[M]Neuroastrocytoma
Malignant neoplasms,53968002,198477011.0,[M]Olfactory neurogenic tumour
Malignant neoplasms,78303004,129936017.0,"[M]Meningioma, malignant"
Malignant neoplasms,78303004,129936017.0,[M]Meningothelial sarcoma
Malignant neoplasms,57606003,95785015.0,[M]Papillary meningioma
Malignant neoplasms,188307009,289367018.0,[X]Malignant neoplasm/other and unspecified cranial nerves
Malignant neoplasms,372062007,1210640010.0,"[X]Malignant neoplasm/central nervous system, unspecified"
Malignant neoplasms,363497007,482781018.0,"[X]Malignant neoplasm of meninges, unspecified"
Malignant neoplasms,109911004,174604014.0,"[X]Malig neopl, overlap lesion brain & other part of CNS"
Malignant neoplasms,363418001,482635012.0,Malignant neoplasm of pancreas
Malignant neoplasms,363419009,482638014.0,Malignant neoplasm of head of pancreas
Malignant neoplasms,187791002,288717016.0,Malignant neoplasm of body of pancreas
Malignant neoplasms,187792009,288720012.0,Malignant neoplasm of tail of pancreas
Malignant neoplasms,187793004,288723014.0,Malignant neoplasm of pancreatic duct
Malignant neoplasms,187794005,288727010.0,Malignant neoplasm of Islets of Langerhans
Malignant neoplasms,363418001,482635012.0,Malignant neoplasm of other specified sites of pancreas
Malignant neoplasms,187798008,288734012.0,Malignant neoplasm of ectopic pancreatic tissue
Malignant neoplasms,363418001,482635012.0,Malignant neoplasm of specified site of pancreas NOS
Malignant neoplasms,363418001,482635012.0,Malignant neoplasm of pancreas NOS
Malignant neoplasms,60346004,100246011.0,[M]Islet cell carcinoma
Malignant neoplasms,20955008,1222592015.0,"[M]Insulinoma, malignant"
Malignant neoplasms,66515009,1232802010.0,"[M]Glucagonoma, malignant"
Malignant neoplasms,999000,2755014.0,[M]Mixed islet cell and exocrine adenocarcinoma
Malignant neoplasms,19756007,1222357010.0,"[M]Gastrinoma, malignant"
Malignant neoplasms,25370001,42540010.0,Hepatocellular carcinoma
Malignant neoplasms,95214007,157732017.0,Primary malignant neoplasm of liver
Malignant neoplasms,187769009,288690014.0,Primary carcinoma of liver
Malignant neoplasms,109843000,342834014.0,Hepatoblastoma of liver
Malignant neoplasms,109844006,342851019.0,Primary angiosarcoma of liver
Malignant neoplasms,109841003,342807011.0,Hepatocellular carcinoma
Malignant neoplasms,95214007,157732017.0,Primary malignant neoplasm of liver NOS
Malignant neoplasms,93870000,155343014.0,Malignant neoplasm of liver unspecified
Malignant neoplasms,25370001,1224870013.0,[M]Hepatocellular carcinoma NOS
Malignant neoplasms,25370001,1224870013.0,[M]Hepatoma NOS
Malignant neoplasms,25370001,1224870013.0,"[M]Hepatoma, malignant"
Malignant neoplasms,25370001,1224870013.0,[M]Liver cell carcinoma
Malignant neoplasms,52178006,1231089017.0,[M]Combined hepatocellular carcinoma and cholangiocarcinoma
Malignant neoplasms,52178006,1231089017.0,[M]Hepatocholangiocarcinoma
Malignant neoplasms,15619004,1221210013.0,"[M]Hepatocellular carcinoma, fibrolamellar"
Malignant neoplasms,109841003,342812012.0,[X]Other specified carcinomas of liver
Malignant neoplasms,549521000000102,880331000006115.0,Ca breast - NOS
Malignant neoplasms,188156001,880321000006118.0,Ca breast - axillary tail
Malignant neoplasms,93884005,880341000006113.0,Ca breast - male
Malignant neoplasms,188147009,880271000006114.0,Ca breast - nipple/central
Malignant neoplasms,188153009,880291000006110.0,"Ca breast-lower,inner quadrant"
Malignant neoplasms,188155002,880311000006114.0,"Ca breast-lower,outer quadrant"
Malignant neoplasms,188152004,880281000006112.0,"Ca breast-upper,inner quadrant"
Malignant neoplasms,188154003,880301000006111.0,"Ca breast-upper,outer quadrant"
Malignant neoplasms,372064008,880261000006119.0,Carcinoma breast
Malignant neoplasms,54666007,90843010.0,Paget's disease and intraductal carcinoma of breast
Malignant neoplasms,907341000006100,907341000006116.0,[RFC] Breast cancer
Malignant neoplasms,254837009,396211000006116.0,[X]Malignant neoplasm of breast
Malignant neoplasms,314955001,1803781000006110.0,Local recurrence of malignant tumour of breast
Malignant neoplasms,549521000000102,1224211000000116.0,Malignant neoplasm of female breast NOS
Malignant neoplasms,372064008,1210642019.0,Malignant neoplasm of female breast
Malignant neoplasms,372064008,1210642019.0,Ca female breast
Malignant neoplasms,188147009,289137018.0,Malignant neoplasm of nipple and areola of female breast
Malignant neoplasms,93924008,155417012.0,Malignant neoplasm of nipple of female breast
Malignant neoplasms,93680004,155089014.0,Malignant neoplasm of areola of female breast
Malignant neoplasms,188147009,289137018.0,Malignant neoplasm of nipple or areola of female breast NOS
Malignant neoplasms,188151006,289141019.0,Malignant neoplasm of central part of female breast
Malignant neoplasms,188152004,289142014.0,Malignant neoplasm of upper-inner quadrant of female breast
Malignant neoplasms,188153009,289143016.0,Malignant neoplasm of lower-inner quadrant of female breast
Malignant neoplasms,188154003,289144010.0,Malignant neoplasm of upper-outer quadrant of female breast
Malignant neoplasms,188155002,289145011.0,Malignant neoplasm of lower-outer quadrant of female breast
Malignant neoplasms,188156001,289146012.0,Malignant neoplasm of axillary tail of female breast
Malignant neoplasms,372064008,1210642019.0,Malignant neoplasm of other site of female breast
Malignant neoplasms,188159008,289149017.0,Malignant neoplasm of ectopic site of female breast
Malignant neoplasms,372064008,1210642019.0,Malignant neoplasm of other site of female breast NOS
Malignant neoplasms,372064008,1210642019.0,Malignant neoplasm of female breast NOS
Malignant neoplasms,372095001,1210673015.0,Malignant neoplasm of male breast
Malignant neoplasms,188163001,289153015.0,Malignant neoplasm of nipple and areola of male breast
Malignant neoplasms,93925009,155418019.0,Malignant neoplasm of nipple of male breast
Malignant neoplasms,93681000,155090017.0,Malignant neoplasm of areola of male breast
Malignant neoplasms,372095001,1210673015.0,Malignant neoplasm of other site of male breast
Malignant neoplasms,188168005,289158012.0,Malignant neoplasm of ectopic site of male breast
Malignant neoplasms,372095001,1210673015.0,Malignant neoplasm of male breast NOS
Malignant neoplasms,314955001,459378019.0,Local recurrence of malignant tumour of breast
Malignant neoplasms,109888004,174576019.0,Lobular carcinoma in situ of breast
Malignant neoplasms,109889007,174577011.0,Intraductal carcinoma in situ of breast
Malignant neoplasms,82711006,137203014.0,[M]Infiltrating duct carcinoma
Malignant neoplasms,82711006,137210015.0,[M]Duct carcinoma NOS
Malignant neoplasms,64524002,1232565018.0,[M]Intraductal papillary adenocarcinoma with invasion
Malignant neoplasms,35232005,1228260012.0,[M]Infiltrating duct and lobular carcinoma
Malignant neoplasms,78197004,1234227011.0,"[M]Comedocarcinoma, noninfiltrating"
Malignant neoplasms,722237009,3331293018.0,[M]Comedocarcinoma NOS
Malignant neoplasms,41919003,69948016.0,[M]Secretory breast carcinoma
Malignant neoplasms,30566004,1227274015.0,[M]Noninfiltrating intraductal papillary adenocarcinoma
Malignant neoplasms,2985005,1226519014.0,"[M]Paget's disease, mammary"
Malignant neoplasms,2985005,6068012.0,"[M]Paget's disease, breast"
Malignant neoplasms,82591005,137011013.0,[M]Paget's disease and infiltrating breast duct carcinoma
Malignant neoplasms,54666007,1231364018.0,[M]Paget's disease and intraductal carcinoma of breast
Malignant neoplasms,703545003,3008905015.0,[M]Intracystic carcinoma NOS
Malignant neoplasms,254837009,379664012.0,[X]Malignant neoplasm of breast
Malignant neoplasms,41607009,69408018.0,Hypernephroma
Malignant neoplasms,363518003,482823011.0,Renal malignant neoplasm
Malignant neoplasms,188250002,289285010.0,Malignant neoplasm of kidney parenchyma
Malignant neoplasms,702391001,3648998018.0,Hypernephroma
Malignant neoplasms,363457009,482710012.0,Malignant neoplasm of renal pelvis
Malignant neoplasms,188252005,289289016.0,Malignant neoplasm of renal calyces
Malignant neoplasms,188253000,289294016.0,Malignant neoplasm of ureteropelvic junction
Malignant neoplasms,363457009,482710012.0,Malignant neoplasm of renal pelvis NOS
Malignant neoplasms,363458004,482713014.0,Malignant neoplasm of ureter
Malignant neoplasms,41607009,1229779019.0,[M]Renal cell carcinoma
Malignant neoplasms,41607009,1229779019.0,[M]Grawitz tumour
Malignant neoplasms,41607009,1229779019.0,[M]Hypernephroma
Malignant neoplasms,254626006,379172013.0,Adenocarcinoma of lung
Malignant neoplasms,254637007,379195016.0,Non-small cell lung cancer
Malignant neoplasms,93880001,510792012.0,Primary malignant neoplasm of lung
Malignant neoplasms,254632001,379181019.0,Small cell lung cancer
Malignant neoplasms,254634000,379184010.0,Squamous cell carcinoma of lung
Malignant neoplasms,907111000006102,907111000006118.0,[RFC] Lung cancer
Malignant neoplasms,363358000,396221000006112.0,"[X]Malignant neoplasm of bronchus or lung, unspecified"
Malignant neoplasms,430621000,2765453013.0,"Malignant neoplasm of trachea, bronchus and lung"
Malignant neoplasms,363432004,482662016.0,Malignant neoplasm of trachea
Malignant neoplasms,187854004,288810010.0,Malignant neoplasm of mucosa of trachea
Malignant neoplasms,363432004,482662016.0,Malignant neoplasm of trachea NOS
Malignant neoplasms,372065009,1210643012.0,Malignant neoplasm of main bronchus
Malignant neoplasms,187857006,288813012.0,Malignant neoplasm of carina of bronchus
Malignant neoplasms,93827000,155287019.0,Malignant neoplasm of hilus of lung
Malignant neoplasms,372065009,1210643012.0,Malignant neoplasm of main bronchus NOS
Malignant neoplasms,269464000,403688010.0,"Malignant neoplasm of upper lobe, bronchus or lung"
Malignant neoplasms,278065000,414849013.0,Pancoast's syndrome
Malignant neoplasms,187861000,288819011.0,Malignant neoplasm of upper lobe bronchus
Malignant neoplasms,187862007,288820017.0,Malignant neoplasm of upper lobe of lung
Malignant neoplasms,269464000,403688010.0,"Malignant neoplasm of upper lobe, bronchus or lung NOS"
Malignant neoplasms,187864008,288822013.0,"Malignant neoplasm of middle lobe, bronchus or lung"
Malignant neoplasms,187865009,288823015.0,Malignant neoplasm of middle lobe bronchus
Malignant neoplasms,187866005,288824014.0,Malignant neoplasm of middle lobe of lung
Malignant neoplasms,187864008,288822013.0,"Malignant neoplasm of middle lobe, bronchus or lung NOS"
Malignant neoplasms,187868006,288826011.0,"Malignant neoplasm of lower lobe, bronchus or lung"
Malignant neoplasms,187869003,288827019.0,Malignant neoplasm of lower lobe bronchus
Malignant neoplasms,187870002,288828012.0,Malignant neoplasm of lower lobe of lung
Malignant neoplasms,187868006,288826011.0,"Malignant neoplasm of lower lobe, bronchus or lung NOS"
Malignant neoplasms,363358000,482516016.0,Malignant neoplasm of other sites of bronchus or lung
Malignant neoplasms,363358000,482516016.0,Malignant neoplasm of bronchus or lung NOS
Malignant neoplasms,93880001,3288586014.0,Lung cancer
Malignant neoplasms,112677002,1219789016.0,[M]Bronchiolo-alveolar adenocarcinoma
Malignant neoplasms,112677002,1219789016.0,[M]Alveolar cell carcinoma
Malignant neoplasms,112677002,1219789016.0,[M]Bronchiolar carcinoma
Malignant neoplasms,36310008,60606019.0,[M]Alveolar adenocarcinoma
Malignant neoplasms,1090881000000100,2732641000000116.0,"[X]Malignant neoplasm of bronchus or lung, unspecified"
Malignant neoplasms,188478004,289566011.0,Malignant neoplasms of independent (primary) multiple sites
Malignant neoplasms,188478004,289566011.0,[X]Malignant neoplasms/independent (primary) multiple sites
Malignant neoplasms,188478004,289566011.0,[X]Malignant neoplasms/independent(primary)multiple sites
Malignant neoplasms,399068003,1786665019.0,Cancer of prostate
Malignant neoplasms,906971000006106,906971000006110.0,[RFC] Cancer of the prostate
Malignant neoplasms,385377005,1479600014.0,Gleason grading of prostate cancer
Malignant neoplasms,369775001,1490806016.0,Gleason prostate grade 2-4 (low)
Malignant neoplasms,394932008,1488634012.0,Gleason prostate grade 5-7 (medium)
Malignant neoplasms,369777009,1490807013.0,Gleason prostate grade 8-10 (high)
Malignant neoplasms,176106009,272628011.0,Radical cystoprostatourethrectomy
Malignant neoplasms,81232004,134770016.0,Radical cystoprostatectomy
Malignant neoplasms,176261008,272890012.0,Radical prostatectomy without pelvic node excision
Malignant neoplasms,176262001,272891011.0,Radical prostatectomy with pelvic node sampling
Malignant neoplasms,176263006,272892016.0,Radical prostatectomy with pelvic lymphadenectomy
Malignant neoplasms,399068003,1773293010.0,Malignant neoplasm of prostate
Malignant neoplasms,372122006,880561000006117.0,Ca skin - head/neck
Malignant neoplasms,188127001,880241000006118.0,Ca skin - lower limb
Malignant neoplasms,573501000000108,880211000006117.0,Ca skin - other
Malignant neoplasms,540311000000106,880251000006116.0,Ca skin - other NOS
Malignant neoplasms,531581000000101,880221000006113.0,Ca skin - trunk
Malignant neoplasms,188119005,880231000006111.0,Ca skin - upper limb
Malignant neoplasms,127570002,305821000006115.0,[M]Basal cell neoplasms
Malignant neoplasms,853151000006109,853151000006113.0,Basal cell carcinoma
Malignant neoplasms,76594008,3745771000006113.0,Dermatofibrosarcoma protuberans
Malignant neoplasms,540311000000106,1205251000000113.0,Malignant neoplasm of skin NOS
Malignant neoplasms,531581000000101,1187061000000112.0,"Malignant neoplasm of skin of trunk, excluding scrotum"
Malignant neoplasms,363346000,720521000006117.0,Malignant neoplasm skin of other and unspecified parts face
Malignant neoplasms,573501000000108,1274111000000111.0,Other malignant neoplasm of skin
Malignant neoplasms,1338007,3349012.0,Rodent ulcer
Malignant neoplasms,853821000006106,853821000006110.0,Rodent ulcer
Malignant neoplasms,540311000000106,1205241000000110.0,Squamous cell carcinoma of skin NOS
Malignant neoplasms,372130007,1210707014.0,Other malignant neoplasm of skin
Malignant neoplasms,254701007,379314010.0,Basal cell carcinoma
Malignant neoplasms,254701007,379315011.0,Rodent ulcer
Malignant neoplasms,94000008,155506013.0,Malignant neoplasm of sebaceous gland
Malignant neoplasms,94081005,155602015.0,Malignant neoplasm of sweat gland
Malignant neoplasms,275265005,411225019.0,Epithelioma basal cell
Malignant neoplasms,94032008,155542017.0,Malignant neoplasm of skin of lip
Malignant neoplasms,231829006,347398012.0,Malignant neoplasm of eyelid including canthus
Malignant neoplasms,310599006,454201010.0,Malignant neoplasm of canthus
Malignant neoplasms,313249007,457110018.0,Malignant neoplasm of upper eyelid
Malignant neoplasms,313250007,457111019.0,Malignant neoplasm of lower eyelid
Malignant neoplasms,188089003,289077012.0,Malignant neoplasm skin of ear and external auricular canal
Malignant neoplasms,188090007,289079010.0,Malignant neoplasm of skin of auricle (ear)
Malignant neoplasms,188091006,289080013.0,Malignant neoplasm of skin of external auditory meatus
Malignant neoplasms,277156006,413589015.0,Malignant neoplasm of pinna NEC
Malignant neoplasms,126488004,82493010.0,Malig neop skin of ear and external auricular canal NOS
Malignant neoplasms,443136000,2838688010.0,Malignant neoplasm skin of other and unspecified parts face
Malignant neoplasms,188095002,289084016.0,"Malignant neoplasm of skin of cheek, external"
Malignant neoplasms,94016005,155525011.0,Malignant neoplasm of skin of chin
Malignant neoplasms,94026003,155536016.0,Malignant neoplasm of skin of forehead
Malignant neoplasms,188099008,289088018.0,Malignant neoplasm of skin of nose (external)
Malignant neoplasms,188100000,289089014.0,Malignant neoplasm of skin of temple
Malignant neoplasms,443136000,2838688010.0,Malignant neoplasm skin other and unspec part of face NOS
Malignant neoplasms,188102008,289091018.0,Malignant neoplasm of scalp and skin of neck
Malignant neoplasms,188103003,289092013.0,Malignant neoplasm of scalp
Malignant neoplasms,94034009,155545015.0,Malignant neoplasm of skin of neck
Malignant neoplasms,188102008,1775486011.0,Malignant neoplasm of scalp or skin of neck NOS
Malignant neoplasms,372126009,1210703013.0,"Malignant neoplasm of skin of trunk, excluding scrotum"
Malignant neoplasms,188107002,289096011.0,Malignant neoplasm of skin of axillary fold
Malignant neoplasms,372126009,1210703013.0,"Malignant neoplasm of skin of chest, excluding breast"
Malignant neoplasms,94012007,155521019.0,Malignant neoplasm of skin of breast
Malignant neoplasms,188110009,289099016.0,Malignant neoplasm of skin of abdominal wall
Malignant neoplasms,94044006,155556015.0,Malignant neoplasm of skin of umbilicus
Malignant neoplasms,94027007,155537013.0,Malignant neoplasm of skin of groin
Malignant neoplasms,94036006,155547011.0,Malignant neoplasm of skin of perineum
Malignant neoplasms,94011000,155520018.0,Malignant neoplasm of skin of back
Malignant neoplasms,94013002,155522014.0,Malignant neoplasm of skin of buttock
Malignant neoplasms,93956001,155458017.0,Malignant neoplasm of perianal skin
Malignant neoplasms,311779007,455405012.0,Malignant neoplasm of skin of scapular region
Malignant neoplasms,372126009,1210703013.0,"Malignant neoplasm of skin of trunk, excluding scrotum, NOS"
Malignant neoplasms,188119005,289108017.0,Malignant neoplasm of skin of upper limb and shoulder
Malignant neoplasms,94039004,155550014.0,Malignant neoplasm of skin of shoulder
Malignant neoplasms,188121000,289110015.0,Malignant neoplasm of skin of upper arm
Malignant neoplasms,188122007,289111016.0,Malignant neoplasm of skin of fore-arm
Malignant neoplasms,94028002,155538015.0,Malignant neoplasm of skin of hand
Malignant neoplasms,94023006,155533012.0,Malignant neoplasm of skin of finger
Malignant neoplasms,188125009,289114012.0,Malignant neoplasm of skin of thumb
Malignant neoplasms,188119005,289108017.0,Malignant neoplasm of skin of upper limb or shoulder NOS
Malignant neoplasms,188127001,289116014.0,Malignant neoplasm of skin of lower limb and hip
Malignant neoplasms,94029005,155539011.0,Malignant neoplasm of skin of hip
Malignant neoplasms,94041003,155552018.0,Malignant neoplasm of skin of thigh
Malignant neoplasms,94030000,155540013.0,Malignant neoplasm of skin of knee
Malignant neoplasms,188132000,289121012.0,Malignant neoplasm of skin of popliteal fossa area
Malignant neoplasms,188133005,289122017.0,Malignant neoplasm of skin of lower leg
Malignant neoplasms,94008001,155517014.0,Malignant neoplasm of skin of ankle
Malignant neoplasms,188135003,289124016.0,Malignant neoplasm of skin of heel
Malignant neoplasms,94024000,155534018.0,Malignant neoplasm of skin of foot
Malignant neoplasms,94042005,155553011.0,Malignant neoplasm of skin of toe
Malignant neoplasms,188138001,289127011.0,Malignant neoplasm of skin of great toe
Malignant neoplasms,188127001,289116014.0,Malignant neoplasm of skin of lower limb or hip NOS
Malignant neoplasms,254651007,379223011.0,Squamous cell carcinoma of skin
Malignant neoplasms,276799004,413089014.0,Dermatofibrosarcoma protuberans
Malignant neoplasms,372130007,1210707014.0,Malignant neoplasm of other specified skin sites
Malignant neoplasms,372130007,1210707014.0,Malignant neoplasm of skin NOS
Malignant neoplasms,254651007,379223011.0,Squamous cell carcinoma of skin NOS
Malignant neoplasms,400155002,1779409013.0,[M]Squamous cell carcinoma of skin NOS
Malignant neoplasms,127570002,2664014019.0,[M]Basal cell neoplasms
Malignant neoplasms,30649006,196804015.0,[M]Basal cell tumour
Malignant neoplasms,1338007,3345018.0,[M]Basal cell carcinoma NOS
Malignant neoplasms,61098004,101531010.0,[M]Multicentric basal cell carcinoma
Malignant neoplasms,134152008,215881011.0,"[M]Basal cell carcinoma, morphoea type"
Malignant neoplasms,43369006,1229982018.0,"[M]Basal cell carcinoma, fibroepithelial type"
Malignant neoplasms,37304002,62234010.0,[M]Basosquamous carcinoma
Malignant neoplasms,6641007,12009016.0,[M]Metatypical carcinoma
Malignant neoplasms,61098004,199020010.0,[M]Superficial basal cell carcinoma
Malignant neoplasms,128636006,207028011.0,"[M]Basal cell carcinoma, nodular"
Malignant neoplasms,402529002,1781655012.0,"[M]Basal cell carcinoma, micronodular"
Malignant neoplasms,56665009,198684014.0,"[M]Basal cell carcinoma, infiltrative"
Malignant neoplasms,403909004,1782913015.0,[M]Pigmented basal cell carcinoma
Malignant neoplasms,127570002,857018.0,[M]Basal cell neoplasm NOS
Malignant neoplasms,64000002,106379015.0,[M]Skin appendage carcinoma
Malignant neoplasms,32272007,53910019.0,[M]Sweat gland adenocarcinoma
Malignant neoplasms,57141000,95032016.0,[M]Apocrine adenocarcinoma
Malignant neoplasms,54734006,1231370012.0,[M]Sebaceous adenocarcinoma
Malignant neoplasms,94047004,155560017.0,[X]Oth malignant neoplasm/skin of oth+unspecfd parts of face
Malignant neoplasms,372130007,1210707014.0,"[X]Malignant neoplasm of skin, unspecified"
Malignant neoplasms,62064005,103178011.0,"[M]Mesothelioma, malignant"
Malignant neoplasms,54443001,90491019.0,[M]Sarcomatoid mesothelioma
Malignant neoplasms,65278006,1232663018.0,"[M]Epithelioid mesothelioma, malignant"
Malignant neoplasms,30383009,1227226015.0,"[M]Mesothelioma, biphasic type, malignant"
Malignant neoplasms,417554000,109371000006115.0,Teratoma of descended testis
Malignant neoplasms,363449006,482694014.0,Malignant neoplasm of testis
Malignant neoplasms,188219004,289223017.0,Malignant neoplasm of undescended testis
Malignant neoplasms,313428008,457318018.0,Seminoma of undescended testis
Malignant neoplasms,417417007,2548377014.0,Teratoma of undescended testis
Malignant neoplasms,188219004,289220019.0,Malignant neoplasm of undescended testis NOS
Malignant neoplasms,109876001,174562015.0,Malignant neoplasm of descended testis
Malignant neoplasms,313429000,457319014.0,Seminoma of descended testis
Malignant neoplasms,417554000,2548606013.0,Teratoma of descended testis
Malignant neoplasms,1090261000000108,2731381000000113.0,Malignant neoplasm of descended testis NOS
Malignant neoplasms,363449006,482694014.0,Malignant neoplasm of testis NOS
Malignant neoplasms,255107005,380180017.0,Seminoma of testis
Malignant neoplasms,416769008,2549298016.0,Teratoma of testis
Malignant neoplasms,363478007,880531000006114.0,Ca thyroid
Malignant neoplasms,907351000006103,907351000006119.0,[RFC] Cancer of the thyroid
Malignant neoplasms,363478007,482743011.0,Malignant neoplasm of thyroid gland
Malignant neoplasms,570591000000106,1267991000000117.0,Malignant neoplasm of body of uterus NOS
Malignant neoplasms,371973000,1210562019.0,"Malignant neoplasm of uterus, part unspecified"
Malignant neoplasms,371972005,1210561014.0,Malignant neoplasm of body of uterus
Malignant neoplasms,188189001,289187013.0,"Malignant neoplasm of corpus uteri, excluding isthmus"
Malignant neoplasms,188190005,289188015.0,Malignant neoplasm of cornu of corpus uteri
Malignant neoplasms,188191009,289189011.0,Malignant neoplasm of fundus of corpus uteri
Malignant neoplasms,188192002,289190019.0,Malignant neoplasm of endometrium of corpus uteri
Malignant neoplasms,188192002,289190019.0,Malignant neoplasm of endometrium
Malignant neoplasms,188193007,289191015.0,Malignant neoplasm of myometrium of corpus uteri
Malignant neoplasms,188189001,289187013.0,Malignant neoplasm of corpus uteri NOS
Malignant neoplasms,188195000,289193017.0,Malignant neoplasm of isthmus of uterine body
Malignant neoplasms,188195000,3491683016.0,Malignant neoplasm of lower uterine segment
Malignant neoplasms,188195000,289193017.0,Malignant neoplasm of isthmus of uterine body NOS
Malignant neoplasms,371972005,1210561014.0,Malignant neoplasm of other site of uterine body
Malignant neoplasms,371972005,1210561014.0,Malignant neoplasm of body of uterus NOS
Malignant neoplasms,187777008,288698019.0,Malignant neoplasm of intrahepatic bile ducts
Malignant neoplasms,187773007,288694017.0,Malignant neoplasm of interlobular bile ducts
Malignant neoplasms,187777008,2619456011.0,Malignant neoplasm of intrahepatic biliary passages
Malignant neoplasms,187777008,288698019.0,Malignant neoplasm of intrahepatic gall duct
Malignant neoplasms,187777008,288698019.0,Malignant neoplasm of intrahepatic bile ducts NOS
Malignant neoplasms,363416002,482631015.0,Malignant neoplasm of extrahepatic bile ducts
Malignant neoplasms,93770008,155207017.0,Malignant neoplasm of cystic duct
Malignant neoplasms,187784000,288707014.0,Malignant neoplasm of hepatic duct
Malignant neoplasms,93763008,155198014.0,Malignant neoplasm of common bile duct
Malignant neoplasms,255086002,380139012.0,Carcinoma common bile duct
Malignant neoplasms,187786003,288711015.0,Malignant neoplasm of sphincter of Oddi
Malignant neoplasms,363416002,482631015.0,Malignant neoplasm of extrahepatic bile ducts NOS
Malignant neoplasms,363417006,482633017.0,Malignant neoplasm of ampulla of Vater
Malignant neoplasms,70179006,116557016.0,[M]Cholangiocarcinoma
Malignant neoplasms,70179006,116558014.0,[M]Bile duct carcinoma
Malignant neoplasms,50422007,84004017.0,[M]Bile duct cystadenocarcinoma
Malignant neoplasms,546881000000105,1218841000000118.0,Malignant melanoma of skin NOS
Malignant neoplasms,106243009,170673014.0,Breslow depth staging for melanoma
Malignant neoplasms,83284001,138122012.0,Clark melanoma level 1
Malignant neoplasms,50542000,84190018.0,Clark melanoma level 2
Malignant neoplasms,21165006,35572018.0,Clark melanoma level 3
Malignant neoplasms,1556006,3704012.0,Clark melanoma level 4
Malignant neoplasms,16034002,27148012.0,Clark melanoma level 5
Malignant neoplasms,93655004,155060012.0,Malignant melanoma of skin
Malignant neoplasms,188030005,289009011.0,Malignant melanoma of lip
Malignant neoplasms,231834005,347406017.0,Malignant melanoma of eyelid including canthus
Malignant neoplasms,188032002,289011019.0,Malignant melanoma of ear and external auricular canal
Malignant neoplasms,188033007,289012014.0,Malignant melanoma of auricle (ear)
Malignant neoplasms,188034001,289013016.0,Malignant melanoma of external auditory meatus
Malignant neoplasms,188032002,289011019.0,Malignant melanoma of ear and external auricular canal NOS
Malignant neoplasms,93225001,154247017.0,Malignant melanoma of other and unspecified parts of face
Malignant neoplasms,93217003,1235785014.0,Malignant melanoma of external surface of cheek
Malignant neoplasms,188038003,289017015.0,Malignant melanoma of chin
Malignant neoplasms,188040008,289019017.0,Malignant melanoma of forehead
Malignant neoplasms,93643005,1235798017.0,Malignant melanoma of external surface of nose
Malignant neoplasms,188042000,289021010.0,Malignant melanoma of temple
Malignant neoplasms,93225001,154247017.0,Malignant melanoma of face NOS
Malignant neoplasms,188044004,289023013.0,Malignant melanoma of scalp and neck
Malignant neoplasms,188045003,289024019.0,Malignant melanoma of scalp
Malignant neoplasms,188046002,289025018.0,Malignant melanoma of neck
Malignant neoplasms,188044004,1775484014.0,Malignant melanoma of scalp and neck NOS
Malignant neoplasms,93651008,155054012.0,Malignant melanoma of trunk (excluding scrotum)
Malignant neoplasms,188049009,289028016.0,Malignant melanoma of axilla
Malignant neoplasms,188050009,289029012.0,Malignant melanoma of breast
Malignant neoplasms,188051008,289030019.0,Malignant melanoma of buttock
Malignant neoplasms,188052001,289031015.0,Malignant melanoma of groin
Malignant neoplasms,93209006,154231019.0,Malignant melanoma of perianal skin
Malignant neoplasms,188054000,289033017.0,Malignant melanoma of perineum
Malignant neoplasms,188055004,289034011.0,Malignant melanoma of umbilicus
Malignant neoplasms,310498001,454085011.0,Malignant melanoma of back
Malignant neoplasms,313248004,457109011.0,Malignant melanoma of chest wall
Malignant neoplasms,269579005,403893010.0,"Malignant melanoma of trunk, excluding scrotum, NOS"
Malignant neoplasms,269580008,403894016.0,Malignant melanoma of upper limb and shoulder
Malignant neoplasms,188060000,289039018.0,Malignant melanoma of shoulder
Malignant neoplasms,188061001,289040016.0,Malignant melanoma of upper arm
Malignant neoplasms,188062008,289041017.0,Malignant melanoma of fore-arm
Malignant neoplasms,188063003,289042012.0,Malignant melanoma of hand
Malignant neoplasms,188064009,289043019.0,Malignant melanoma of finger
Malignant neoplasms,188065005,289044013.0,Malignant melanoma of thumb
Malignant neoplasms,269580008,403894016.0,Malignant melanoma of upper limb or shoulder NOS
Malignant neoplasms,188067002,289046010.0,Malignant melanoma of lower limb and hip
Malignant neoplasms,188068007,289047018.0,Malignant melanoma of hip
Malignant neoplasms,188069004,289048011.0,Malignant melanoma of thigh
Malignant neoplasms,188070003,289049015.0,Malignant melanoma of knee
Malignant neoplasms,188071004,289050015.0,Malignant melanoma of popliteal fossa area
Malignant neoplasms,188072006,289051016.0,Malignant melanoma of lower leg
Malignant neoplasms,188073001,289052011.0,Malignant melanoma of ankle
Malignant neoplasms,188074007,289053018.0,Malignant melanoma of heel
Malignant neoplasms,188075008,289054012.0,Malignant melanoma of foot
Malignant neoplasms,188076009,289055013.0,Malignant melanoma of toe
Malignant neoplasms,188077000,289056014.0,Malignant melanoma of great toe
Malignant neoplasms,188067002,289046010.0,Malignant melanoma of lower limb or hip NOS
Malignant neoplasms,93655004,155060012.0,Malignant melanoma of other specified skin site
Malignant neoplasms,109267002,173816012.0,Overlapping malignant melanoma of skin
Malignant neoplasms,93655004,155060012.0,Malignant melanoma of skin NOS
Malignant neoplasms,2092003,4601016.0,[M]Malignant melanoma NOS
Malignant neoplasms,2092003,4601016.0,[M]Melanocarcinoma
Malignant neoplasms,115223002,1784646013.0,[M]Melanoma NOS
Malignant neoplasms,2092003,4601016.0,[M]Melanosarcoma NOS
Malignant neoplasms,39896009,1229573016.0,"[M]Malignant melanoma, regressing"
Malignant neoplasms,51757004,1231030012.0,"[M]Desmoplastic melanoma, malignant"
Malignant neoplasms,2142002,4703012.0,[M]Nodular melanoma
Malignant neoplasms,39274007,65865017.0,[M]Balloon cell melanoma
Malignant neoplasms,70594002,117272014.0,[M]Amelanotic melanoma
Malignant neoplasms,915007,199323019.0,[M]Malignant melanoma in junctional naevus
Malignant neoplasms,61217001,1232189017.0,[M]Hutchinson's melanotic freckle
Malignant neoplasms,44474009,1230099017.0,[M]Malignant melanoma in Hutchinson's melanotic freckle
Malignant neoplasms,16974005,1221445019.0,"[M]Acral lentiginous melanoma, malignant"
Malignant neoplasms,55320002,91969014.0,[M]Superficial spreading melanoma
Malignant neoplasms,75931002,200557018.0,[M]Malignant melanoma in giant pigmented naevus
Malignant neoplasms,88082008,1235301017.0,[M]Juvenila melanoma
Malignant neoplasms,37138001,61959010.0,[M]Epithelioid cell melanoma
Malignant neoplasms,68827007,114326019.0,[M]Spindle cell melanoma NOS
Malignant neoplasms,40244008,1229623012.0,"[M]Spindle cell melanoma, type B"
Malignant neoplasms,50813003,84682017.0,[M]Mixed epithelioid and spindle melanoma
Malignant neoplasms,93225001,154247017.0,[X]Malignant melanoma of other+unspecified parts of face
Malignant neoplasms,93655004,155060012.0,"[X]Malignant melanoma of skin, unspecified"
Malignant neoplasms,269475001,880781000006115.0,Lymphatic tissue carcinoma
Malignant neoplasms,363353009,6243051000006118.0,Malignant tumour of gallbladder
Malignant neoplasms,372063002,396111000006110.0,[X]Mal neoplasm/overlap les/periph nerv+autonomic nerv systm
Malignant neoplasms,269475001,411571000006113.0,[X]Other malignant immunoproliferative diseases
Malignant neoplasms,188188009,289184018.0,Choriocarcinoma
Malignant neoplasms,44769000,74681016.0,Choriocarcinoma
Malignant neoplasms,128812005,207348010.0,Letterer-Siwe disease
Malignant neoplasms,269469005,729461000006119.0,Malig neop of connective and soft tissue trunk unspecified
Malignant neoplasms,662481000000107,1454841000000119.0,Malignant neoplasm lymphatic or haematopoietic tissue NOS
Malignant neoplasms,363346000,727361000006117.0,Malignant neoplasm of back NOS
Malignant neoplasms,188361007,727171000006110.0,Malignant neoplasm of chest wall NOS
Malignant neoplasms,363346000,725591000006111.0,Malignant neoplasm of flank NOS
Malignant neoplasms,363484005,725291000006113.0,Malignant neoplasm of inguinal region NOS
Malignant neoplasms,255056009,725441000006115.0,Malignant neoplasm of jaw NOS
Malignant neoplasms,578371000000102,1284231000000118.0,Malignant neoplasm of kidney or urinary organs NOS
Malignant neoplasms,188274004,2579145017.0,Malignant neoplasm of lacrimal duct
Malignant neoplasms,550091000000101,1225361000000110.0,Malignant neoplasm of larynx NOS
Malignant neoplasms,620441000000107,1370101000000112.0,Malignant neoplasm of liver and intrahepatic bile ducts NOS
Malignant neoplasms,541861000000107,1208571000000112.0,Malignant neoplasm of other and unspecified site NOS
Malignant neoplasms,533411000000108,1190911000000114.0,Malignant neoplasm of ovary and other uterine adnexa
Malignant neoplasms,579211000000109,1285971000000114.0,"Malignant neoplasm of penis, part unspecified"
Malignant neoplasms,255056009,722311000006118.0,Malignant neoplasm of supraclavicular fossa NOS
Malignant neoplasms,363346000,721441000006117.0,Malignant neoplasm of trunk NOS
Malignant neoplasms,640541000000109,1410561000000117.0,Malignant neoplasm of unspecified site
Malignant neoplasms,573671000000104,1274441000000115.0,Malignant neoplasm of uterine adnexa NOS
Malignant neoplasms,640551000000107,1410571000000112.0,Other malignant neoplasm NOS
Malignant neoplasms,85583005,141870011.0,Phaeochromocytoma
Malignant neoplasms,128813000,1220819010.0,True histiocytic lymphoma
Malignant neoplasms,30440004,50949017.0,Lymphoma stage I
Malignant neoplasms,76422004,126918018.0,Lymphoma stage II
Malignant neoplasms,56944001,94699019.0,Lymphoma stage III
Malignant neoplasms,66445009,110346017.0,Lymphoma stage IV
Malignant neoplasms,363509000,482805015.0,Malignant neoplasm of small intestine and duodenum
Malignant neoplasms,363403002,482606016.0,Malignant neoplasm of duodenum
Malignant neoplasms,363404008,482607013.0,Malignant neoplasm of jejunum
Malignant neoplasms,363405009,482610018.0,Malignant neoplasm of ileum
Malignant neoplasms,187752007,288659012.0,Malignant neoplasm of Meckel's diverticulum
Malignant neoplasms,363509000,482804016.0,Malignant neoplasm of other specified site small intestine
Malignant neoplasms,363509000,482804016.0,Malignant neoplasm of small intestine NOS
Malignant neoplasms,187767006,288688013.0,Malignant neoplasm of liver and intrahepatic bile ducts
Malignant neoplasms,187767006,288688013.0,Malignant neoplasm of liver and intrahepatic bile ducts NOS
Malignant neoplasms,363415003,482629012.0,Malignant neoplasm gallbladder and extrahepatic bile ducts
Malignant neoplasms,363353009,482506012.0,Malignant neoplasm of gallbladder
Malignant neoplasms,372140005,1210716013.0,Carcinoma gallbladder
Malignant neoplasms,363415003,482629012.0,Malignant neoplasm other gallbladder/extrahepatic bile duct
Malignant neoplasms,363415003,482629012.0,Malignant neoplasm gallbladder/extrahepatic bile ducts NOS
Malignant neoplasms,187801002,288739019.0,Malignant neoplasm of retroperitoneum and peritoneum
Malignant neoplasms,363420003,1228549016.0,Malignant neoplasm of retroperitoneum
Malignant neoplasms,187803004,288741018.0,Malignant neoplasm of perinephric tissue
Malignant neoplasms,187804005,288742013.0,Malignant neoplasm of retrocaecal tissue
Malignant neoplasms,363420003,482639018.0,Malignant neoplasm of retroperitoneum NOS
Malignant neoplasms,187808008,288747019.0,Malignant neoplasm of specified parts of peritoneum
Malignant neoplasms,187810005,288749016.0,Malignant neoplasm of mesocaecum
Malignant neoplasms,187811009,288751017.0,Malignant neoplasm of mesorectum
Malignant neoplasms,363421004,482641017.0,Malignant neoplasm of omentum
Malignant neoplasms,93947009,155446017.0,Malignant neoplasm of parietal peritoneum
Malignant neoplasms,449377002,2901085015.0,Malignant neoplasm of pelvic peritoneum
Malignant neoplasms,187814001,288754013.0,Malignant neoplasm of the pouch of Douglas
Malignant neoplasms,363370001,482537012.0,Malignant neoplasm of mesentery
Malignant neoplasms,187808008,288747019.0,Malignant neoplasm of specified parts of peritoneum NOS
Malignant neoplasms,187801002,288737017.0,Malignant neoplasm of retroperitoneum and peritoneum NOS
Malignant neoplasms,255077007,380111011.0,Malig neop oth/ill-defined sites digestive tract/peritoneum
Malignant neoplasms,363508008,482802017.0,"Malignant neoplasm of intestinal tract, part unspecified"
Malignant neoplasms,363499005,482785010.0,Malignant neoplasm of spleen NEC
Malignant neoplasms,187821001,288761012.0,Angiosarcoma of spleen
Malignant neoplasms,187822008,288762017.0,Fibrosarcoma of spleen
Malignant neoplasms,363499005,482785010.0,Malignant neoplasm of spleen NOS
Malignant neoplasms,255077007,380111011.0,Malignant neoplasm other spec digestive tract and peritoneum
Malignant neoplasms,255077007,380111011.0,Malignant neoplasm of digestive tract and peritoneum NOS
Malignant neoplasms,187828007,288770010.0,"Malig neop nasal cavities, middle ear and accessory sinuses"
Malignant neoplasms,363422006,1228552012.0,Malignant neoplasm of nasal cavities
Malignant neoplasms,187829004,288771014.0,Malignant neoplasm of cartilage of nose
Malignant neoplasms,187830009,288772019.0,Malignant neoplasm of nasal conchae
Malignant neoplasms,363423001,482644013.0,Malignant neoplasm of septum of nose
Malignant neoplasms,187831008,288775017.0,Malignant neoplasm of vestibule of nose
Malignant neoplasms,363422006,482642012.0,Malignant neoplasm of nasal cavities NOS
Malignant neoplasms,187833006,288777013.0,"Malig neop auditory tube, middle ear and mastoid air cells"
Malignant neoplasms,187834000,288779011.0,Malignant neoplasm of auditory (Eustachian) tube
Malignant neoplasms,187835004,288784017.0,Malignant neoplasm of tympanic cavity
Malignant neoplasms,187836003,288787012.0,Malignant neoplasm of tympanic antrum
Malignant neoplasms,363424007,482646010.0,Malignant neoplasm of mastoid air cells
Malignant neoplasms,187833006,288777013.0,"Malig neop auditory tube, middle ear, mastoid air cells NOS"
Malignant neoplasms,363425008,482648011.0,Malignant neoplasm of maxillary sinus
Malignant neoplasms,363426009,1228553019.0,Malignant neoplasm of ethmoid sinus
Malignant neoplasms,363427000,482652011.0,Malignant neoplasm of frontal sinus
Malignant neoplasms,363428005,482654012.0,Malignant neoplasm of sphenoidal sinus
Malignant neoplasms,187828007,288770010.0,"Malig neop other site nasal cavity, middle ear and sinuses"
Malignant neoplasms,363506007,482798018.0,Malignant neoplasm of accessory sinus NOS
Malignant neoplasms,363429002,482656014.0,Malignant neoplasm of larynx
Malignant neoplasms,187841006,288794010.0,Malignant neoplasm of glottis
Malignant neoplasms,187842004,288797015.0,Malignant neoplasm of supraglottis
Malignant neoplasms,363430007,482658010.0,Malignant neoplasm of subglottis
Malignant neoplasms,363431006,482660012.0,Malignant neoplasm of laryngeal cartilage
Malignant neoplasms,187843009,288799017.0,Malignant neoplasm of arytenoid cartilage
Malignant neoplasms,187844003,288800018.0,Malignant neoplasm of cricoid cartilage
Malignant neoplasms,187845002,288801019.0,Malignant neoplasm of cuneiform cartilage
Malignant neoplasms,187846001,288802014.0,Malignant neoplasm of thyroid cartilage
Malignant neoplasms,363431006,482660012.0,Malignant neoplasm of laryngeal cartilage NOS
Malignant neoplasms,187842004,288796012.0,Malignant neoplasm of epiglottis NOS
Malignant neoplasms,363429002,482656014.0,"Malignant neoplasm of larynx, other specified site"
Malignant neoplasms,363429002,482656014.0,Malignant neoplasm of larynx NOS
Malignant neoplasms,363433009,482664015.0,Malignant neoplasm of pleura
Malignant neoplasms,449067008,2901158012.0,Malignant neoplasm of parietal pleura
Malignant neoplasms,449308006,2901116014.0,Malignant neoplasm of visceral pleura
Malignant neoplasms,363433009,482664015.0,Malignant neoplasm of other specified pleura
Malignant neoplasms,363433009,482664015.0,Malignant neoplasm of pleura NOS
Malignant neoplasms,187881004,288841011.0,"Malignant neoplasm of thymus, heart and mediastinum"
Malignant neoplasms,363434003,482666018.0,Malignant neoplasm of thymus
Malignant neoplasms,363435002,482668017.0,Malignant neoplasm of heart
Malignant neoplasms,363436001,482670014.0,Malignant neoplasm of endocardium
Malignant neoplasms,363437005,482672018.0,Malignant neoplasm of myocardium
Malignant neoplasms,93957005,155459013.0,Malignant neoplasm of pericardium
Malignant neoplasms,363435002,482668017.0,Malignant neoplasm of heart NOS
Malignant neoplasms,449224009,2901920014.0,Malignant neoplasm of anterior mediastinum
Malignant neoplasms,448670003,2901476012.0,Malignant neoplasm of posterior mediastinum
Malignant neoplasms,363494000,482776010.0,"Malignant neoplasm of mediastinum, part unspecified"
Malignant neoplasms,187881004,288841011.0,"Malig neop of other site of heart, thymus and mediastinum"
Malignant neoplasms,187881004,288841011.0,"Malignant neoplasm of heart, thymus and mediastinum NOS"
Malignant neoplasms,428100006,2691955010.0,Malig neop other/ill-defined sites resp/intrathoracic organs
Malignant neoplasms,187833006,288777013.0,"Malig neop of upper respiratory tract, part unspecified"
Malignant neoplasms,93986008,155490010.0,Malignant neoplasm of other site of respiratory tract
Malignant neoplasms,449096009,2899758015.0,Malignant neoplasm of respiratory tract NOS
Malignant neoplasms,302816009,444723017.0,"Malig neop of connective and soft tissue head, face and neck"
Malignant neoplasms,363439008,1228565015.0,Malignant neoplasm of soft tissue of head
Malignant neoplasms,363440005,1228566019.0,Malignant neoplasm of soft tissue of face
Malignant neoplasms,363441009,1228567011.0,Malignant neoplasm of soft tissue of neck
Malignant neoplasms,187987001,288962013.0,Malignant neoplasm of cartilage of ear
Malignant neoplasms,187988006,288963015.0,Malignant neoplasm of tarsus of eyelid
Malignant neoplasms,187989003,288964014.0,Malignant neoplasm soft tissues of cervical spine
Malignant neoplasms,302816009,444723017.0,"Malig neop connective and soft tissue head, face, neck NOS"
Malignant neoplasms,187991006,288966011.0,Malig neop connective and soft tissue upper limb/shoulder
Malignant neoplasms,187992004,288967019.0,Malignant neoplasm of connective and soft tissue of shoulder
Malignant neoplasms,187993009,288968012.0,"Malignant neoplasm of connective and soft tissue, upper arm"
Malignant neoplasms,187994003,288969016.0,Malignant neoplasm of connective and soft tissue of fore-arm
Malignant neoplasms,187995002,288970015.0,Malignant neoplasm of connective and soft tissue of hand
Malignant neoplasms,187996001,288971016.0,Malignant neoplasm of connective and soft tissue of finger
Malignant neoplasms,187997005,288972011.0,Malignant neoplasm of connective and soft tissue of thumb
Malignant neoplasms,187991006,288966011.0,Malig neop connective soft tissue upper limb/shoulder NOS
Malignant neoplasms,187999008,288974012.0,Malig neop of connective and soft tissue of hip and leg
Malignant neoplasms,188000002,288975013.0,Malignant neoplasm of connective and soft tissue of hip
Malignant neoplasms,188001003,288976014.0,Malig neop of connective and soft tissue thigh and upper leg
Malignant neoplasms,188002005,288977017.0,Malig neop connective and soft tissue of popliteal space
Malignant neoplasms,188003000,288978010.0,Malig neop of connective and soft tissue of lower leg
Malignant neoplasms,188004006,288979019.0,Malignant neoplasm of connective and soft tissue of foot
Malignant neoplasms,188005007,288980016.0,Malignant neoplasm of connective and soft tissue of toe
Malignant neoplasms,187999008,288974012.0,Malig neop connective and soft tissue hip and leg NOS
Malignant neoplasms,188009001,288985014.0,Malignant neoplasm of connective and soft tissue of thorax
Malignant neoplasms,188010006,288986010.0,Malignant neoplasm of connective and soft tissue of axilla
Malignant neoplasms,93772000,155209019.0,Malignant neoplasm of diaphragm
Malignant neoplasms,93817006,155272012.0,Malignant neoplasm of great vessels
Malignant neoplasms,188013008,288989015.0,Malig neoplasm of connective and soft tissues of thor spine
Malignant neoplasms,363365008,482529016.0,Malig neop of connective and soft tissue of thorax NOS
Malignant neoplasms,188015001,288991011.0,Malignant neoplasm of connective and soft tissue of abdomen
Malignant neoplasms,188016000,288992016.0,Malig neop of connective and soft tissue of abdominal wall
Malignant neoplasms,188017009,288993014.0,Malig neoplasm of connective and soft tissues of lumb spine
Malignant neoplasms,188015001,288991011.0,Malig neop of connective and soft tissue of abdomen NOS
Malignant neoplasms,188019007,288995019.0,Malignant neoplasm of connective and soft tissue of pelvis
Malignant neoplasms,188020001,288999013.0,Malignant neoplasm of connective and soft tissue of buttock
Malignant neoplasms,188021002,289000010.0,Malig neop of connective and soft tissue of inguinal region
Malignant neoplasms,188022009,289001014.0,Malignant neoplasm of connective and soft tissue of perineum
Malignant neoplasms,188023004,289002019.0,Malig neopl of connective and soft tissue - sacrum or coccyx
Malignant neoplasms,363366009,482531013.0,Malig neop of connective and soft tissue of pelvis NOS
Malignant neoplasms,1090891000000103,2732661000000115.0,Malig neop of connective and soft tissue trunk unspecified
Malignant neoplasms,269469005,403699012.0,Malig neop connective and soft tissue other specified site
Malignant neoplasms,269469005,403699012.0,"Malignant neoplasm of connective and soft tissue, site NOS"
Malignant neoplasms,188029000,289008015.0,Kaposi's sarcoma of soft tissue
Malignant neoplasms,721567004,3325477011.0,Malignant neoplasm of placenta
Malignant neoplasms,428322007,2694321016.0,Malignant neoplasm of ovary and other uterine adnexa
Malignant neoplasms,363444001,482686019.0,Malignant neoplasm of fallopian tube
Malignant neoplasms,93728003,155155010.0,Malignant neoplasm of broad ligament
Malignant neoplasms,448674007,2901968015.0,Malignant neoplasm of parametrium
Malignant neoplasms,428322007,2694321016.0,Malignant neoplasm of other site of uterine adnexa
Malignant neoplasms,428322007,2694321016.0,Malignant neoplasm of uterine adnexa NOS
Malignant neoplasms,363514001,482815014.0,Malig neop of other and unspecified female genital organs
Malignant neoplasms,363445000,482688018.0,Malignant neoplasm of vagina
Malignant neoplasms,188209005,289207017.0,Malignant neoplasm of vaginal vault
Malignant neoplasms,363445000,482688018.0,Malignant neoplasm of vagina NOS
Malignant neoplasms,363446004,482690017.0,Malignant neoplasm of labia majora
Malignant neoplasms,188211001,289209019.0,Malignant neoplasm of greater vestibular (Bartholin's) gland
Malignant neoplasms,363446004,482690017.0,Malignant neoplasm of labia majora NOS
Malignant neoplasms,363447008,482691018.0,Malignant neoplasm of labia minora
Malignant neoplasms,371979001,1210566016.0,Malignant neoplasm of clitoris
Malignant neoplasms,363367000,482534017.0,Malignant neoplasm of vulva unspecified
Malignant neoplasms,275419009,411399019.0,Primary vulval cancer
Malignant neoplasms,109878000,174564019.0,Malignant neoplasm/overlapping lesion/feml genital organs
Malignant neoplasms,363514001,482815014.0,Malignant neoplasm of other specified female genital organ
Malignant neoplasms,363514001,482815014.0,Malignant neoplasm of female genital organ NOS
Malignant neoplasms,363450006,1228575017.0,Malignant neoplasm of prepuce (foreskin)
Malignant neoplasms,363451005,482698012.0,Malignant neoplasm of glans penis
Malignant neoplasms,188230001,289246015.0,Malignant neoplasm of body of penis
Malignant neoplasms,363516004,482819015.0,"Malignant neoplasm of penis, part unspecified"
Malignant neoplasms,363452003,482700015.0,Malignant neoplasm of epididymis
Malignant neoplasms,363453008,482702011.0,Malignant neoplasm of spermatic cord
Malignant neoplasms,363454002,482704012.0,Malignant neoplasm of scrotum
Malignant neoplasms,363515000,482817018.0,Malignant neoplasm of other male genital organ
Malignant neoplasms,188234005,289252019.0,Malignant neoplasm of seminal vesicle
Malignant neoplasms,188235006,289257013.0,Malignant neoplasm of tunica vaginalis
Malignant neoplasms,109874003,1219539010.0,"Malignant neoplasm, overlapping lesion male genital orgs"
Malignant neoplasms,363515000,482817018.0,Malignant neoplasm of other male genital organ NOS
Malignant neoplasms,363515000,482817018.0,Malignant neoplasm of penis and other male genital organ NOS
Malignant neoplasms,419052002,2577717014.0,Malig neop of kidney and other unspecified urinary organs
Malignant neoplasms,363459007,482714015.0,Malignant neoplasm of urethra
Malignant neoplasms,363460002,1228591019.0,Malignant neoplasm of paraurethral glands
Malignant neoplasms,419052002,2577717014.0,Malignant neoplasm of other urinary organs
Malignant neoplasms,419052002,2577717014.0,Malignant neoplasm of kidney or urinary organs NOS
Malignant neoplasms,363346000,1208875016.0,Malignant neoplasm of other and unspecified sites
Malignant neoplasms,363346000,1228478017.0,Carcinoma of other and unspecified sites
Malignant neoplasms,363461003,1208876015.0,Malignant neoplasm of eye
Malignant neoplasms,188261005,289305011.0,"Malig neop eyeball excl conjunctiva, cornea, retina, choroid"
Malignant neoplasms,188263008,289308013.0,Malignant neoplasm of ciliary body
Malignant neoplasms,188264002,289311014.0,Malignant neoplasm of iris
Malignant neoplasms,188265001,289314018.0,Malignant neoplasm of crystalline lens
Malignant neoplasms,188261005,289305011.0,Malignant neoplasm of eyeball NOS
Malignant neoplasms,363462005,482720019.0,Malignant neoplasm of orbit
Malignant neoplasms,188268004,289317013.0,Malignant neoplasm of connective tissue of orbit
Malignant neoplasms,363462005,482720019.0,Malignant neoplasm of orbit NOS
Malignant neoplasms,363463000,482722010.0,Malignant neoplasm of conjunctiva
Malignant neoplasms,363464006,482724011.0,Malignant neoplasm of cornea
Malignant neoplasms,363465007,482726013.0,Malignant neoplasm of retina
Malignant neoplasms,363466008,482728014.0,Malignant neoplasm of choroid
Malignant neoplasms,188272000,289322013.0,Malignant neoplasm of lacrimal duct
Malignant neoplasms,188273005,289325010.0,Malignant neoplasm of lacrimal sac
Malignant neoplasms,188274004,289326011.0,Malignant neoplasm of nasolacrimal duct
Malignant neoplasms,363461003,1208876015.0,Malignant neoplasm of other specified site of eye
Malignant neoplasms,363461003,1208876015.0,Malignant neoplasm of eye NOS
Malignant neoplasms,372063002,1210641014.0,Malig neop of other and unspecified parts of nervous system
Malignant neoplasms,188321006,289384012.0,Malig neopl peripheral nerves and autonomic nervous system
Malignant neoplasms,188322004,289385013.0,"Malignant neoplasm of peripheral nerves of head, face & neck"
Malignant neoplasms,188323009,289386014.0,"Malignant neoplasm of peripheral nerve,upp limb,incl should"
Malignant neoplasms,188324003,289387017.0,"Malignant neoplasm of peripheral nerve of low limb, incl hip"
Malignant neoplasms,188325002,289388010.0,Malignant neoplasm of peripheral nerve of thorax
Malignant neoplasms,188326001,289389019.0,Malignant neoplasm of peripheral nerve of abdomen
Malignant neoplasms,188327005,289390011.0,Malignant neoplasm of peripheral nerve of pelvis
Malignant neoplasms,109919002,1219543014.0,"Malignant neoplasm,overlap lesion periph nerve & auton ns"
Malignant neoplasms,188321006,289384012.0,"Mal neoplasm/periph nerves+autonomic nervous system,unspc"
Malignant neoplasms,372063002,1210641014.0,Malignant neoplasm of other specified part of nervous system
Malignant neoplasms,372063002,1210641014.0,Malignant neoplasm of nervous system NOS
Malignant neoplasms,363355002,482509017.0,Malignant neoplasm of adrenal gland
Malignant neoplasms,302835009,444773019.0,Phaeochromocytoma
Malignant neoplasms,371964008,1210553016.0,Malignant neoplasm of adrenal cortex
Malignant neoplasms,371965009,1210554010.0,Malignant neoplasm of adrenal medulla
Malignant neoplasms,363355002,482510010.0,Malignant neoplasm of adrenal gland NOS
Malignant neoplasms,363481002,482748019.0,Malignant neoplasm of parathyroid gland
Malignant neoplasms,1090931000000108,2732741000000112.0,"Malignant neoplasm-pluriglandular involvement,unspecified"
Malignant neoplasms,371982006,1210569011.0,Malignant neoplasm of other specified endocrine gland
Malignant neoplasms,371982006,1210569011.0,Malig neop of endocrine gland or related structure NOS
Malignant neoplasms,188353002,289424013.0,"Malignant neoplasm of head, neck and face"
Malignant neoplasms,255056009,380072014.0,Malignant neoplasm of head NOS
Malignant neoplasms,447949005,2900962011.0,Malignant neoplasm of cheek NOS
Malignant neoplasms,1090251000000105,2731361000000116.0,Malignant neoplasm of nose NOS
Malignant neoplasms,1090921000000106,2732721000000117.0,Malignant neoplasm of jaw NOS
Malignant neoplasms,363489000,482765011.0,Malignant neoplasm of neck NOS
Malignant neoplasms,1090951000000101,2732781000000116.0,Malignant neoplasm of supraclavicular fossa NOS
Malignant neoplasms,188353002,289424013.0,"Malignant neoplasm of head, neck and face NOS"
Malignant neoplasms,188361007,289432017.0,Malignant neoplasm of thorax
Malignant neoplasms,363502009,482790013.0,Malignant neoplasm of axilla NOS
Malignant neoplasms,712750007,3285316016.0,Malignant neoplasm of chest wall NOS
Malignant neoplasms,428100006,2691955010.0,Malignant neoplasm of intrathoracic site NOS
Malignant neoplasms,188361007,289432017.0,Malignant neoplasm of thorax NOS
Malignant neoplasms,188366002,289441010.0,Malignant neoplasm of abdomen
Malignant neoplasms,363484005,482755017.0,Malignant neoplasm of pelvis
Malignant neoplasms,1090941000000104,2732761000000113.0,Malignant neoplasm of inguinal region NOS
Malignant neoplasms,93973004,155477015.0,Malignant neoplasm of presacral region
Malignant neoplasms,93995000,155501015.0,Malignant neoplasm of sacrococcygeal region
Malignant neoplasms,363484005,482755017.0,Malignant neoplasm of pelvis NOS
Malignant neoplasms,363503004,482792017.0,Malignant neoplasm of upper limb NOS
Malignant neoplasms,363504005,482794016.0,Malignant neoplasm of lower limb NOS
Malignant neoplasms,363346000,482491013.0,Malignant neoplasm of other specified sites
Malignant neoplasms,1090321000000107,2731501000000112.0,Malignant neoplasm of back NOS
Malignant neoplasms,1090311000000101,2731481000000115.0,Malignant neoplasm of trunk NOS
Malignant neoplasms,1090301000000103,2731461000000112.0,Malignant neoplasm of flank NOS
Malignant neoplasms,363346000,482491013.0,Malignant neoplasm of specified site NOS
Malignant neoplasms,302817000,444727016.0,Malignant neoplasm of other and ill defined site NOS
Malignant neoplasms,302817000,444727016.0,Malignant neoplasm of unspecified site
Malignant neoplasms,363346000,1228480011.0,Other malignant neoplasm NOS
Malignant neoplasms,109392002,173951015.0,Kaposi's sarcoma of multiple organs
Malignant neoplasms,310504009,454091013.0,Primary malignant neoplasm of unknown site
Malignant neoplasms,255052006,380059013.0,Malignant tumour of unknown origin
Malignant neoplasms,363346000,482491013.0,Malignant neoplasm of unspecified site NOS
Malignant neoplasms,109385007,202818010.0,"Kaposi's sarcoma, unspecified"
Malignant neoplasms,363346000,482491013.0,Malignant neoplasm of other and unspecified site OS
Malignant neoplasms,363346000,1208875016.0,Malignant neoplasm of other and unspecified site NOS
Malignant neoplasms,188640007,289751010.0,"Malignant histiocytosis of lymph nodes head, face and neck"
Malignant neoplasms,93182006,154183017.0,Malignant histiocytosis of intra-abdominal lymph nodes
Malignant neoplasms,118614007,177033017.0,Letterer-Siwe disease
Malignant neoplasms,118614007,177033017.0,Letterer-Siwe disease of unspecified sites
Malignant neoplasms,93135004,154082012.0,Letterer-Siwe disease of intrathoracic lymph nodes
Malignant neoplasms,93139005,154089015.0,Letterer-Siwe disease of lymph nodes of multiple sites
Malignant neoplasms,118614007,177033017.0,Letterer-Siwe disease NOS
Malignant neoplasms,188660004,289781019.0,Malignant mast cell tumours
Malignant neoplasms,397009000,1776745013.0,Mast cell malignancy of unspecified site
Malignant neoplasms,188666005,289788013.0,Mast cell malignancy of lymph nodes inguinal region and leg
Malignant neoplasms,188669003,289791013.0,Mast cell malignancy of lymph nodes of multiple sites
Malignant neoplasms,118615008,177034011.0,Malignant mast cell tumour NOS
Malignant neoplasms,188691005,289826016.0,Malignant immunoproliferative small intestinal disease
Malignant neoplasms,109988003,344806015.0,True histiocytic lymphoma
Malignant neoplasms,269475001,403706019.0,Lymphoid and histiocytic malignancy NOS
Malignant neoplasms,269475001,403705015.0,Malignant neoplasm lymphatic or haematopoietic tissue OS
Malignant neoplasms,269475001,403705015.0,Malignant neoplasm lymphatic or haematopoietic tissue NOS
Malignant neoplasms,109391009,173950019.0,Kaposi's sarcoma of lymph nodes
Malignant neoplasms,25190001,1224772013.0,"[M]Adenocarcinoma, intestinal type"
Malignant neoplasms,2227007,4846017.0,[M]Adrenal cortical carcinoma
Malignant neoplasms,39000009,491878017.0,[M]Haemangiosarcoma
Malignant neoplasms,33176006,1216413014.0,"[M]Haemangioendothelioma, malignant"
Malignant neoplasms,76060004,1788158015.0,[M]Aesthesioneuroblastoma
Malignant neoplasms,76060004,126335013.0,[M]Olfactory neuroblastoma
Malignant neoplasms,68614005,501064013.0,[M]Olfactory neuroepithelioma
Malignant neoplasms,128813000,1220820016.0,[M]True histiocytic lymphoma
Malignant neoplasms,363508008,482802017.0,"[X]Malignant neoplasm of intestinal tract, part unspecified"
Malignant neoplasms,428905002,2693067015.0,[X]Malignant neoplsm/ill-defin sites within digestive system
Malignant neoplasms,449096009,2899758015.0,[X]Malignant neoplasm/ill-defined sites within resp system
Malignant neoplasms,363494000,482776010.0,"[X]Malignant neoplasm of mediastinum, part unspecified"
Malignant neoplasms,372130007,1210707014.0,[X]Melanoma and other malignant neoplasms of skin
Malignant neoplasms,109385007,202818010.0,"[X]Kaposi's sarcoma, unspecified"
Malignant neoplasms,1090901000000102,2732681000000112.0,"[X]Malignant neoplasm/peripheral nerves of trunk,unspecified"
Malignant neoplasms,109919002,174612018.0,[X]Mal neoplasm/overlap les/periph nerv+autonomic nerv systm
Malignant neoplasms,363492001,482771017.0,"[X]Malignant neoplasm of peritoneum, unspecified"
Malignant neoplasms,269469005,403699012.0,"[X]Mal neoplasm/connective+soft tissue of trunk,unspecified"
Malignant neoplasms,269469005,403699012.0,"[X]Malignant neoplasm/connective + soft tissue,unspecified"
Malignant neoplasms,109385007,202818010.0,[X]Kaposi's sarcoma of other sites
Malignant neoplasms,428322007,2694321016.0,"[X]Malignant neoplasm of uterine adnexa, unspecified"
Malignant neoplasms,363514001,482815014.0,[X]Malignant neoplasm/other specified female genital organs
Malignant neoplasms,363514001,482815014.0,"[X]Malignant neoplasm of female genital organ, unspecified"
Malignant neoplasms,363515000,482817018.0,[X]Malignant neoplasm/other specified male genital organs
Malignant neoplasms,363515000,482817018.0,"[X]Malignant neoplasm of male genital organ, unspecified"
Malignant neoplasms,448233000,2899410013.0,"[X]Malignant neoplasm of urinary organ, unspecified"
Malignant neoplasms,371982006,1210569011.0,[X]Malignant neoplasm of thyroid and other endocrine glands
Malignant neoplasms,371982006,1210569011.0,"[X]Malignant neoplasm of endocrine gland, unspecified"
Malignant neoplasms,363346000,482491013.0,"[X]Malignant neoplasm of ill-defined, secondary and unspeci"
Malignant neoplasms,363346000,1208875016.0,[X]Malignant neoplasm of other specified sites
Malignant neoplasms,109358000,173910017.0,[X]Malignant neoplasm/overlap lesion/other+ill-defined sites
Malignant neoplasms,94442001,156461011.0,[X]2ndry malignant neoplasm/oth+unspec parts/nervous system
Malignant neoplasms,302817000,444727016.0,[X]Malignant neoplasm without specification of site
Malignant neoplasms,109980005,174676012.0,[X]Other malignant immunoproliferative diseases
Malignant neoplasms,269475001,403705015.0,"[X]Oth spcf mal neoplsm/lymphoid,haematopoietic+rltd tissue"
Malignant neoplasms,269475001,403706019.0,"[X]Mal neoplasm/lymphoid,haematopoietic+related tissu,unspcf"
Malignant neoplasms,39795003,67100012.0,Hand - Schuller - Christian disease
Malignant neoplasms,129000002,474703011.0,Eosinophilic granuloma
Malignant neoplasms,190955000,293616019.0,"Histiocytosis X , chronic"
Malignant neoplasms,65399007,108660017.0,"Histiocytosis X , unspecified"
Malignant neoplasms,363443007,482684016.0,Malignant neoplasm of ovary
Malignant neoplasms,363443007,1228570010.0,Cancer of ovary
Malignant neoplasms,30289006,50697019.0,[M]Endometrioid carcinoma
Malignant neoplasms,18105004,1221668019.0,"[M]Endometrioid adenofibroma, malignant"
Malignant neoplasms,18854008,1222203017.0,"[M]Struma ovarii, malignant"
Malignant neoplasms,307726001,451077018.0,Anaemia in ovarian carcinoma
Malignant neoplasms,399326009,880461000006118.0,Carcinoma bladder
Malignant neoplasms,399326009,1773307015.0,Malignant tumour of urinary bladder
Malignant neoplasms,314968009,1803771000006112.0,Local recurrence of malignant tumour of urinary bladder
Malignant neoplasms,399326009,1786811017.0,Malignant neoplasm of urinary bladder
Malignant neoplasms,188239000,289262014.0,Malignant neoplasm of trigone of urinary bladder
Malignant neoplasms,188240003,289267015.0,Malignant neoplasm of dome of urinary bladder
Malignant neoplasms,188241004,289270016.0,Malignant neoplasm of lateral wall of urinary bladder
Malignant neoplasms,188242006,289271017.0,Malignant neoplasm of anterior wall of urinary bladder
Malignant neoplasms,188243001,289272012.0,Malignant neoplasm of posterior wall of urinary bladder
Malignant neoplasms,188244007,289275014.0,Malignant neoplasm of bladder neck
Malignant neoplasms,188245008,289276010.0,Malignant neoplasm of ureteric orifice
Malignant neoplasms,363456000,482708010.0,Malignant neoplasm of urachus
Malignant neoplasms,314968009,459399016.0,Local recurrence of malignant tumour of urinary bladder
Malignant neoplasms,399326009,1773307015.0,Malignant neoplasm of other site of urinary bladder
Malignant neoplasms,399326009,1786811017.0,Malignant neoplasm of urinary bladder NOS
Malignant neoplasms,94989005,511747013.0,Neoplasm of uncertain behaviour of parotid gland
Malignant neoplasms,95001001,511765012.0,Neoplasm of uncertain behaviour of pharynx
Malignant neoplasms,94959003,157413012.0,Neoplasm of uncertain behavior of nasopharyngeal wall
Malignant neoplasms,254463006,378852011.0,Mixed parotid tumor
Malignant neoplasms,189371000,2475176014.0,Neoplasm of uncertain behavior of gum
Malignant neoplasms,189371000,290935016.0,Neoplasm of uncertain behavior of gums
Malignant neoplasms,271326004,406055012.0,"Neop of uncertain behaviour of lip, oral cavity and pharynx"
Malignant neoplasms,95001001,157467018.0,Neoplasm of uncertain behavior of pharynx
Malignant neoplasms,189371000,2474971013.0,Neoplasm of uncertain behaviour of gum
Malignant neoplasms,94851001,511570015.0,Neoplasm of uncertain behaviour of gastrointestinal tract
Malignant neoplasms,94989005,157452017.0,Neoplasm of uncertain behavior of parotid gland
Malignant neoplasms,118616009,4309941000006111.0,Neoplastic disease of uncertain behaviour
Malignant neoplasms,189365006,2474970014.0,Neoplasm of uncertain behaviour of submaxillary gland
Malignant neoplasms,94975000,157434017.0,Neoplasm of uncertain behavior of palate
Malignant neoplasms,94842009,157255018.0,Neoplasm of uncertain behavior of floor of mouth
Malignant neoplasms,94973007,157431013.0,Neoplasm of uncertain behavior of oropharynx
Malignant neoplasms,94959003,511707018.0,Neoplasm of uncertain behaviour of nasopharyngeal wall
Malignant neoplasms,95141008,157630016.0,Neoplasm of uncertain behavior of tongue
Malignant neoplasms,95116001,157600012.0,Neoplasm of uncertain behavior of sublingual gland
Malignant neoplasms,94936009,157382012.0,Neoplasm of uncertain behavior of minor salivary gland
Malignant neoplasms,94909007,157344016.0,Neoplasm of uncertain behavior of lip
Malignant neoplasms,271326004,3084113014.0,"Neoplasm of uncertain behavior of lip, oral cavity and/or pharynx"
Malignant neoplasms,271326004,406056013.0,"Neoplasm of uncertain behavior of lip, oral cavity and pharynx"
Malignant neoplasms,189365006,290917013.0,Neoplasm of uncertain behavior of submandibular gland
Malignant neoplasms,118616009,177035012.0,"Neop of uncertain behaviour of trachea, bronchus or lung NOS"
Malignant neoplasms,118616009,177035012.0,"Neop of uncertain behaviour stomach, intestine or rectum NOS"
Malignant neoplasms,95141008,511939016.0,Neoplasm of uncertain behaviour of tongue
Malignant neoplasms,189362009,290907015.0,Neoplasm of uncertain behaviour of major salivary glands
Malignant neoplasms,94793009,157189012.0,Neoplasm of uncertain behavior of cheek
Malignant neoplasms,94871005,157294017.0,Neoplasm of uncertain behavior of hypopharynx
Malignant neoplasms,189365006,290916016.0,Neoplasm of uncertain behaviour of submandibular gland
Malignant neoplasms,189371000,290934017.0,Neoplasm of uncertain behaviour of gums
Malignant neoplasms,254463006,378851016.0,Mixed parotid tumour
Malignant neoplasms,94842009,511557012.0,Neoplasm of uncertain behaviour of floor of mouth
Malignant neoplasms,94909007,511640017.0,Neoplasm of uncertain behaviour of lip
Malignant neoplasms,94936009,511680014.0,Neoplasm of uncertain behaviour of minor salivary gland
Malignant neoplasms,94973007,511727017.0,Neoplasm of uncertain behaviour of oropharynx
Malignant neoplasms,94975000,511729019.0,Neoplasm of uncertain behaviour of palate
Malignant neoplasms,189362009,2469009012.0,Neoplasm of uncertain behaviour of major salivary gland NOS
Malignant neoplasms,94793009,511491014.0,Neoplasm of uncertain behaviour of cheek
Malignant neoplasms,94959003,511708011.0,Neoplasm of uncertain behaviour of nasopharynx
Malignant neoplasms,255062004,380084011.0,Neoplasm of uncertain behaviour of oral cavity
Malignant neoplasms,94959003,157410010.0,Neoplasm of uncertain behavior of nasopharynx
Malignant neoplasms,189362009,2469433011.0,Neoplasm of uncertain behavior of major salivary gland
Malignant neoplasms,94871005,511594015.0,Neoplasm of uncertain behaviour of hypopharynx
Malignant neoplasms,95116001,511904016.0,Neoplasm of uncertain behaviour of sublingual gland
Malignant neoplasms,271326004,406055012.0,"Neop of uncertain behaviour lip, oral cavity and pharynx NOS"
Malignant neoplasms,255062004,380083017.0,Neoplasm of uncertain behavior of oral cavity
Malignant neoplasms,189365006,2475175013.0,Neoplasm of uncertain behavior of submaxillary gland
Malignant neoplasms,126824007,473860014.0,Gastric neoplasm
Malignant neoplasms,126824007,473861013.0,Tumor of stomach
Malignant neoplasms,399967006,1774765015.0,Neoplasm of uncertain behavior of stomach
Malignant neoplasms,399967006,1773479017.0,Neoplasm of uncertain behaviour of stomach
Malignant neoplasms,126824007,112013.0,Neoplasm of stomach
Malignant neoplasms,94872003,157296015.0,Neoplasm of uncertain behavior of ileum
Malignant neoplasms,94886004,157316017.0,Neoplasm of uncertain behavior of jejunum
Malignant neoplasms,94815008,157218018.0,Neoplasm of uncertain behavior of duodenum
Malignant neoplasms,94872003,511595019.0,Neoplasm of uncertain behaviour of ileum
Malignant neoplasms,94886004,511612010.0,Neoplasm of uncertain behaviour of jejunum
Malignant neoplasms,94815008,511520018.0,Neoplasm of uncertain behaviour of duodenum
Malignant neoplasms,94744004,1218791018.0,Neoplasm of uncertain or unknown behavior of appendix
Malignant neoplasms,94744004,511430013.0,Neoplasm of uncertain behaviour of appendix
Malignant neoplasms,94744004,157121013.0,Neoplasm of uncertain behavior of appendix
Malignant neoplasms,94744004,1217303013.0,Neoplasm of uncertain or unknown behaviour of appendix
Malignant neoplasms,94801006,157199019.0,Neoplasm of uncertain behavior of colon
Malignant neoplasms,94801006,511501015.0,Neoplasm of uncertain behaviour of colon
Malignant neoplasms,95024008,157492015.0,Neoplasm of uncertain behavior of rectum
Malignant neoplasms,95024008,511792018.0,Neoplasm of uncertain behaviour of rectum
Malignant neoplasms,126853008,141016.0,[M]Hepatobiliary adenoma or carcinoma NOS
Malignant neoplasms,189397006,290992015.0,Neoplasm of uncertain behavior of sphincter of Oddi
Malignant neoplasms,94880005,511606017.0,Neoplasm of uncertain behaviour of intrahepatic bile ducts
Malignant neoplasms,94850000,511569016.0,Neoplasm of uncertain behaviour of gall bladder
Malignant neoplasms,94880005,511606017.0,Neoplasm of uncertain behaviour of intra-hepatic bile ducts
Malignant neoplasms,94880005,157308014.0,Neoplasm of uncertain behavior of intrahepatic bile ducts
Malignant neoplasms,255064003,380087016.0,Neoplasm of uncertain behavior of biliary system
Malignant neoplasms,94850000,157267016.0,Neoplasm of uncertain behavior of gallbladder
Malignant neoplasms,126853008,4389291000006113.5,Neoplasm of biliary tract
Malignant neoplasms,94850000,511569016.0,Neoplasm of uncertain behaviour of gallbladder
Malignant neoplasms,126853008,473896013.0,Tumour of biliary tract
Malignant neoplasms,94810003,157211012.0,Neoplasm of uncertain behavior of cystic duct
Malignant neoplasms,271482000,1476437013.0,Neop of uncertain behaviour of liver or biliary passages NOS
Malignant neoplasms,94803009,157202012.0,Neoplasm of uncertain behavior of common bile duct
Malignant neoplasms,126853008,473895012.0,Tumor of biliary tract
Malignant neoplasms,189392000,290981016.0,Neoplasm of uncertain behaviour of hepatic duct
Malignant neoplasms,189397006,290993013.0,Neoplasm of uncertain behaviour of sphincter of Oddi
Malignant neoplasms,94803009,511503017.0,Neoplasm of uncertain behaviour of common bile duct
Malignant neoplasms,94810003,511513013.0,Neoplasm of uncertain behaviour of cystic duct
Malignant neoplasms,94910002,511643015.0,Neoplasm of uncertain behaviour of liver
Malignant neoplasms,94733007,511416015.0,Neoplasm of uncertain behaviour of ampulla of Vater
Malignant neoplasms,271482000,406280016.0,Neoplasm of uncertain behaviour of liver and biliary passage
Malignant neoplasms,271482000,1477400011.0,Neoplasm of uncertain behavior of liver and/or biliary passages
Malignant neoplasms,94910002,157346019.0,Neoplasm of uncertain behavior of liver
Malignant neoplasms,94733007,157108018.0,Neoplasm of uncertain behavior of ampulla of Vater
Malignant neoplasms,255064003,380088014.0,Neoplasm of uncertain behaviour of biliary system
Malignant neoplasms,189392000,290982011.0,Neoplasm of uncertain behavior of hepatic duct
Malignant neoplasms,448908007,2901664016.0,[X]Neoplasm/uncertain+unknown behaviour/oth digestive organs
Malignant neoplasms,189406008,291011015.0,Neoplasm of uncertain behavior of anal canal and sphincter
Malignant neoplasms,448908007,7361781000006110.0,Neoplasm of uncertain behaviour of digestive organ
Malignant neoplasms,94825003,157230012.0,Neoplasm of uncertain behavior of esophagus
Malignant neoplasms,94978003,157439010.0,Neoplasm of uncertain behavior of pancreas
Malignant neoplasms,126859007,473905018.0,Tumour of pancreas
Malignant neoplasms,126859007,147017.0,Neoplasm of pancreas
Malignant neoplasms,237596009,356069017.0,Pancreatic endocrine tumour
Malignant neoplasms,237596009,356068013.0,Tumor of endocrine pancreas
Malignant neoplasms,94978003,511733014.0,Neoplasm of uncertain behaviour of pancreas
Malignant neoplasms,95111006,511899015.0,Neoplasm of uncertain behaviour of spleen
Malignant neoplasms,126859007,473904019.0,Tumor of pancreas
Malignant neoplasms,237596009,356070016.0,Pancreatic endocrine tumor
Malignant neoplasms,95111006,157594016.0,Neoplasm of uncertain behavior of spleen
Malignant neoplasms,448908007,2901663010.0,Neoplasm of uncertain behavior of digestive organ
Malignant neoplasms,94825003,511535017.0,Neoplasm of uncertain behaviour of oesophagus
Malignant neoplasms,189406008,291010019.0,Neoplasm of uncertain behaviour of anal canal and sphincter
Malignant neoplasms,126859007,147017.0,[M]Pancreatic adenoma or carcinoma NOS
Malignant neoplasms,420120006,2579797016.0,GIST - Gastrointestinal stromal tumor
Malignant neoplasms,420120006,2576874013.0,Gastrointestinal stromal tumor
Malignant neoplasms,420120006,2576875014.0,Gastrointestinal stromal tumour
Malignant neoplasms,420120006,2841097017.0,GIST - Gastrointestinal stromal tumour
Malignant neoplasms,189412003,291021011.0,Neoplasm of uncertain behavior of cricoid cartilage
Malignant neoplasms,189416000,291029013.0,Neoplasm of uncertain behavior of cuneiform cartilage
Malignant neoplasms,95181001,1217309012.0,Tumour of vocal cord
Malignant neoplasms,94835009,1217304019.0,Tumour of false cord
Malignant neoplasms,443042003,2837670017.0,Neoplasm of uncertain behaviour of skeletal system
Malignant neoplasms,189415001,291028017.0,Neoplasm of uncertain behavior of corniculate cartilage
Malignant neoplasms,94824004,157228010.0,Neoplasm of uncertain behavior of epiglottis
Malignant neoplasms,189410006,291019018.0,Neoplasm of uncertain behavior of thyroid cartilage
Malignant neoplasms,94835009,511547011.0,Neoplasm of uncertain behaviour of ventricular bands of larynx
Malignant neoplasms,94835009,157245017.0,Neoplasm of uncertain behavior of ventricular bands of larynx
Malignant neoplasms,95181001,1218797019.0,Tumor of vocal cord
Malignant neoplasms,94899001,157331014.0,Neoplasm of uncertain behavior of larynx
Malignant neoplasms,94835009,1218792013.0,Tumor of false cord
Malignant neoplasms,189414002,291025019.0,Neoplasm of uncertain behavior of arytenoid cartilage
Malignant neoplasms,443042003,2837669018.0,Neop uncertain behaviour of bone or articular cartilage NOS
Malignant neoplasms,94835009,1490304011.0,Neoplasm of uncertain behaviour of vestibular fold
Malignant neoplasms,94835009,157244018.0,Neoplasm of uncertain behavior of false vocal cord
Malignant neoplasms,189412003,291022016.0,Neoplasm of uncertain behaviour of cricoid cartilage
Malignant neoplasms,189414002,291026018.0,Neoplasm of uncertain behaviour of arytenoid cartilage
Malignant neoplasms,189415001,291027010.0,Neoplasm of uncertain behaviour of corniculate cartilage
Malignant neoplasms,189416000,291030015.0,Neoplasm of uncertain behaviour of cuneiform cartilage
Malignant neoplasms,189417009,291031016.0,Neoplasm of uncertain behaviour of aryepiglottic fold
Malignant neoplasms,94899001,511627010.0,Neoplasm of uncertain behaviour of larynx
Malignant neoplasms,94899001,511627010.0,Neoplasm of uncertain behaviour of larynx NOS
Malignant neoplasms,95181001,511989012.0,Neoplasm of uncertain behaviour of vocal cord
Malignant neoplasms,189417009,291032011.0,Neoplasm of uncertain behavior of aryepiglottic fold
Malignant neoplasms,94835009,1490535018.0,Neoplasm of uncertain behavior of vestibular fold
Malignant neoplasms,94824004,511534018.0,Neoplasm of uncertain behaviour of epiglottis
Malignant neoplasms,189410006,291018014.0,Neoplasm of uncertain behaviour of thyroid cartilage
Malignant neoplasms,94835009,511548018.0,Neoplasm of uncertain behaviour of false vocal cord
Malignant neoplasms,95181001,157680010.0,Neoplasm of uncertain behavior of vocal cord
Malignant neoplasms,94774007,157165017.0,Neoplasm of uncertain behavior of bronchus
Malignant neoplasms,94920007,511663010.0,Neoplasm of uncertain behaviour of lung
Malignant neoplasms,94774007,511467017.0,Neoplasm of uncertain behaviour of bronchus
Malignant neoplasms,95144000,511942010.0,Neoplasm of uncertain behaviour of trachea
Malignant neoplasms,95144000,157634013.0,Neoplasm of uncertain behavior of trachea
Malignant neoplasms,94920007,157360017.0,Neoplasm of uncertain behavior of lung
Malignant neoplasms,95006006,511770017.0,Neoplasm of uncertain behaviour of pleura
Malignant neoplasms,95006006,157473017.0,Neoplasm of uncertain behavior of pleura
Malignant neoplasms,94931004,157376014.0,"Neop of uncertain behaviour pleura, thymus and mediastinum"
Malignant neoplasms,94931004,157376014.0,Neoplasm of uncertain behavior of mediastinum
Malignant neoplasms,94931004,511675017.0,Neoplasm of uncertain behaviour of mediastinum
Malignant neoplasms,95136000,157625015.0,Neoplasm of uncertain behavior of thymus
Malignant neoplasms,95136000,511929010.0,Neoplasm of uncertain behaviour of thymus
Malignant neoplasms,94848008,157265012.0,Neoplasm of uncertain behavior of frontal sinus
Malignant neoplasms,95107000,157587019.0,Neoplasm of uncertain behavior of sphenoidal sinus
Malignant neoplasms,189432002,291061012.0,Neoplasm of uncertain behavior of tympanic cavity
Malignant neoplasms,94828001,157234015.0,Neoplasm of uncertain behavior of eustachian tube
Malignant neoplasms,189435000,291068018.0,Neoplasm of uncertain behavior of mastoid air cells
Malignant neoplasms,189433007,291064016.0,Neoplasm of uncertain behavior of tympanic antrum
Malignant neoplasms,94957001,157407015.0,Neoplasm of uncertain behavior of nasal cavity
Malignant neoplasms,94827006,157233014.0,Neoplasm of uncertain behavior of ethmoidal sinus
Malignant neoplasms,95107000,511892012.0,Neoplasm of uncertain behaviour of sphenoidal sinus
Malignant neoplasms,189433007,291063010.0,Neoplasm of uncertain behaviour of tympanic antrum
Malignant neoplasms,94929008,157374012.0,Neoplasm of uncertain behavior of maxillary sinus
Malignant neoplasms,189435000,291067011.0,Neoplasm of uncertain behaviour of mastoid air cells
Malignant neoplasms,94827006,511537013.0,Neoplasm of uncertain behaviour of ethmoidal sinus
Malignant neoplasms,94828001,511538015.0,Neoplasm of uncertain behaviour of eustachian tube
Malignant neoplasms,94848008,511564014.0,Neoplasm of uncertain behaviour of frontal sinus
Malignant neoplasms,94929008,511672019.0,Neoplasm of uncertain behaviour of maxillary sinus
Malignant neoplasms,94957001,511705014.0,Neoplasm of uncertain behaviour of nasal cavity
Malignant neoplasms,189432002,291062017.0,Neoplasm of uncertain behaviour of tympanic cavity
Malignant neoplasms,95026005,4049321000006111.0,Neoplasm of uncertain behaviour of respiratory tract
Malignant neoplasms,95026005,157494019.0,Neoplasm of uncertain behavior of respiratory tract
Malignant neoplasms,95026005,157494019.0,"Neoplasm of uncertain behaviour trachea, bronchus and lung"
Malignant neoplasms,95026005,511794017.0,[X]Neoplasm/uncertain+unknown behavior/oth respirtory organs
Malignant neoplasms,95167003,511971011.0,Neoplasm of uncertain behaviour of uterus
Malignant neoplasms,95167003,157664017.0,Neoplasm of uncertain behavior of uterus
Malignant neoplasms,94974001,157433011.0,Neoplasm of uncertain behavior of ovary
Malignant neoplasms,94974001,511728010.0,Neoplasm of uncertain behaviour of ovary
Malignant neoplasms,95005005,157472010.0,Uncertain neoplasm of placenta NOS
Malignant neoplasms,416669000,2553898011.0,Invasive mole
Malignant neoplasms,416669000,2553897018.0,IM - Invasive mole
Malignant neoplasms,95005005,157472010.0,Neoplasm of uncertain behavior of placenta
Malignant neoplasms,95005005,511769018.0,Neoplasm of uncertain behaviour of placenta
Malignant neoplasms,416669000,2553896010.0,Chorioadenoma destruens
Malignant neoplasms,416669000,2553895014.0,Chorioadenoma
Malignant neoplasms,416669000,2553899015.0,Invasive mole - placenta
Malignant neoplasms,126488004,82493010.0,[M]Skin appendage adenoma or carcinoma NOS
Malignant neoplasms,94837001,511550014.0,[X]Neoplasm/uncertain+unknown behavior/oth fem genital organ
Malignant neoplasms,126488004,473696010.0,Tumor of skin
Malignant neoplasms,126488004,473695014.0,Skin tumor
Malignant neoplasms,126488004,473692012.0,Tumour of skin
Malignant neoplasms,126488004,473693019.0,Skin tumour
Malignant neoplasms,126488004,473691017.0,Cutaneous tumour
Malignant neoplasms,94837001,4045451000006112.0,Neoplasm of uncertain behaviour of female genital organ
Malignant neoplasms,94837001,157248015.0,Neoplasm of uncertain behavior of female genital organ
Malignant neoplasms,126488004,473694013.0,Cutaneous tumor
Malignant neoplasms,126488004,82493010.0,Neoplasm of unspecified nature of skin
Malignant neoplasms,95183003,511991016.0,Neoplasm of uncertain behaviour of vulva
Malignant neoplasms,94837001,511550014.0,"[X]Neoplasm of uncert/unkn behav female genit organs, unspec"
Malignant neoplasms,95183003,157682019.0,Neoplasm of uncertain behavior of vulva
Malignant neoplasms,95170004,157668019.0,Neoplasm of uncertain behavior of vagina
Malignant neoplasms,95170004,511976018.0,Neoplasm of uncertain behaviour of vagina
Malignant neoplasms,95014000,511780018.0,Neoplasm of uncertain behaviour of prostate
Malignant neoplasms,95014000,157482011.0,Neoplasm of uncertain behavior of prostate
Malignant neoplasms,95127004,157613018.0,Neoplasm of uncertain behavior of testis
Malignant neoplasms,95127004,511918011.0,Neoplasm of uncertain behaviour of testis
Malignant neoplasms,94925002,511668018.0,[X]Neoplsm/uncertain+unknown behavior/oth male genital organ
Malignant neoplasms,94994005,157459014.0,Neoplasm of uncertain behavior of penis
Malignant neoplasms,94823005,157227017.0,Neoplasm of uncertain behavior of epididymis
Malignant neoplasms,95039009,157509019.0,Neoplasm of uncertain behavior of scrotum
Malignant neoplasms,95039009,511809010.0,Neoplasm of uncertain behaviour of scrotum
Malignant neoplasms,94823005,511533012.0,Neoplasm of uncertain behaviour of epididymis
Malignant neoplasms,94994005,511754019.0,Neoplasm of uncertain behaviour of penis
Malignant neoplasms,94925002,157369016.0,Neoplasm of uncertain behavior of male genital organ
Malignant neoplasms,94925002,4047191000006119.0,Neoplasm of uncertain behaviour of male genital organ
Malignant neoplasms,126880001,168016.0,[M]Mixed or stromal renal neoplasm NOS
Malignant neoplasms,94889006,1218793015.0,Renal neoplasm of uncertain behavior
Malignant neoplasms,126880001,1215973016.0,Renal tumour
Malignant neoplasms,126880001,1215974010.0,Tumour of kidney
Malignant neoplasms,126880001,168016.0,Neoplasm of kidney
Malignant neoplasms,94889006,157319012.0,Neoplasm of uncertain behavior of kidney
Malignant neoplasms,95165006,511969011.0,[X]Neoplasm/uncertain+unknown behavior/other urinary organs
Malignant neoplasms,95165006,4052141000006111.0,Neoplasm of uncertain behaviour of urinary system
Malignant neoplasms,126880001,1217477014.0,Renal tumor
Malignant neoplasms,94889006,511615012.0,Neoplasm of uncertain behaviour of kidney
Malignant neoplasms,94889006,1217305018.0,Renal neoplasm of uncertain behaviour
Malignant neoplasms,126880001,168016.0,[M]Renal adenoma or carcinoma NOS
Malignant neoplasms,95165006,157660014.0,Neoplasm of uncertain behavior of urinary system
Malignant neoplasms,126880001,1217476017.0,Tumor of kidney
Malignant neoplasms,95025009,1218795010.0,Neoplasm of uncertain or unknown behavior of renal pelvis
Malignant neoplasms,95025009,511793011.0,Neoplasm of uncertain behaviour of renal pelvis
Malignant neoplasms,95025009,157493013.0,Neoplasm of uncertain behavior of renal pelvis
Malignant neoplasms,95025009,1217307014.0,Neoplasm of uncertain or unknown behaviour of renal pelvis
Malignant neoplasms,95161002,511965017.0,Uncertain neoplasm ureter
Malignant neoplasms,95161002,4052061000006111.0,Neoplasm of uncertain behaviour of ureter
Malignant neoplasms,95161002,157656011.0,Neoplasm of uncertain behavior of ureter
Malignant neoplasms,95163004,511967013.0,Uncertain neoplasm urethra
Malignant neoplasms,95163004,157658012.0,Neoplasm of uncertain behavior of urethra
Malignant neoplasms,95163004,4052101000006113.5,Neoplasm of uncertain behaviour of urethra
Malignant neoplasms,126885006,1217480010.0,Tumor of urinary bladder
Malignant neoplasms,126885006,1784709017.0,NGB - New growth of bladder
Malignant neoplasms,94754000,511442015.0,Neoplasm of uncertain behaviour of bladder
Malignant neoplasms,126885006,173010.0,Neoplasm of unspecified nature of bladder
Malignant neoplasms,94754000,157135010.0,Neoplasm of uncertain behavior of bladder
Malignant neoplasms,126885006,1215977015.0,Tumour of urinary bladder
Malignant neoplasms,94787001,511482010.0,Neoplasm of uncertain behaviour of cerebral meninges
Malignant neoplasms,94787001,157181010.0,Neoplasm of uncertain behavior of cerebral meninges
Malignant neoplasms,95109002,157589016.0,Neoplasm of uncertain behavior of spinal meninges
Malignant neoplasms,95109002,511894013.0,Neoplasm of uncertain behaviour of spinal meninges
Malignant neoplasms,109914007,174607019.0,Neoplasm of uncertain behavior of meninges
Malignant neoplasms,109914007,202844010.0,Neoplasm of uncertain behaviour of meninges NOS
Malignant neoplasms,109914007,202844010.0,Neoplasm of uncertain behaviour of meninges
Malignant neoplasms,94784008,511479017.0,[X]Neoplasm/uncertain+unknown behaviour/other parts/CNS
Malignant neoplasms,94784008,4044261000006113.5,Neoplasm of uncertain behaviour of central nervous system
Malignant neoplasms,189487001,291185018.0,"Neoplasm of uncertain or unknown behavior of brain, supratentorial"
Malignant neoplasms,189487001,291186017.0,"Neoplasm of uncertain or unknown behav brain, supratentorial"
Malignant neoplasms,94784008,157176018.0,Neoplasm of uncertain behavior of central nervous system
Malignant neoplasms,189488006,291187014.0,"Neoplasm uncert / unkn behav brain, infratentorial"
Malignant neoplasms,189488006,291188016.0,"Neoplasm of uncertain or unknown behavior of brain, infratentorial"
Malignant neoplasms,254935002,1224887010.0,Intracranial neoplasm
Malignant neoplasms,254935002,379839011.0,Intracranial tumor
Malignant neoplasms,254935002,379840013.0,Brain tumor
Malignant neoplasms,254935002,379837013.0,BT - Brain tumour
Malignant neoplasms,254935002,379836016.0,ICT - Intracranial tumour
Malignant neoplasms,254935002,379835017.0,Intracranial tumour
Malignant neoplasms,254935002,379838015.0,Brain tumour
Malignant neoplasms,254935002,379842017.0,ICT - Intracranial tumor
Malignant neoplasms,254935002,379841012.0,BT - Brain tumor
Malignant neoplasms,94767002,511458017.0,Neoplasm of uncertain behaviour of brain
Malignant neoplasms,94767002,157157015.0,Neoplasm of uncertain behavior of brain
Malignant neoplasms,94807005,511508014.0,Neoplasm of uncertain behaviour of cranial nerve
Malignant neoplasms,94807005,157207018.0,Neoplasm of uncertain behavior of cranial nerve
Malignant neoplasms,94807005,1490303017.0,Neoplasm of uncertain behaviour of cranial nerves
Malignant neoplasms,95108005,157588012.0,Neoplasm of uncertain behavior of spinal cord
Malignant neoplasms,95108005,511893019.0,Neoplasm of uncertain behaviour of spinal cord
Malignant neoplasms,94963005,157419011.0,Neoplasm of uncertain behavior of nervous system
Malignant neoplasms,94963005,511715015.0,Neoplasm of uncertain behaviour of nervous system
Malignant neoplasms,95138004,157627011.0,Neoplasm of uncertain behavior of thyroid gland
Malignant neoplasms,387922007,1490218018.0,Tumour of endocrine gland
Malignant neoplasms,387922007,1481992018.0,Neoplasm of endocrine gland
Malignant neoplasms,387922007,1490447010.0,Tumor of endocrine gland
Malignant neoplasms,95138004,511931018.0,Neoplasm of uncertain behaviour of thyroid gland
Malignant neoplasms,127021009,474003018.0,Adrenal tumour
Malignant neoplasms,127021009,309019.0,Neoplasm of adrenal gland
Malignant neoplasms,127021009,474005013.0,Adrenal tumor
Malignant neoplasms,127021009,474006014.0,Tumor of adrenal gland
Malignant neoplasms,94730005,511412018.0,Neoplasm of uncertain behaviour of adrenal gland
Malignant neoplasms,94730005,2921004011.0,Neoplasm of uncertain behavior of adrenal
Malignant neoplasms,127021009,474004012.0,Tumour of adrenal gland
Malignant neoplasms,94730005,157105015.0,Neoplasm of uncertain behavior of adrenal gland
Malignant neoplasms,94983006,157446018.0,Neoplasm of uncertain behavior of parathyroid gland
Malignant neoplasms,94983006,511741014.0,Neoplasm of uncertain behaviour of parathyroid gland
Malignant neoplasms,127024001,312016.0,[M]Pituitary adenoma or carcinoma NOS
Malignant neoplasms,127024001,1215993012.0,Tumour of pituitary gland
Malignant neoplasms,127024001,1215992019.0,Pituitary tumour
Malignant neoplasms,95004009,157471015.0,Neop uncertain behaviour pituitary and craniopharyngeal NOS
Malignant neoplasms,95004009,511768014.0,Neoplasm of uncertain behaviour of pituitary gland
Malignant neoplasms,95004009,157471015.0,Neop uncertain behaviour pituitary and craniopharyngeal duct
Malignant neoplasms,95004009,157471015.0,Neoplasm of uncertain behavior of pituitary gland
Malignant neoplasms,127024001,1217495012.0,Pituitary tumor
Malignant neoplasms,94808000,157209015.0,Neoplasm of uncertain behavior of craniopharyngeal duct
Malignant neoplasms,94808000,511509018.0,Neoplasm of uncertain behaviour of craniopharyngeal duct
Malignant neoplasms,95002008,157469015.0,Neoplasm of uncertain behavior of pineal gland
Malignant neoplasms,95002008,511766013.0,Neoplasm of uncertain behaviour of pineal gland
Malignant neoplasms,94779002,157171011.0,Neoplasm of uncertain behavior of carotid body
Malignant neoplasms,94779002,511472014.0,Neoplasm of uncertain behaviour of carotid body
Malignant neoplasms,10438002,18166016.0,Glomus tumor
Malignant neoplasms,94854009,157272013.0,Neoplasm of uncertain behavior of glomus jugulare
Malignant neoplasms,94742000,511427018.0,Neoplasm of uncertain behaviour of aortic body
Malignant neoplasms,10438002,195278019.0,Glomus tumour
Malignant neoplasms,189473001,291158013.0,Neoplasm of uncertain behaviour of paraganglia
Malignant neoplasms,94854009,511573018.0,Neoplasm of uncertain behaviour of glomus jugulare
Malignant neoplasms,189473001,291158013.0,Neoplasm of uncertain behaviour of paraganglia NOS
Malignant neoplasms,94742000,157118011.0,Neoplasm of uncertain behavior of aortic body
Malignant neoplasms,189473001,291157015.0,Neoplasm of uncertain behavior of paraganglia
Malignant neoplasms,189473001,2475177017.0,Neoplasm of uncertain behavior of paraganglion
Malignant neoplasms,189473001,2474972018.0,Neoplasm of uncertain behaviour of paraganglion
Malignant neoplasms,61808009,102732015.0,"Multiple endocrine adenomatosis, type 2"
Malignant neoplasms,46724008,1230389015.0,Multiple endocrine tumasia
Malignant neoplasms,46724008,77874017.0,Multiple endocrine neoplasia
Malignant neoplasms,30664006,51326018.0,"MEN, type 1"
Malignant neoplasms,30664006,1227293018.0,MEN 1 - Multiple endocrine neoplasia syndrome type 1
Malignant neoplasms,61808009,499128019.0,Sipple's syndrome
Malignant neoplasms,30664006,51329013.0,"Multiple endocrine adenomatosis, type 1"
Malignant neoplasms,61808009,102731010.0,"MEA, type 2"
Malignant neoplasms,61808009,102726013.0,"Multiple endocrine neoplasia, type 2"
Malignant neoplasms,46724008,1230390012.0,MEA - Multiple endocrine adenomatosis
Malignant neoplasms,61808009,102729018.0,PTC syndrome
Malignant neoplasms,61808009,102728014.0,Sipple syndrome
Malignant neoplasms,30664006,51328017.0,"MEA, type 1"
Malignant neoplasms,30664006,51325019.0,"Multiple endocrine neoplasia, type 1"
Malignant neoplasms,30664006,1227295013.0,Multiple endocrine neoplasia syndrome type 1
Malignant neoplasms,30664006,51327010.0,Wermer syndrome
Malignant neoplasms,46724008,1230388011.0,MEN - Multiple endocrine neoplasia
Malignant neoplasms,30664006,1227294012.0,MEN 1 syndrome
Malignant neoplasms,46724008,77872018.0,Multiple endocrine adenomatosis
Malignant neoplasms,46724008,77872018.0,Polyglandular activity in multiple endocrine adenomatosis
Malignant neoplasms,414653009,2534495019.0,Histiocytic tumour NOS
Malignant neoplasms,89796001,201477015.0,Mast cell tumour
Malignant neoplasms,255048006,380048016.0,"[X]Neo/uncertn+unknwn behav/lymph,h'matopetc+rel tiss,unspcf"
Malignant neoplasms,414653009,2534495019.0,Neoplasm of uncertain behaviour of histiocytic and mast cell
Malignant neoplasms,255048006,380048016.0,"Neo/uncertn+unknwn behav/lymph,h'matopetc+rel tiss,unspcf"
Malignant neoplasms,89796001,148867018.0,Mastocytoma NOS
Malignant neoplasms,414653009,2534495019.0,Mast cell neoplasm
Malignant neoplasms,255048006,380048016.0,"Tumour of lymphoid, haemopoietic and related tissue"
Malignant neoplasms,255048006,380049012.0,"Tumor of lymphoid, hemopoietic and related tissue"
Malignant neoplasms,89796001,148870019.0,Mast cell tumor
Malignant neoplasms,89796001,148867018.0,[M]Mastocytoma NOS
Malignant neoplasms,89796001,201477015.0,[M]Mast cell tumours
Malignant neoplasms,128842008,207443019.0,[M]Chronic myeloproliferative disease
Malignant neoplasms,128842008,2973036013.0,"Chronic myeloproliferative disease, no International Classification of Diseases for Oncology subtype"
Malignant neoplasms,425333006,2645960018.0,Myeloproliferative disease
Malignant neoplasms,128842008,2770290011.0,"Chronic myeloproliferative disease, no ICD-O subtype"
Malignant neoplasms,128842008,3009091014.0,"Myeloproliferative neoplasm, no ICD-O subtype"
Malignant neoplasms,128842008,207442012.0,Chronic myeloproliferative disorder
Malignant neoplasms,425333006,2645960018.0,Myeloproliferative disorder
Malignant neoplasms,267440005,398873019.0,Monoclonal gammopathy
Malignant neoplasms,277577000,414174013.0,Neoplasm of uncertain behaviour of plasma cells
Malignant neoplasms,277577000,414175014.0,MGUS - Monoclonal gammopathy of uncertain significance
Malignant neoplasms,277577000,2536062015.0,Monoclonal gammopathy of undetermined significance
Malignant neoplasms,119247004,452758011.0,Hypoalbuminaemia
Malignant neoplasms,277577000,414174013.0,Monoclonal gammopathy of uncertain significance
Malignant neoplasms,119247004,2475440015.0,Serum albumin low
Malignant neoplasms,267440005,398873019.0,Monoclonal paraproteinaemia
Malignant neoplasms,267440005,398874013.0,Monoclonal paraproteinemia
Malignant neoplasms,109983007,2659691014.0,Monoclonal gammopathy
Malignant neoplasms,109983007,174679017.0,Paraproteinaemia NOS
Malignant neoplasms,109994006,2535664010.0,Idiopathic thrombocythemia
Malignant neoplasms,109994006,344890016.0,Essential thrombocythemia (clinical disorder)
Malignant neoplasms,6631009,2536436018.0,Thrombocythemia
Malignant neoplasms,6631009,11995017.0,Increased platelets
Malignant neoplasms,109994006,2535665011.0,Essential thrombocytosis
Malignant neoplasms,109994006,2535666012.0,Idiopathic thrombocythaemia
Malignant neoplasms,6631009,2536435019.0,Thrombocythaemia
Malignant neoplasms,109994006,1476449014.0,Essential (haemorrhagic) thrombocythaemia
Malignant neoplasms,109994006,310251000006117.0,[M]Idiopathic thrombocythaemia
Malignant neoplasms,109994006,2532081013.0,Essential thrombocythemia
Malignant neoplasms,109994006,1476449014.0,Primary thrombocythaemia
Malignant neoplasms,307651005,2870705011.0,Primary myelofibrosis
Malignant neoplasms,207036003,1784850016.0,Angiomatous lymphoid hamartoma
Malignant neoplasms,207036003,317362012.0,Angiofollicular lymph node hyperplasia
Malignant neoplasms,307651005,450988016.0,Megakaryocytic myelosclerosis
Malignant neoplasms,207036003,317363019.0,Benign angiofollicular hyperplasia
Malignant neoplasms,52967002,496504011.0,MF - Myelofibrosis
Malignant neoplasms,207036003,317365014.0,Angiolymphoid hyperplasia
Malignant neoplasms,207036003,2838122012.0,Castleman disease
Malignant neoplasms,52967002,88121017.0,Myelofibrosis
Malignant neoplasms,307651005,2870704010.0,Osteomyelofibrosis
Malignant neoplasms,207036003,317366010.0,[D]Castleman's disease
Malignant neoplasms,52967002,496505012.0,Myelosclerosis
Malignant neoplasms,188733003,289895014.0,Chronic eosinophilic leukaemia
Malignant neoplasms,30746006,1227330019.0,Lymphadenopathy - swelling
Malignant neoplasms,30746006,1227327014.0,Swelling of lymph node
Malignant neoplasms,30746006,1227328016.0,Swollen lymph glands
Malignant neoplasms,30746006,1227325018.0,LN - Lymphadenopathy
Malignant neoplasms,30746006,1227329012.0,Swollen lymph nodes
Malignant neoplasms,30746006,51457019.0,Swelling of lymph nodes
Malignant neoplasms,30746006,51456011.0,O/E - lymphadenopathy
Malignant neoplasms,30746006,1227323013.0,Swollen glands
Malignant neoplasms,30746006,51456011.0,O/E - enlarged lymph nodes
Malignant neoplasms,30746006,51456011.0,O/E - adenopathy
Malignant neoplasms,30746006,51452013.0,[D]Lymph node enlargement
Malignant neoplasms,30746006,51456011.0,[D]Lymphadenopathy
Malignant neoplasms,30746006,51452013.0,[D]Lymph node enlargement NOS
Malignant neoplasms,30746006,1227324019.0,LA - Lymphadenopathy
Malignant neoplasms,277606000,414231017.0,Lymphoreticular tumour
Malignant neoplasms,277606000,414231017.0,Other malignant neoplasm of lymphoid and histiocytic tissue
Malignant neoplasms,277606000,414232012.0,Lymphoreticular tumor
Malignant neoplasms,202574006,310959019.0,Synovial osteochondromatosis of other tarsal joint
Malignant neoplasms,128467002,206789018.0,Neoplasm of uncertain behavior of articular cartilage
Malignant neoplasms,94765005,157154010.0,Neoplasm of uncertain behavior of bone
Malignant neoplasms,128467002,474428019.0,Neoplasm of uncertain behaviour of articular cartilage
Malignant neoplasms,202574006,310959019.0,Synovial osteochondromatosis
Malignant neoplasms,94765005,511456018.0,Neoplasm of uncertain behaviour of bone
Malignant neoplasms,416053008,2548453016.0,Oestrogen receptor positive tumour
Malignant neoplasms,416561008,2549077010.0,Progesterone receptor positive tumour
Malignant neoplasms,66229009,500353013.0,[M]Haemangioendothelioma NOS
Malignant neoplasms,66229009,500353013.0,[M]Angioendothelioma
Malignant neoplasms,202592003,310977012.0,Synovial osteochondromatosis of 1st MTP joint
Malignant neoplasms,202579001,310964015.0,Synovial osteochondromatosis of distal radio-ulnar joint
Malignant neoplasms,202595001,310981012.0,Synovial osteochondromatosis of IP joint of toe
Malignant neoplasms,202593008,310978019.0,Synovial osteochondromatosis of lesser MTP joint
Malignant neoplasms,202582006,310967010.0,Synovial osteochondromatosis of PIP joint of finger
Malignant neoplasms,202585008,310970014.0,Synovial osteochondromatosis of sacro-iliac joint
Malignant neoplasms,45187003,75350013.0,[M]Abdominal desmoid
Malignant neoplasms,94799008,157197017.0,Neoplasm of uncertain behavior of coccygeal body
Malignant neoplasms,66229009,109987012.0,Angioendothelioma
Malignant neoplasms,66229009,309621000006116.0,Hemangioendothelioma
Malignant neoplasms,45187003,75351012.0,Mesenteric fibromatosis
Malignant neoplasms,45187003,75352017.0,Retroperitoneal fibromatosis
Malignant neoplasms,66229009,3577041000006113.0,Haemangioendothelioma
Malignant neoplasms,45187003,75353010.0,Musculo-aponeurotic fibromatosis
Malignant neoplasms,57723004,95994019.0,Angiomyxoma
Malignant neoplasms,202587000,310972018.0,Synovial osteochondromatosis of tibio-fibular joint
Malignant neoplasms,66229009,500352015.0,Kaposiform haemangioendothelioma
Malignant neoplasms,66229009,109985016.0,Hemangioendothelioma
Malignant neoplasms,202585008,310970014.0,Synovial osteochondromatosis of sacroiliac joint
Malignant neoplasms,66229009,199640016.0,Kaposiform hemangioendothelioma
Malignant neoplasms,202577004,310962016.0,Synovial osteochondromatosis of acromioclavicular joint
Malignant neoplasms,202578009,310963014.0,Synovial osteochondromatosis of elbow
Malignant neoplasms,202580003,310965019.0,Synovial osteochondromatosis of wrist
Malignant neoplasms,202586009,310971013.0,Synovial osteochondromatosis of knee
Malignant neoplasms,202588005,310973011.0,Synovial osteochondromatosis of ankle
Malignant neoplasms,202589002,310974017.0,Synovial osteochondromatosis of subtalar joint
Malignant neoplasms,202590006,310975016.0,Synovial osteochondromatosis of talonavicular joint
Malignant neoplasms,94799008,511497013.0,Neoplasm of uncertain behaviour of coccygeal body
Malignant neoplasms,66229009,1216834013.0,[M]Haemangioendothelioma
Malignant neoplasms,57723004,1231760012.0,[M]Angiomyxoma
Malignant neoplasms,202592003,2973582012.0,Synovial osteochondromatosis of first metatarsophalangeal joint
Malignant neoplasms,202584007,310969013.0,Synovial osteochondromatosis of hip
Malignant neoplasms,57723004,198784016.0,Aggressive angiomyxoma
Malignant neoplasms,202575007,310960012.0,Synovial osteochondromatosis of shoulder
Malignant neoplasms,202576008,310961011.0,Synovial osteochondromatosis of sternoclavicular joint
Malignant neoplasms,202583001,310968017.0,Synovial osteochondromatosis of DIP joint of finger
Malignant neoplasms,202581004,310966018.0,Synovial osteochondromatosis of MCP joint
Malignant neoplasms,45187003,75349013.0,[M]Abdominal fibromatosis
Malignant neoplasms,202587000,310972018.0,Synovial osteochondromatosis of tibiofibular joint
Malignant neoplasms,189494003,291201017.0,Neopl uncert/unkn behav of periph nerves & autonom nerv sys
Malignant neoplasms,189494003,291200016.0,Neoplasm of uncertain or unknown behavior of peripheral nerves and autonomic nervous system
Malignant neoplasms,189399009,290997014.0,Neop uncertain behaviour retroperitoneum or peritoneum NOS
Malignant neoplasms,95132003,511925016.0,Neoplasm of uncertain behaviour of the retroperitoneum
Malignant neoplasms,95132003,1208610015.0,Neoplasm of uncertain behavior of retroperitoneum
Malignant neoplasms,95132003,157620013.0,Neoplasm of uncertain behavior of the retroperitoneum
Malignant neoplasms,95132003,1207842014.0,Neoplasm of uncertain behaviour of retroperitoneum
Malignant neoplasms,189399009,290997014.0,Neop of uncertain behaviour retroperitoneum and peritoneum
Malignant neoplasms,189399009,290996017.0,Neoplasm of uncertain behavior of retroperitoneum and peritoneum
Malignant neoplasms,189401003,291001010.0,Neoplasm of uncertain behaviour of peritoneum
Malignant neoplasms,189401003,291000011.0,Neoplasm of uncertain behavior of peritoneum
Malignant neoplasms,126926005,473942013.0,Breast tumor
Malignant neoplasms,126926005,473943015.0,Tumor of breast
Malignant neoplasms,126926005,473940017.0,Tumour of breast
Malignant neoplasms,95087004,157564010.0,Neoplasm of uncertain behavior of skin
Malignant neoplasms,95087004,511868016.0,Neoplasm of uncertain behaviour of skin
Malignant neoplasms,126926005,214017.0,Neoplasm of unspecified nature of breast
Malignant neoplasms,126926005,473941018.0,Breast tumour
Malignant neoplasms,269497004,403745012.0,Neoplasm of uncertain behavior of breast
Malignant neoplasms,269497004,403744011.0,Neoplasm of uncertain behaviour of breast
Malignant neoplasms,94831000,157238017.0,Neoplasm of uncertain behavior of eye
Malignant neoplasms,84999002,1235002017.0,SCC - Intraepidermal squamous cell carcinoma - Bowen's type
Malignant neoplasms,84999002,140928014.0,"Intraepidermal squamous cell carcinoma, Bowen's type"
Malignant neoplasms,84999002,1235001012.0,BD - Bowen's disease
Malignant neoplasms,94865004,511586010.0,Neoplasm of uncertain behaviour of heart
Malignant neoplasms,94865004,157287015.0,Neoplasm of uncertain behavior of heart
Malignant neoplasms,94831000,511543010.0,Neoplasm of uncertain behaviour of eye
Malignant neoplasms,84999002,140927016.0,[M]Bowen's disease
Malignant neoplasms,402913004,1781996012.0,Bowenoid papulosis
Malignant neoplasms,55342001,92007014.0,"[M]No microscopic confirmation of tumour, clinically NOS"
Malignant neoplasms,55342001,92007014.0,[X]Additional neoplasm classification terms
Malignant neoplasms,55342001,1231456013.0,New growth
Malignant neoplasms,55342001,92007014.0,Neoplasm of unspecified nature NOS
Malignant neoplasms,55342001,92007014.0,Neop uncertain behaviour other and unspec sites and tissues
Malignant neoplasms,55342001,92007014.0,Neop uncertain behaviour other unspec site and tissue NOS
Malignant neoplasms,55342001,92007014.0,Neoplasm of uncertain behaviour of blood
Malignant neoplasms,192877007,297116019.0,Paraneoplastic cerebellar degeneration
Malignant neoplasms,55342001,1231455012.0,Neoplastic growth
Malignant neoplasms,55342001,1231454011.0,NG - Neoplastic growth
Malignant neoplasms,52522001,87406016.0,Other cerebral degenerations
Malignant neoplasms,52522001,87406016.0,Other cerebral degeneration
Malignant neoplasms,55342001,92007014.0,Neop of uncertain behaviour of other specified sites NOS
Malignant neoplasms,55342001,92007014.0,Unspecified nature neoplasm
Malignant neoplasms,55342001,92007014.0,Neoplasm of unspecified nature of digestive system
Malignant neoplasms,55342001,92007014.0,Neoplasm of unspecified nature of respiratory system
Malignant neoplasms,55342001,92007014.0,"Neoplasm of unspec nature of bone, skin or soft tissue NOS"
Malignant neoplasms,55342001,1231457016.0,NG - New growth
Malignant neoplasms,192815006,297015017.0,Cerebral degeneration due to neoplastic disease
Malignant neoplasms,192906003,297149011.0,Myelopathy due to neoplastic disease
Malignant neoplasms,55342001,2984293012.0,Neoplasms NOS
Malignant neoplasms,55342001,92007014.0,Neoplasm of uncertain behaviour of other specified sites
Malignant neoplasms,55342001,92007014.0,Neoplasm of uncertain behaviour otherwise specified
Malignant neoplasms,55342001,92007014.0,Neoplasm of uncertain behaviour NOS
Malignant neoplasms,55342001,92007014.0,Neoplasm of unspecified nature
Malignant neoplasms,55342001,92007014.0,"Neoplasm of unspecified nature of bone, skin and soft tissue"
Malignant neoplasms,55342001,92007014.0,Neoplasm of unspecified nature of bone
Malignant neoplasms,55342001,92007014.0,Neoplasm of unspecified nature of soft tissue
Malignant neoplasms,55342001,92007014.0,Neoplasm of unspecified nature of other genitourinary organs
Malignant neoplasms,55342001,92007014.0,Neoplasm of unspecified nature of other specified sites
Malignant neoplasms,55342001,92007014.0,Neoplasms otherwise specified
Malignant neoplasms,192877007,297117011.0,Cerebellar ataxia due to neoplasia
Malignant neoplasms,55342001,92007014.0,Neop uncertain behaviour other lymphatic/haematopoietic tiss
Malignant neoplasms,55342001,92007014.0,"Neop unspec nature of endocrine glands, other nervous system"
Malignant neoplasms,55342001,1231453017.0,Neoplasia
Malignant neoplasms,55342001,2984293012.0,Neoplasms
Malignant neoplasms,55342001,92007014.0,Neop of uncertain behaviour connective and other soft tissue
Malignant neoplasms,55342001,92007014.0,[M]No microscopic confirmation of tumour
