Condition,ReadCode,CleansedReadCode,Term
"Disease of arteries, arterioles and capilleries",14AE,14AE.00,H/O: aortic aneurysm
"Disease of arteries, arterioles and capilleries",^ESCTHI454065,,H/O: aortic aneurysm
"Disease of arteries, arterioles and capilleries",66f3,66f3.00,Aortic aneurysm monitoring
"Disease of arteries, arterioles and capilleries",^ESCTAA466641,,Replacement of aneurysmal bifurcation of aorta
"Disease of arteries, arterioles and capilleries",^ESCTRE466640,,Replacement of aneurysmal bifurcation of aorta
"Disease of arteries, arterioles and capilleries",7A11,7A11.00,Replacement of aneurysmal bifurcation of aorta
"Disease of arteries, arterioles and capilleries",7A11z,7A11z00,Replacement of aneurysmal bifurcation of aorta
"Disease of arteries, arterioles and capilleries",7A11y,7A11y00,Replacement of aneurysmal bifurcation of aorta
"Disease of arteries, arterioles and capilleries",7A110,7A11000,Emergency replacement of aneurysmal bifurcation of aorta by anastomosis of aorta to femoral artery
"Disease of arteries, arterioles and capilleries",7A111,7A11100,Replacement of aneurysmal bifurcation of aorta by anastomosis of aorta to femoral artery
"Disease of arteries, arterioles and capilleries",7A112,7A11200,Emergency replacement of aneurysmal bifurcation of aorta by anastomosis of aorta to iliac artery
"Disease of arteries, arterioles and capilleries",^ESCTYG504985,,Y graft of abdominal aortic aneurysm - emergency
"Disease of arteries, arterioles and capilleries",^ESCT1245004,,Y graft of abdominal aortic aneurysm - emergency
"Disease of arteries, arterioles and capilleries",7A112-1,7A11211,Y graft of abdominal aortic aneurysm - emergency
"Disease of arteries, arterioles and capilleries",7A113,7A11300,Replacement of aneurysmal bifurcation of aorta by anastomosis of aorta to iliac artery
"Disease of arteries, arterioles and capilleries",7A113-1,7A11311,Y graft abdominal Aortic aneurysm
"Disease of arteries, arterioles and capilleries",^ESCTAA466641,,Replacement of aneurysmal bifurcation of aorta OS
"Disease of arteries, arterioles and capilleries",^ESCTRE466640,,Replacement of aneurysmal bifurcation of aorta OS
"Disease of arteries, arterioles and capilleries",7A11,7A11.00,Replacement of aneurysmal bifurcation of aorta OS
"Disease of arteries, arterioles and capilleries",7A11z,7A11z00,Replacement of aneurysmal bifurcation of aorta OS
"Disease of arteries, arterioles and capilleries",7A11y,7A11y00,Replacement of aneurysmal bifurcation of aorta OS
"Disease of arteries, arterioles and capilleries",^ESCTAA466641,,Replacement of aneurysmal bifurcation of aorta NOS
"Disease of arteries, arterioles and capilleries",^ESCTRE466640,,Replacement of aneurysmal bifurcation of aorta NOS
"Disease of arteries, arterioles and capilleries",7A11,7A11.00,Replacement of aneurysmal bifurcation of aorta NOS
"Disease of arteries, arterioles and capilleries",7A11z,7A11z00,Replacement of aneurysmal bifurcation of aorta NOS
"Disease of arteries, arterioles and capilleries",7A11y,7A11y00,Replacement of aneurysmal bifurcation of aorta NOS
"Disease of arteries, arterioles and capilleries",7A13y,7A13y00,Emergency replacement of aneurysmal segment of aorta
"Disease of arteries, arterioles and capilleries",7A13,7A13.00,Emergency replacement of aneurysmal segment of aorta
"Disease of arteries, arterioles and capilleries",7A13z,7A13z00,Emergency replacement of aneurysmal segment of aorta
"Disease of arteries, arterioles and capilleries",7A13-1,7A13.11,Emergency replacement of aneurysmal segment of aorta
"Disease of arteries, arterioles and capilleries",7A13y,7A13y00,Emergency repair of aortic aneurysm
"Disease of arteries, arterioles and capilleries",7A13,7A13.00,Emergency repair of aortic aneurysm
"Disease of arteries, arterioles and capilleries",7A13z,7A13z00,Emergency repair of aortic aneurysm
"Disease of arteries, arterioles and capilleries",7A13-1,7A13.11,Emergency repair of aortic aneurysm
"Disease of arteries, arterioles and capilleries",7A130,7A13000,Emergency replacement of aneurysmal segment of ascending aorta by anastomosis of aorta to aorta
"Disease of arteries, arterioles and capilleries",7A131,7A13100,Emergency replacement of aneurysmal segment of thoracic aorta by anastomosis of aorta to aorta
"Disease of arteries, arterioles and capilleries",7A133,7A13300,Emergency replacement of aneurysmal segment of infrarenal abdominal aorta by anastomosis of aorta to aorta
"Disease of arteries, arterioles and capilleries",7A134,7A13400,Emerg replace aneurysm abdom aorta by anast aorta/aorta NEC
"Disease of arteries, arterioles and capilleries",^ESCTDI435459,,Emerg replace aneurysm abdom aorta by anast aorta/aorta NEC
"Disease of arteries, arterioles and capilleries",^ESCTAR435458,,Emerg replace aneurysm abdom aorta by anast aorta/aorta NEC
"Disease of arteries, arterioles and capilleries",^ESCT1245084,,Tube graft abdominal aortic aneurysm - emergency
"Disease of arteries, arterioles and capilleries",^ESCTTU504991,,Tube graft abdominal aortic aneurysm - emergency
"Disease of arteries, arterioles and capilleries",7A134-1,7A13411,Tube graft abdominal aortic aneurysm - emergency
"Disease of arteries, arterioles and capilleries",7A13y,7A13y00,Emergency replacement of aneurysmal segment of aorta OS
"Disease of arteries, arterioles and capilleries",7A13,7A13.00,Emergency replacement of aneurysmal segment of aorta OS
"Disease of arteries, arterioles and capilleries",7A13z,7A13z00,Emergency replacement of aneurysmal segment of aorta OS
"Disease of arteries, arterioles and capilleries",7A13-1,7A13.11,Emergency replacement of aneurysmal segment of aorta OS
"Disease of arteries, arterioles and capilleries",7A13y,7A13y00,Emergency replacement of aneurysmal segment of aorta NOS
"Disease of arteries, arterioles and capilleries",7A13,7A13.00,Emergency replacement of aneurysmal segment of aorta NOS
"Disease of arteries, arterioles and capilleries",7A13z,7A13z00,Emergency replacement of aneurysmal segment of aorta NOS
"Disease of arteries, arterioles and capilleries",7A13-1,7A13.11,Emergency replacement of aneurysmal segment of aorta NOS
"Disease of arteries, arterioles and capilleries",7A14,7A14.00,Other replacement of aneurysmal segment of aorta
"Disease of arteries, arterioles and capilleries",7A14-1,7A14.11,Other replacement of aneurysmal segment of aorta
"Disease of arteries, arterioles and capilleries",7A14,7A14.00,Aortic aneurysm repair
"Disease of arteries, arterioles and capilleries",7A14-1,7A14.11,Aortic aneurysm repair
"Disease of arteries, arterioles and capilleries",7A47-4,7A47.14,Replace aneurysm ascend aorta by anast of aorta/aorta NEC
"Disease of arteries, arterioles and capilleries",7A47-3,7A47.13,Replace aneurysm ascend aorta by anast of aorta/aorta NEC
"Disease of arteries, arterioles and capilleries",7A47-2,7A47.12,Replace aneurysm ascend aorta by anast of aorta/aorta NEC
"Disease of arteries, arterioles and capilleries",7A47-5,7A47.15,Replace aneurysm ascend aorta by anast of aorta/aorta NEC
"Disease of arteries, arterioles and capilleries",7A47-1,7A47.11,Replace aneurysm ascend aorta by anast of aorta/aorta NEC
"Disease of arteries, arterioles and capilleries",7A142,7A14200,Replace aneurysm ascend aorta by anast of aorta/aorta NEC
"Disease of arteries, arterioles and capilleries",7A140,7A14000,Replace aneurysm ascend aorta by anast of aorta/aorta NEC
"Disease of arteries, arterioles and capilleries",7A409,7A40900,Replace aneurysm ascend aorta by anast of aorta/aorta NEC
"Disease of arteries, arterioles and capilleries",7A40D,7A40D00,Replace aneurysm ascend aorta by anast of aorta/aorta NEC
"Disease of arteries, arterioles and capilleries",7A40B,7A40B00,Replace aneurysm ascend aorta by anast of aorta/aorta NEC
"Disease of arteries, arterioles and capilleries",7A40C,7A40C00,Replace aneurysm ascend aorta by anast of aorta/aorta NEC
"Disease of arteries, arterioles and capilleries",7A141,7A14100,Replace aneurysm ascend aorta by anast of aorta/aorta NEC
"Disease of arteries, arterioles and capilleries",7A163,7A16300,Replace aneurysm ascend aorta by anast of aorta/aorta NEC
"Disease of arteries, arterioles and capilleries",7A162,7A16200,Replace aneurysm ascend aorta by anast of aorta/aorta NEC
"Disease of arteries, arterioles and capilleries",7A161,7A16100,Replace aneurysm ascend aorta by anast of aorta/aorta NEC
"Disease of arteries, arterioles and capilleries",7A419,7A41900,Replace aneurysm ascend aorta by anast of aorta/aorta NEC
"Disease of arteries, arterioles and capilleries",7A41A,7A41A00,Replace aneurysm ascend aorta by anast of aorta/aorta NEC
"Disease of arteries, arterioles and capilleries",7A41D,7A41D00,Replace aneurysm ascend aorta by anast of aorta/aorta NEC
"Disease of arteries, arterioles and capilleries",7A41B,7A41B00,Replace aneurysm ascend aorta by anast of aorta/aorta NEC
"Disease of arteries, arterioles and capilleries",7A150,7A15000,Replace aneurysm ascend aorta by anast of aorta/aorta NEC
"Disease of arteries, arterioles and capilleries",7A414,7A41400,Replace aneurysm ascend aorta by anast of aorta/aorta NEC
"Disease of arteries, arterioles and capilleries",7A415,7A41500,Replace aneurysm ascend aorta by anast of aorta/aorta NEC
"Disease of arteries, arterioles and capilleries",7A416,7A41600,Replace aneurysm ascend aorta by anast of aorta/aorta NEC
"Disease of arteries, arterioles and capilleries",7A47D,7A47D00,Replace aneurysm ascend aorta by anast of aorta/aorta NEC
"Disease of arteries, arterioles and capilleries",^ESCTAR427147,,Replace aneurysm ascend aorta by anast of aorta/aorta NEC
"Disease of arteries, arterioles and capilleries",^ESCTCR427152,,Replace aneurysm ascend aorta by anast of aorta/aorta NEC
"Disease of arteries, arterioles and capilleries",^ESCTCR427149,,Replace aneurysm ascend aorta by anast of aorta/aorta NEC
"Disease of arteries, arterioles and capilleries",^ESCTCR427151,,Replace aneurysm ascend aorta by anast of aorta/aorta NEC
"Disease of arteries, arterioles and capilleries",^ESCTCR427148,,Replace aneurysm ascend aorta by anast of aorta/aorta NEC
"Disease of arteries, arterioles and capilleries",7A333,7A33300,Replace aneurysm ascend aorta by anast of aorta/aorta NEC
"Disease of arteries, arterioles and capilleries",7A40y,7A40y00,Replace aneurysm ascend aorta by anast of aorta/aorta NEC
"Disease of arteries, arterioles and capilleries",7A164,7A16400,Replace aneurysm ascend aorta by anast of aorta/aorta NEC
"Disease of arteries, arterioles and capilleries",^ESCTBY427150,,Replace aneurysm ascend aorta by anast of aorta/aorta NEC
"Disease of arteries, arterioles and capilleries",7A16,7A16.00,Replace aneurysm ascend aorta by anast of aorta/aorta NEC
"Disease of arteries, arterioles and capilleries",7A332,7A33200,Replace aneurysm ascend aorta by anast of aorta/aorta NEC
"Disease of arteries, arterioles and capilleries",7A41y,7A41y00,Replace aneurysm ascend aorta by anast of aorta/aorta NEC
"Disease of arteries, arterioles and capilleries",7A41z,7A41z00,Replace aneurysm ascend aorta by anast of aorta/aorta NEC
"Disease of arteries, arterioles and capilleries",7A330,7A33000,Replace aneurysm ascend aorta by anast of aorta/aorta NEC
"Disease of arteries, arterioles and capilleries",7A331,7A33100,Replace aneurysm ascend aorta by anast of aorta/aorta NEC
"Disease of arteries, arterioles and capilleries",7A16y,7A16y00,Replace aneurysm ascend aorta by anast of aorta/aorta NEC
"Disease of arteries, arterioles and capilleries",7A16z,7A16z00,Replace aneurysm ascend aorta by anast of aorta/aorta NEC
"Disease of arteries, arterioles and capilleries",7A143,7A14300,Replace aneurysm ascend aorta by anast of aorta/aorta NEC
"Disease of arteries, arterioles and capilleries",7A40A,7A40A00,Replace aneurysm ascend aorta by anast of aorta/aorta NEC
"Disease of arteries, arterioles and capilleries",7A151,7A15100,Replace aneurysm ascend aorta by anast of aorta/aorta NEC
"Disease of arteries, arterioles and capilleries",7A40z,7A40z00,Replace aneurysm ascend aorta by anast of aorta/aorta NEC
"Disease of arteries, arterioles and capilleries",7A522,7A52200,Replace aneurysm ascend aorta by anast of aorta/aorta NEC
"Disease of arteries, arterioles and capilleries",7A523,7A52300,Replace aneurysm ascend aorta by anast of aorta/aorta NEC
"Disease of arteries, arterioles and capilleries",7A47z,7A47z00,Replace aneurysm ascend aorta by anast of aorta/aorta NEC
"Disease of arteries, arterioles and capilleries",7A160,7A16000,Replace aneurysm ascend aorta by anast of aorta/aorta NEC
"Disease of arteries, arterioles and capilleries",7A47C,7A47C00,Replace aneurysm ascend aorta by anast of aorta/aorta NEC
"Disease of arteries, arterioles and capilleries",7A47-4,7A47.14,Replace aneurysm thoracic aorta by anast of aorta/aorta NEC
"Disease of arteries, arterioles and capilleries",7A47-3,7A47.13,Replace aneurysm thoracic aorta by anast of aorta/aorta NEC
"Disease of arteries, arterioles and capilleries",7A47-2,7A47.12,Replace aneurysm thoracic aorta by anast of aorta/aorta NEC
"Disease of arteries, arterioles and capilleries",7A47-5,7A47.15,Replace aneurysm thoracic aorta by anast of aorta/aorta NEC
"Disease of arteries, arterioles and capilleries",7A47-1,7A47.11,Replace aneurysm thoracic aorta by anast of aorta/aorta NEC
"Disease of arteries, arterioles and capilleries",7A142,7A14200,Replace aneurysm thoracic aorta by anast of aorta/aorta NEC
"Disease of arteries, arterioles and capilleries",7A140,7A14000,Replace aneurysm thoracic aorta by anast of aorta/aorta NEC
"Disease of arteries, arterioles and capilleries",7A409,7A40900,Replace aneurysm thoracic aorta by anast of aorta/aorta NEC
"Disease of arteries, arterioles and capilleries",7A40D,7A40D00,Replace aneurysm thoracic aorta by anast of aorta/aorta NEC
"Disease of arteries, arterioles and capilleries",7A40B,7A40B00,Replace aneurysm thoracic aorta by anast of aorta/aorta NEC
"Disease of arteries, arterioles and capilleries",7A40C,7A40C00,Replace aneurysm thoracic aorta by anast of aorta/aorta NEC
"Disease of arteries, arterioles and capilleries",7A141,7A14100,Replace aneurysm thoracic aorta by anast of aorta/aorta NEC
"Disease of arteries, arterioles and capilleries",7A163,7A16300,Replace aneurysm thoracic aorta by anast of aorta/aorta NEC
"Disease of arteries, arterioles and capilleries",7A162,7A16200,Replace aneurysm thoracic aorta by anast of aorta/aorta NEC
"Disease of arteries, arterioles and capilleries",7A161,7A16100,Replace aneurysm thoracic aorta by anast of aorta/aorta NEC
"Disease of arteries, arterioles and capilleries",7A419,7A41900,Replace aneurysm thoracic aorta by anast of aorta/aorta NEC
"Disease of arteries, arterioles and capilleries",7A41A,7A41A00,Replace aneurysm thoracic aorta by anast of aorta/aorta NEC
"Disease of arteries, arterioles and capilleries",7A41D,7A41D00,Replace aneurysm thoracic aorta by anast of aorta/aorta NEC
"Disease of arteries, arterioles and capilleries",7A41B,7A41B00,Replace aneurysm thoracic aorta by anast of aorta/aorta NEC
"Disease of arteries, arterioles and capilleries",7A150,7A15000,Replace aneurysm thoracic aorta by anast of aorta/aorta NEC
"Disease of arteries, arterioles and capilleries",7A414,7A41400,Replace aneurysm thoracic aorta by anast of aorta/aorta NEC
"Disease of arteries, arterioles and capilleries",7A415,7A41500,Replace aneurysm thoracic aorta by anast of aorta/aorta NEC
"Disease of arteries, arterioles and capilleries",7A416,7A41600,Replace aneurysm thoracic aorta by anast of aorta/aorta NEC
"Disease of arteries, arterioles and capilleries",7A47D,7A47D00,Replace aneurysm thoracic aorta by anast of aorta/aorta NEC
"Disease of arteries, arterioles and capilleries",^ESCTAR427147,,Replace aneurysm thoracic aorta by anast of aorta/aorta NEC
"Disease of arteries, arterioles and capilleries",^ESCTCR427152,,Replace aneurysm thoracic aorta by anast of aorta/aorta NEC
"Disease of arteries, arterioles and capilleries",^ESCTCR427149,,Replace aneurysm thoracic aorta by anast of aorta/aorta NEC
"Disease of arteries, arterioles and capilleries",^ESCTCR427151,,Replace aneurysm thoracic aorta by anast of aorta/aorta NEC
"Disease of arteries, arterioles and capilleries",^ESCTCR427148,,Replace aneurysm thoracic aorta by anast of aorta/aorta NEC
"Disease of arteries, arterioles and capilleries",7A333,7A33300,Replace aneurysm thoracic aorta by anast of aorta/aorta NEC
"Disease of arteries, arterioles and capilleries",7A40y,7A40y00,Replace aneurysm thoracic aorta by anast of aorta/aorta NEC
"Disease of arteries, arterioles and capilleries",7A164,7A16400,Replace aneurysm thoracic aorta by anast of aorta/aorta NEC
"Disease of arteries, arterioles and capilleries",^ESCTBY427150,,Replace aneurysm thoracic aorta by anast of aorta/aorta NEC
"Disease of arteries, arterioles and capilleries",7A16,7A16.00,Replace aneurysm thoracic aorta by anast of aorta/aorta NEC
"Disease of arteries, arterioles and capilleries",7A332,7A33200,Replace aneurysm thoracic aorta by anast of aorta/aorta NEC
"Disease of arteries, arterioles and capilleries",7A41y,7A41y00,Replace aneurysm thoracic aorta by anast of aorta/aorta NEC
"Disease of arteries, arterioles and capilleries",7A41z,7A41z00,Replace aneurysm thoracic aorta by anast of aorta/aorta NEC
"Disease of arteries, arterioles and capilleries",7A330,7A33000,Replace aneurysm thoracic aorta by anast of aorta/aorta NEC
"Disease of arteries, arterioles and capilleries",7A331,7A33100,Replace aneurysm thoracic aorta by anast of aorta/aorta NEC
"Disease of arteries, arterioles and capilleries",7A16y,7A16y00,Replace aneurysm thoracic aorta by anast of aorta/aorta NEC
"Disease of arteries, arterioles and capilleries",7A16z,7A16z00,Replace aneurysm thoracic aorta by anast of aorta/aorta NEC
"Disease of arteries, arterioles and capilleries",7A143,7A14300,Replace aneurysm thoracic aorta by anast of aorta/aorta NEC
"Disease of arteries, arterioles and capilleries",7A40A,7A40A00,Replace aneurysm thoracic aorta by anast of aorta/aorta NEC
"Disease of arteries, arterioles and capilleries",7A151,7A15100,Replace aneurysm thoracic aorta by anast of aorta/aorta NEC
"Disease of arteries, arterioles and capilleries",7A40z,7A40z00,Replace aneurysm thoracic aorta by anast of aorta/aorta NEC
"Disease of arteries, arterioles and capilleries",7A522,7A52200,Replace aneurysm thoracic aorta by anast of aorta/aorta NEC
"Disease of arteries, arterioles and capilleries",7A523,7A52300,Replace aneurysm thoracic aorta by anast of aorta/aorta NEC
"Disease of arteries, arterioles and capilleries",7A47z,7A47z00,Replace aneurysm thoracic aorta by anast of aorta/aorta NEC
"Disease of arteries, arterioles and capilleries",7A160,7A16000,Replace aneurysm thoracic aorta by anast of aorta/aorta NEC
"Disease of arteries, arterioles and capilleries",7A47C,7A47C00,Replace aneurysm thoracic aorta by anast of aorta/aorta NEC
"Disease of arteries, arterioles and capilleries",7A47-4,7A47.14,Replace aneurys suprarenal aorta by anast aorta to aorta NEC
"Disease of arteries, arterioles and capilleries",7A47-3,7A47.13,Replace aneurys suprarenal aorta by anast aorta to aorta NEC
"Disease of arteries, arterioles and capilleries",7A47-2,7A47.12,Replace aneurys suprarenal aorta by anast aorta to aorta NEC
"Disease of arteries, arterioles and capilleries",7A47-5,7A47.15,Replace aneurys suprarenal aorta by anast aorta to aorta NEC
"Disease of arteries, arterioles and capilleries",7A47-1,7A47.11,Replace aneurys suprarenal aorta by anast aorta to aorta NEC
"Disease of arteries, arterioles and capilleries",7A142,7A14200,Replace aneurys suprarenal aorta by anast aorta to aorta NEC
"Disease of arteries, arterioles and capilleries",7A140,7A14000,Replace aneurys suprarenal aorta by anast aorta to aorta NEC
"Disease of arteries, arterioles and capilleries",7A409,7A40900,Replace aneurys suprarenal aorta by anast aorta to aorta NEC
"Disease of arteries, arterioles and capilleries",7A40D,7A40D00,Replace aneurys suprarenal aorta by anast aorta to aorta NEC
"Disease of arteries, arterioles and capilleries",7A40B,7A40B00,Replace aneurys suprarenal aorta by anast aorta to aorta NEC
"Disease of arteries, arterioles and capilleries",7A40C,7A40C00,Replace aneurys suprarenal aorta by anast aorta to aorta NEC
"Disease of arteries, arterioles and capilleries",7A141,7A14100,Replace aneurys suprarenal aorta by anast aorta to aorta NEC
"Disease of arteries, arterioles and capilleries",7A163,7A16300,Replace aneurys suprarenal aorta by anast aorta to aorta NEC
"Disease of arteries, arterioles and capilleries",7A162,7A16200,Replace aneurys suprarenal aorta by anast aorta to aorta NEC
"Disease of arteries, arterioles and capilleries",7A161,7A16100,Replace aneurys suprarenal aorta by anast aorta to aorta NEC
"Disease of arteries, arterioles and capilleries",7A419,7A41900,Replace aneurys suprarenal aorta by anast aorta to aorta NEC
"Disease of arteries, arterioles and capilleries",7A41A,7A41A00,Replace aneurys suprarenal aorta by anast aorta to aorta NEC
"Disease of arteries, arterioles and capilleries",7A41D,7A41D00,Replace aneurys suprarenal aorta by anast aorta to aorta NEC
"Disease of arteries, arterioles and capilleries",7A41B,7A41B00,Replace aneurys suprarenal aorta by anast aorta to aorta NEC
"Disease of arteries, arterioles and capilleries",7A150,7A15000,Replace aneurys suprarenal aorta by anast aorta to aorta NEC
"Disease of arteries, arterioles and capilleries",7A414,7A41400,Replace aneurys suprarenal aorta by anast aorta to aorta NEC
"Disease of arteries, arterioles and capilleries",7A415,7A41500,Replace aneurys suprarenal aorta by anast aorta to aorta NEC
"Disease of arteries, arterioles and capilleries",7A416,7A41600,Replace aneurys suprarenal aorta by anast aorta to aorta NEC
"Disease of arteries, arterioles and capilleries",7A47D,7A47D00,Replace aneurys suprarenal aorta by anast aorta to aorta NEC
"Disease of arteries, arterioles and capilleries",^ESCTAR427147,,Replace aneurys suprarenal aorta by anast aorta to aorta NEC
"Disease of arteries, arterioles and capilleries",^ESCTCR427152,,Replace aneurys suprarenal aorta by anast aorta to aorta NEC
"Disease of arteries, arterioles and capilleries",^ESCTCR427149,,Replace aneurys suprarenal aorta by anast aorta to aorta NEC
"Disease of arteries, arterioles and capilleries",^ESCTCR427151,,Replace aneurys suprarenal aorta by anast aorta to aorta NEC
"Disease of arteries, arterioles and capilleries",^ESCTCR427148,,Replace aneurys suprarenal aorta by anast aorta to aorta NEC
"Disease of arteries, arterioles and capilleries",7A333,7A33300,Replace aneurys suprarenal aorta by anast aorta to aorta NEC
"Disease of arteries, arterioles and capilleries",7A40y,7A40y00,Replace aneurys suprarenal aorta by anast aorta to aorta NEC
"Disease of arteries, arterioles and capilleries",7A164,7A16400,Replace aneurys suprarenal aorta by anast aorta to aorta NEC
"Disease of arteries, arterioles and capilleries",^ESCTBY427150,,Replace aneurys suprarenal aorta by anast aorta to aorta NEC
"Disease of arteries, arterioles and capilleries",7A16,7A16.00,Replace aneurys suprarenal aorta by anast aorta to aorta NEC
"Disease of arteries, arterioles and capilleries",7A332,7A33200,Replace aneurys suprarenal aorta by anast aorta to aorta NEC
"Disease of arteries, arterioles and capilleries",7A41y,7A41y00,Replace aneurys suprarenal aorta by anast aorta to aorta NEC
"Disease of arteries, arterioles and capilleries",7A41z,7A41z00,Replace aneurys suprarenal aorta by anast aorta to aorta NEC
"Disease of arteries, arterioles and capilleries",7A330,7A33000,Replace aneurys suprarenal aorta by anast aorta to aorta NEC
"Disease of arteries, arterioles and capilleries",7A331,7A33100,Replace aneurys suprarenal aorta by anast aorta to aorta NEC
"Disease of arteries, arterioles and capilleries",7A16y,7A16y00,Replace aneurys suprarenal aorta by anast aorta to aorta NEC
"Disease of arteries, arterioles and capilleries",7A16z,7A16z00,Replace aneurys suprarenal aorta by anast aorta to aorta NEC
"Disease of arteries, arterioles and capilleries",7A143,7A14300,Replace aneurys suprarenal aorta by anast aorta to aorta NEC
"Disease of arteries, arterioles and capilleries",7A40A,7A40A00,Replace aneurys suprarenal aorta by anast aorta to aorta NEC
"Disease of arteries, arterioles and capilleries",7A151,7A15100,Replace aneurys suprarenal aorta by anast aorta to aorta NEC
"Disease of arteries, arterioles and capilleries",7A40z,7A40z00,Replace aneurys suprarenal aorta by anast aorta to aorta NEC
"Disease of arteries, arterioles and capilleries",7A522,7A52200,Replace aneurys suprarenal aorta by anast aorta to aorta NEC
"Disease of arteries, arterioles and capilleries",7A523,7A52300,Replace aneurys suprarenal aorta by anast aorta to aorta NEC
"Disease of arteries, arterioles and capilleries",7A47z,7A47z00,Replace aneurys suprarenal aorta by anast aorta to aorta NEC
"Disease of arteries, arterioles and capilleries",7A160,7A16000,Replace aneurys suprarenal aorta by anast aorta to aorta NEC
"Disease of arteries, arterioles and capilleries",7A47C,7A47C00,Replace aneurys suprarenal aorta by anast aorta to aorta NEC
"Disease of arteries, arterioles and capilleries",7A47-4,7A47.14,Replace aneurys infrarenal aorta by anast aorta to aorta NEC
"Disease of arteries, arterioles and capilleries",7A47-3,7A47.13,Replace aneurys infrarenal aorta by anast aorta to aorta NEC
"Disease of arteries, arterioles and capilleries",7A47-2,7A47.12,Replace aneurys infrarenal aorta by anast aorta to aorta NEC
"Disease of arteries, arterioles and capilleries",7A47-5,7A47.15,Replace aneurys infrarenal aorta by anast aorta to aorta NEC
"Disease of arteries, arterioles and capilleries",7A47-1,7A47.11,Replace aneurys infrarenal aorta by anast aorta to aorta NEC
"Disease of arteries, arterioles and capilleries",7A142,7A14200,Replace aneurys infrarenal aorta by anast aorta to aorta NEC
"Disease of arteries, arterioles and capilleries",7A140,7A14000,Replace aneurys infrarenal aorta by anast aorta to aorta NEC
"Disease of arteries, arterioles and capilleries",7A409,7A40900,Replace aneurys infrarenal aorta by anast aorta to aorta NEC
"Disease of arteries, arterioles and capilleries",7A40D,7A40D00,Replace aneurys infrarenal aorta by anast aorta to aorta NEC
"Disease of arteries, arterioles and capilleries",7A40B,7A40B00,Replace aneurys infrarenal aorta by anast aorta to aorta NEC
"Disease of arteries, arterioles and capilleries",7A40C,7A40C00,Replace aneurys infrarenal aorta by anast aorta to aorta NEC
"Disease of arteries, arterioles and capilleries",7A141,7A14100,Replace aneurys infrarenal aorta by anast aorta to aorta NEC
"Disease of arteries, arterioles and capilleries",7A163,7A16300,Replace aneurys infrarenal aorta by anast aorta to aorta NEC
"Disease of arteries, arterioles and capilleries",7A162,7A16200,Replace aneurys infrarenal aorta by anast aorta to aorta NEC
"Disease of arteries, arterioles and capilleries",7A161,7A16100,Replace aneurys infrarenal aorta by anast aorta to aorta NEC
"Disease of arteries, arterioles and capilleries",7A419,7A41900,Replace aneurys infrarenal aorta by anast aorta to aorta NEC
"Disease of arteries, arterioles and capilleries",7A41A,7A41A00,Replace aneurys infrarenal aorta by anast aorta to aorta NEC
"Disease of arteries, arterioles and capilleries",7A41D,7A41D00,Replace aneurys infrarenal aorta by anast aorta to aorta NEC
"Disease of arteries, arterioles and capilleries",7A41B,7A41B00,Replace aneurys infrarenal aorta by anast aorta to aorta NEC
"Disease of arteries, arterioles and capilleries",7A150,7A15000,Replace aneurys infrarenal aorta by anast aorta to aorta NEC
"Disease of arteries, arterioles and capilleries",7A414,7A41400,Replace aneurys infrarenal aorta by anast aorta to aorta NEC
"Disease of arteries, arterioles and capilleries",7A415,7A41500,Replace aneurys infrarenal aorta by anast aorta to aorta NEC
"Disease of arteries, arterioles and capilleries",7A416,7A41600,Replace aneurys infrarenal aorta by anast aorta to aorta NEC
"Disease of arteries, arterioles and capilleries",7A47D,7A47D00,Replace aneurys infrarenal aorta by anast aorta to aorta NEC
"Disease of arteries, arterioles and capilleries",^ESCTAR427147,,Replace aneurys infrarenal aorta by anast aorta to aorta NEC
"Disease of arteries, arterioles and capilleries",^ESCTCR427152,,Replace aneurys infrarenal aorta by anast aorta to aorta NEC
"Disease of arteries, arterioles and capilleries",^ESCTCR427149,,Replace aneurys infrarenal aorta by anast aorta to aorta NEC
"Disease of arteries, arterioles and capilleries",^ESCTCR427151,,Replace aneurys infrarenal aorta by anast aorta to aorta NEC
"Disease of arteries, arterioles and capilleries",^ESCTCR427148,,Replace aneurys infrarenal aorta by anast aorta to aorta NEC
"Disease of arteries, arterioles and capilleries",7A333,7A33300,Replace aneurys infrarenal aorta by anast aorta to aorta NEC
"Disease of arteries, arterioles and capilleries",7A40y,7A40y00,Replace aneurys infrarenal aorta by anast aorta to aorta NEC
"Disease of arteries, arterioles and capilleries",7A164,7A16400,Replace aneurys infrarenal aorta by anast aorta to aorta NEC
"Disease of arteries, arterioles and capilleries",^ESCTBY427150,,Replace aneurys infrarenal aorta by anast aorta to aorta NEC
"Disease of arteries, arterioles and capilleries",7A16,7A16.00,Replace aneurys infrarenal aorta by anast aorta to aorta NEC
"Disease of arteries, arterioles and capilleries",7A332,7A33200,Replace aneurys infrarenal aorta by anast aorta to aorta NEC
"Disease of arteries, arterioles and capilleries",7A41y,7A41y00,Replace aneurys infrarenal aorta by anast aorta to aorta NEC
"Disease of arteries, arterioles and capilleries",7A41z,7A41z00,Replace aneurys infrarenal aorta by anast aorta to aorta NEC
"Disease of arteries, arterioles and capilleries",7A330,7A33000,Replace aneurys infrarenal aorta by anast aorta to aorta NEC
"Disease of arteries, arterioles and capilleries",7A331,7A33100,Replace aneurys infrarenal aorta by anast aorta to aorta NEC
"Disease of arteries, arterioles and capilleries",7A16y,7A16y00,Replace aneurys infrarenal aorta by anast aorta to aorta NEC
"Disease of arteries, arterioles and capilleries",7A16z,7A16z00,Replace aneurys infrarenal aorta by anast aorta to aorta NEC
"Disease of arteries, arterioles and capilleries",7A143,7A14300,Replace aneurys infrarenal aorta by anast aorta to aorta NEC
"Disease of arteries, arterioles and capilleries",7A40A,7A40A00,Replace aneurys infrarenal aorta by anast aorta to aorta NEC
"Disease of arteries, arterioles and capilleries",7A151,7A15100,Replace aneurys infrarenal aorta by anast aorta to aorta NEC
"Disease of arteries, arterioles and capilleries",7A40z,7A40z00,Replace aneurys infrarenal aorta by anast aorta to aorta NEC
"Disease of arteries, arterioles and capilleries",7A522,7A52200,Replace aneurys infrarenal aorta by anast aorta to aorta NEC
"Disease of arteries, arterioles and capilleries",7A523,7A52300,Replace aneurys infrarenal aorta by anast aorta to aorta NEC
"Disease of arteries, arterioles and capilleries",7A47z,7A47z00,Replace aneurys infrarenal aorta by anast aorta to aorta NEC
"Disease of arteries, arterioles and capilleries",7A160,7A16000,Replace aneurys infrarenal aorta by anast aorta to aorta NEC
"Disease of arteries, arterioles and capilleries",7A47C,7A47C00,Replace aneurys infrarenal aorta by anast aorta to aorta NEC
"Disease of arteries, arterioles and capilleries",7A144,7A14400,Replace aneurysm abdominal aorta by anast aorta to aorta NEC
"Disease of arteries, arterioles and capilleries",7A154,7A15400,Replace aneurysm abdominal aorta by anast aorta to aorta NEC
"Disease of arteries, arterioles and capilleries",^ESCTBY735020,,Replace aneurysm abdominal aorta by anast aorta to aorta NEC
"Disease of arteries, arterioles and capilleries",7A144-1,7A14411,Tube graft of Abdominal aortic aneurysm
"Disease of arteries, arterioles and capilleries",^ESCTRE504988,,Tube graft of Abdominal aortic aneurysm
"Disease of arteries, arterioles and capilleries",^ESCTAA504989,,Tube graft of Abdominal aortic aneurysm
"Disease of arteries, arterioles and capilleries",7A14y,7A14y00,Other replacement of aneurysmal segment of aorta OS
"Disease of arteries, arterioles and capilleries",^ESCTBY738195,,Other replacement of aneurysmal segment of aorta OS
"Disease of arteries, arterioles and capilleries",7A14z,7A14z00,Other replacement of aneurysmal segment of aorta OS
"Disease of arteries, arterioles and capilleries",7A15,7A15.00,Other replacement of aneurysmal segment of aorta OS
"Disease of arteries, arterioles and capilleries",7A15y,7A15y00,Other replacement of aneurysmal segment of aorta OS
"Disease of arteries, arterioles and capilleries",7A15z,7A15z00,Other replacement of aneurysmal segment of aorta OS
"Disease of arteries, arterioles and capilleries",7A14y,7A14y00,Other replacement of aneurysmal segment of aorta NOS
"Disease of arteries, arterioles and capilleries",^ESCTBY738195,,Other replacement of aneurysmal segment of aorta NOS
"Disease of arteries, arterioles and capilleries",7A14z,7A14z00,Other replacement of aneurysmal segment of aorta NOS
"Disease of arteries, arterioles and capilleries",7A15,7A15.00,Other replacement of aneurysmal segment of aorta NOS
"Disease of arteries, arterioles and capilleries",7A15y,7A15y00,Other replacement of aneurysmal segment of aorta NOS
"Disease of arteries, arterioles and capilleries",7A15z,7A15z00,Other replacement of aneurysmal segment of aorta NOS
"Disease of arteries, arterioles and capilleries",7A144,7A14400,Emerg bypass abdominal aorta by anastom aorta to aorta NEC
"Disease of arteries, arterioles and capilleries",7A154,7A15400,Emerg bypass abdominal aorta by anastom aorta to aorta NEC
"Disease of arteries, arterioles and capilleries",^ESCTBY735020,,Emerg bypass abdominal aorta by anastom aorta to aorta NEC
"Disease of arteries, arterioles and capilleries",7A194,7A19400,Operation on aneurysm of aorta NEC
"Disease of arteries, arterioles and capilleries",7A19y,7A19y00,Operation on aneurysm of aorta NEC
"Disease of arteries, arterioles and capilleries",7A1y,7A1y.00,Operation on aneurysm of aorta NEC
"Disease of arteries, arterioles and capilleries",7A1z,7A1z.00,Operation on aneurysm of aorta NEC
"Disease of arteries, arterioles and capilleries",7A19,7A19.00,Operation on aneurysm of aorta NEC
"Disease of arteries, arterioles and capilleries",7A19z,7A19z00,Operation on aneurysm of aorta NEC
"Disease of arteries, arterioles and capilleries",7A1,7A1..00,Operation on aneurysm of aorta NEC
"Disease of arteries, arterioles and capilleries",7A1By,7A1By00,Transluminal operations on aneurysmal segment of aorta
"Disease of arteries, arterioles and capilleries",7A1A-1,7A1A.11,Transluminal operations on aneurysmal segment of aorta
"Disease of arteries, arterioles and capilleries",7A1B,7A1B.00,Transluminal operations on aneurysmal segment of aorta
"Disease of arteries, arterioles and capilleries",7A1A,7A1A.00,Transluminal operations on aneurysmal segment of aorta
"Disease of arteries, arterioles and capilleries",7A1Ay,7A1Ay00,Transluminal operations on aneurysmal segment of aorta
"Disease of arteries, arterioles and capilleries",7A1Az,7A1Az00,Transluminal operations on aneurysmal segment of aorta
"Disease of arteries, arterioles and capilleries",7A1Bz,7A1Bz00,Transluminal operations on aneurysmal segment of aorta
"Disease of arteries, arterioles and capilleries",7A1B8,7A1B800,Repair of infrarenal abdominal aortic aneurysm with insertion of endovascular stent
"Disease of arteries, arterioles and capilleries",7A1B0,7A1B000,Repair of infrarenal abdominal aortic aneurysm with insertion of endovascular stent
"Disease of arteries, arterioles and capilleries",7A1B9,7A1B900,Repair of suprarenal abdominal aortic aneurysm with insertion of endovascular stent
"Disease of arteries, arterioles and capilleries",^ESCT1270515,,Repair of suprarenal abdominal aortic aneurysm with insertion of endovascular stent
"Disease of arteries, arterioles and capilleries",7A1B1,7A1B100,Repair of suprarenal abdominal aortic aneurysm with insertion of endovascular stent
"Disease of arteries, arterioles and capilleries",7A1B2,7A1B200,Repair of thoracic aortic aneurysm with insertion of endovascular stent
"Disease of arteries, arterioles and capilleries",7A1BA,7A1BA00,Repair of thoracic aortic aneurysm with insertion of endovascular stent
"Disease of arteries, arterioles and capilleries",7A1B4,7A1B400,Abdominal aortic aneurysm stenting
"Disease of arteries, arterioles and capilleries",7A1BC,7A1BC00,Abdominal aortic aneurysm stenting
"Disease of arteries, arterioles and capilleries",7A1B6,7A1B600,Abdominal aortic aneurysm stenting
"Disease of arteries, arterioles and capilleries",7A1B8,7A1B800,Endovascular insertion of stent for infrarenal abdominal aortic aneurysm
"Disease of arteries, arterioles and capilleries",7A1B0,7A1B000,Endovascular insertion of stent for infrarenal abdominal aortic aneurysm
"Disease of arteries, arterioles and capilleries",7A1B9,7A1B900,Endovascular insertion of stent for suprarenal aortic aneurysm
"Disease of arteries, arterioles and capilleries",^ESCT1270515,,Endovascular insertion of stent for suprarenal aortic aneurysm
"Disease of arteries, arterioles and capilleries",7A1B1,7A1B100,Endovascular insertion of stent for suprarenal aortic aneurysm
"Disease of arteries, arterioles and capilleries",7A1B2,7A1B200,Endovascular insertion of stent for thoracic aortic aneurysm
"Disease of arteries, arterioles and capilleries",7A1BA,7A1BA00,Endovascular insertion of stent for thoracic aortic aneurysm
"Disease of arteries, arterioles and capilleries",7A1B4,7A1B400,Endovas insert stent for aortic aneurysm of bifurcation NEC
"Disease of arteries, arterioles and capilleries",7A1BC,7A1BC00,Endovas insert stent for aortic aneurysm of bifurcation NEC
"Disease of arteries, arterioles and capilleries",7A1B6,7A1B600,Endovas insert stent for aortic aneurysm of bifurcation NEC
"Disease of arteries, arterioles and capilleries",7A1By,7A1By00,Transluminal operations on aneurysmal segment of aorta NOS
"Disease of arteries, arterioles and capilleries",7A1A-1,7A1A.11,Transluminal operations on aneurysmal segment of aorta NOS
"Disease of arteries, arterioles and capilleries",7A1B,7A1B.00,Transluminal operations on aneurysmal segment of aorta NOS
"Disease of arteries, arterioles and capilleries",7A1A,7A1A.00,Transluminal operations on aneurysmal segment of aorta NOS
"Disease of arteries, arterioles and capilleries",7A1Ay,7A1Ay00,Transluminal operations on aneurysmal segment of aorta NOS
"Disease of arteries, arterioles and capilleries",7A1Az,7A1Az00,Transluminal operations on aneurysmal segment of aorta NOS
"Disease of arteries, arterioles and capilleries",7A1Bz,7A1Bz00,Transluminal operations on aneurysmal segment of aorta NOS
"Disease of arteries, arterioles and capilleries",7A1C,7A1C.00,Transluminal insertion of stent graft for aneurysmal segment of aorta
"Disease of arteries, arterioles and capilleries",7A1C0,7A1C000,Repair of aorto-uniiliac aneurysm with insertion of endovascular stent graft
"Disease of arteries, arterioles and capilleries",7A1C5,7A1C500,Repair of aorto-uniiliac aneurysm with insertion of endovascular stent graft
"Disease of arteries, arterioles and capilleries",7A1C1,7A1C100,Endovascular insertion of stent graft for suprarenal aortic aneurysm
"Disease of arteries, arterioles and capilleries",7A1C2,7A1C200,Repair of thoracic aortic aneurysm with insertion of endovascular stent graft
"Disease of arteries, arterioles and capilleries",7A1A6,7A1A600,OS translum ins stent graft for aneurysmal segment of aorta
"Disease of arteries, arterioles and capilleries",7A1A7,7A1A700,OS translum ins stent graft for aneurysmal segment of aorta
"Disease of arteries, arterioles and capilleries",7A1Cy,7A1Cy00,OS translum ins stent graft for aneurysmal segment of aorta
"Disease of arteries, arterioles and capilleries",7A1Cz,7A1Cz00,OS translum ins stent graft for aneurysmal segment of aorta
"Disease of arteries, arterioles and capilleries",7A1A9,7A1A900,OS translum ins stent graft for aneurysmal segment of aorta
"Disease of arteries, arterioles and capilleries",7A1AB,7A1AB00,OS translum ins stent graft for aneurysmal segment of aorta
"Disease of arteries, arterioles and capilleries",^ESCTAR505033,,OS translum ins stent graft for aneurysmal segment of aorta
"Disease of arteries, arterioles and capilleries",7A1A8,7A1A800,OS translum ins stent graft for aneurysmal segment of aorta
"Disease of arteries, arterioles and capilleries",7A1C4,7A1C400,OS translum ins stent graft for aneurysmal segment of aorta
"Disease of arteries, arterioles and capilleries",780E1,780E100,OS translum ins stent graft for aneurysmal segment of aorta
"Disease of arteries, arterioles and capilleries",7A35D,7A35D00,OS translum ins stent graft for aneurysmal segment of aorta
"Disease of arteries, arterioles and capilleries",7A1A6,7A1A600,Translum ins stent graft for aneurysmal segment of aorta NOS
"Disease of arteries, arterioles and capilleries",7A1A7,7A1A700,Translum ins stent graft for aneurysmal segment of aorta NOS
"Disease of arteries, arterioles and capilleries",7A1Cy,7A1Cy00,Translum ins stent graft for aneurysmal segment of aorta NOS
"Disease of arteries, arterioles and capilleries",7A1Cz,7A1Cz00,Translum ins stent graft for aneurysmal segment of aorta NOS
"Disease of arteries, arterioles and capilleries",7A1A9,7A1A900,Translum ins stent graft for aneurysmal segment of aorta NOS
"Disease of arteries, arterioles and capilleries",7A1AB,7A1AB00,Translum ins stent graft for aneurysmal segment of aorta NOS
"Disease of arteries, arterioles and capilleries",^ESCTAR505033,,Translum ins stent graft for aneurysmal segment of aorta NOS
"Disease of arteries, arterioles and capilleries",7A1A8,7A1A800,Translum ins stent graft for aneurysmal segment of aorta NOS
"Disease of arteries, arterioles and capilleries",7A1C4,7A1C400,Translum ins stent graft for aneurysmal segment of aorta NOS
"Disease of arteries, arterioles and capilleries",780E1,780E100,Translum ins stent graft for aneurysmal segment of aorta NOS
"Disease of arteries, arterioles and capilleries",7A35D,7A35D00,Translum ins stent graft for aneurysmal segment of aorta NOS
"Disease of arteries, arterioles and capilleries",7A33,7A33.00,Operation on aneurysm visceral branch of abdominal aorta NEC
"Disease of arteries, arterioles and capilleries",7A34K,7A34K00,Operation on aneurysm visceral branch of abdominal aorta NEC
"Disease of arteries, arterioles and capilleries",7A33z,7A33z00,Operation on aneurysm visceral branch of abdominal aorta NEC
"Disease of arteries, arterioles and capilleries",7A33y,7A33y00,Operation on aneurysm visceral branch of abdominal aorta NEC
"Disease of arteries, arterioles and capilleries",^ESCTAR653099,,Operation on aneurysm visceral branch of abdominal aorta NEC
"Disease of arteries, arterioles and capilleries",^ESCTAR653100,,Operation on aneurysm visceral branch of abdominal aorta NEC
"Disease of arteries, arterioles and capilleries",7A334,7A33400,Operation on aneurysm visceral branch of abdominal aorta NEC
"Disease of arteries, arterioles and capilleries",7A34E,7A34E00,Operation on aneurysm visceral branch of abdominal aorta NEC
"Disease of arteries, arterioles and capilleries",7A335,7A33500,Operation on aneurysm visceral branch of abdominal aorta NEC
"Disease of arteries, arterioles and capilleries",7A336,7A33600,Operation on aneurysm visceral branch of abdominal aorta NEC
"Disease of arteries, arterioles and capilleries",7A33J,7A33J00,Operation on aneurysm visceral branch of abdominal aorta NEC
"Disease of arteries, arterioles and capilleries",7A34C,7A34C00,Operation on aneurysm visceral branch of abdominal aorta NEC
"Disease of arteries, arterioles and capilleries",7A52,7A52.00,Operation on aneurysm visceral branch of abdominal aorta NEC
"Disease of arteries, arterioles and capilleries",7A52y,7A52y00,Operation on aneurysm visceral branch of abdominal aorta NEC
"Disease of arteries, arterioles and capilleries",7A52z,7A52z00,Operation on aneurysm visceral branch of abdominal aorta NEC
"Disease of arteries, arterioles and capilleries",7A337,7A33700,Operation on aneurysm visceral branch of abdominal aorta NEC
"Disease of arteries, arterioles and capilleries",7A34D,7A34D00,Operation on aneurysm visceral branch of abdominal aorta NEC
"Disease of arteries, arterioles and capilleries",7A34F,7A34F00,Operation on aneurysm visceral branch of abdominal aorta NEC
"Disease of arteries, arterioles and capilleries",G717,G717.00,Syphilitic aortic aneurysm
"Disease of arteries, arterioles and capilleries",^ESCTLA269475,,Syphilitic aortic aneurysm
"Disease of arteries, arterioles and capilleries",^ESCTSY269472,,Syphilitic aortic aneurysm
"Disease of arteries, arterioles and capilleries",A930,A930.00,Syphilitic aortic aneurysm
"Disease of arteries, arterioles and capilleries",^ESCTSY269473,,Syphilitic aortic aneurysm
"Disease of arteries, arterioles and capilleries",G716,G716.00,Aortic aneurysm
"Disease of arteries, arterioles and capilleries",G71z,G71z.00,Aortic aneurysm
"Disease of arteries, arterioles and capilleries",^ESCTAA359596,,Aortic aneurysm
"Disease of arteries, arterioles and capilleries",^ESCTAN359595,,Aortic aneurysm
"Disease of arteries, arterioles and capilleries",Gyu71,Gyu7100,Aortic aneurysm
"Disease of arteries, arterioles and capilleries",Gyu72,Gyu7200,Aortic aneurysm
"Disease of arteries, arterioles and capilleries",G71,G71..00,Aortic aneurysm
"Disease of arteries, arterioles and capilleries",Gyu78,Gyu7800,Aortic aneurysm
"Disease of arteries, arterioles and capilleries",^ESCTDI597984,,Dissecting aortic aneurysm
"Disease of arteries, arterioles and capilleries",G710,G710.00,Dissecting aortic aneurysm
"Disease of arteries, arterioles and capilleries",G711,G711.00,Thoracic aortic aneurysm which has ruptured
"Disease of arteries, arterioles and capilleries",G711-1,G711.11,Thoracic aortic aneurysm which has ruptured
"Disease of arteries, arterioles and capilleries",G711,G711.00,Ruptured thoracic aortic aneurysm
"Disease of arteries, arterioles and capilleries",G711-1,G711.11,Ruptured thoracic aortic aneurysm
"Disease of arteries, arterioles and capilleries",G712-99,G712.99,Thoracic aortic aneurysm without mention of rupture
"Disease of arteries, arterioles and capilleries",G712,G712.00,Thoracic aortic aneurysm without mention of rupture
"Disease of arteries, arterioles and capilleries",^ESCTTH371732,,Thoracic aortic aneurysm without mention of rupture
"Disease of arteries, arterioles and capilleries",^ESCTRU272712,,Abdominal aortic aneurysm which has ruptured
"Disease of arteries, arterioles and capilleries",G713-1,G713.11,Abdominal aortic aneurysm which has ruptured
"Disease of arteries, arterioles and capilleries",G713,G713.00,Abdominal aortic aneurysm which has ruptured
"Disease of arteries, arterioles and capilleries",^ESCTRU272712,,Ruptured abdominal aortic aneurysm
"Disease of arteries, arterioles and capilleries",G713-1,G713.11,Ruptured abdominal aortic aneurysm
"Disease of arteries, arterioles and capilleries",G713,G713.00,Ruptured abdominal aortic aneurysm
"Disease of arteries, arterioles and capilleries",G7130,G713000,Ruptured suprarenal aortic aneurysm
"Disease of arteries, arterioles and capilleries",^ESCTAA505844,,Abdominal aortic aneurysm
"Disease of arteries, arterioles and capilleries",G714,G714.00,Abdominal aortic aneurysm
"Disease of arteries, arterioles and capilleries",G714-1,G714.11,Abdominal aortic aneurysm
"Disease of arteries, arterioles and capilleries",^ESCTAA505844,,AAA - Abdominal aortic aneurysm without mention of rupture
"Disease of arteries, arterioles and capilleries",G714,G714.00,AAA - Abdominal aortic aneurysm without mention of rupture
"Disease of arteries, arterioles and capilleries",G714-1,G714.11,AAA - Abdominal aortic aneurysm without mention of rupture
"Disease of arteries, arterioles and capilleries",G7140,G714000,Juxtarenal aortic aneurysm
"Disease of arteries, arterioles and capilleries",G7141,G714100,Inflammatory abdominal aortic aneurysm
"Disease of arteries, arterioles and capilleries",G7142,G714200,Aneurysm of infrarenal abdominal aorta
"Disease of arteries, arterioles and capilleries",G7143,G714300,Aneurysm of suprarenal aorta
"Disease of arteries, arterioles and capilleries",^ESCTRU368854,,Ruptured aortic aneurysm
"Disease of arteries, arterioles and capilleries",G715,G715.00,Ruptured aortic aneurysm
"Disease of arteries, arterioles and capilleries",G7150,G715000,"Thoracoabdominal aortic aneurysm, ruptured"
"Disease of arteries, arterioles and capilleries",G716,G716.00,Aortic aneurysm without mention of rupture NOS
"Disease of arteries, arterioles and capilleries",G71z,G71z.00,Aortic aneurysm without mention of rupture NOS
"Disease of arteries, arterioles and capilleries",^ESCTAA359596,,Aortic aneurysm without mention of rupture NOS
"Disease of arteries, arterioles and capilleries",^ESCTAN359595,,Aortic aneurysm without mention of rupture NOS
"Disease of arteries, arterioles and capilleries",Gyu71,Gyu7100,Aortic aneurysm without mention of rupture NOS
"Disease of arteries, arterioles and capilleries",Gyu72,Gyu7200,Aortic aneurysm without mention of rupture NOS
"Disease of arteries, arterioles and capilleries",G71,G71..00,Aortic aneurysm without mention of rupture NOS
"Disease of arteries, arterioles and capilleries",Gyu78,Gyu7800,Aortic aneurysm without mention of rupture NOS
"Disease of arteries, arterioles and capilleries",G7160,G716000,Thoracoabdominal aortic aneurysm
"Disease of arteries, arterioles and capilleries",G717,G717.00,Aortic aneurysm - syphilitic
"Disease of arteries, arterioles and capilleries",^ESCTLA269475,,Aortic aneurysm - syphilitic
"Disease of arteries, arterioles and capilleries",^ESCTSY269472,,Aortic aneurysm - syphilitic
"Disease of arteries, arterioles and capilleries",A930,A930.00,Aortic aneurysm - syphilitic
"Disease of arteries, arterioles and capilleries",^ESCTSY269473,,Aortic aneurysm - syphilitic
"Disease of arteries, arterioles and capilleries",G718,G718.00,Leaking abdominal aortic aneurysm
"Disease of arteries, arterioles and capilleries",G716,G716.00,Aortic aneurysm NOS
"Disease of arteries, arterioles and capilleries",G71z,G71z.00,Aortic aneurysm NOS
"Disease of arteries, arterioles and capilleries",^ESCTAA359596,,Aortic aneurysm NOS
"Disease of arteries, arterioles and capilleries",^ESCTAN359595,,Aortic aneurysm NOS
"Disease of arteries, arterioles and capilleries",Gyu71,Gyu7100,Aortic aneurysm NOS
"Disease of arteries, arterioles and capilleries",Gyu72,Gyu7200,Aortic aneurysm NOS
"Disease of arteries, arterioles and capilleries",G71,G71..00,Aortic aneurysm NOS
"Disease of arteries, arterioles and capilleries",Gyu78,Gyu7800,Aortic aneurysm NOS
"Disease of arteries, arterioles and capilleries",G716,G716.00,"[X]Aortic aneurysm of unspecified site, ruptured"
"Disease of arteries, arterioles and capilleries",G71z,G71z.00,"[X]Aortic aneurysm of unspecified site, ruptured"
"Disease of arteries, arterioles and capilleries",^ESCTAA359596,,"[X]Aortic aneurysm of unspecified site, ruptured"
"Disease of arteries, arterioles and capilleries",^ESCTAN359595,,"[X]Aortic aneurysm of unspecified site, ruptured"
"Disease of arteries, arterioles and capilleries",Gyu71,Gyu7100,"[X]Aortic aneurysm of unspecified site, ruptured"
"Disease of arteries, arterioles and capilleries",Gyu72,Gyu7200,"[X]Aortic aneurysm of unspecified site, ruptured"
"Disease of arteries, arterioles and capilleries",G71,G71..00,"[X]Aortic aneurysm of unspecified site, ruptured"
"Disease of arteries, arterioles and capilleries",Gyu78,Gyu7800,"[X]Aortic aneurysm of unspecified site, ruptured"
"Disease of arteries, arterioles and capilleries",G716,G716.00,"[X]Aortic aneurysm of unspecified site, nonruptured"
"Disease of arteries, arterioles and capilleries",G71z,G71z.00,"[X]Aortic aneurysm of unspecified site, nonruptured"
"Disease of arteries, arterioles and capilleries",^ESCTAA359596,,"[X]Aortic aneurysm of unspecified site, nonruptured"
"Disease of arteries, arterioles and capilleries",^ESCTAN359595,,"[X]Aortic aneurysm of unspecified site, nonruptured"
"Disease of arteries, arterioles and capilleries",Gyu71,Gyu7100,"[X]Aortic aneurysm of unspecified site, nonruptured"
"Disease of arteries, arterioles and capilleries",Gyu72,Gyu7200,"[X]Aortic aneurysm of unspecified site, nonruptured"
"Disease of arteries, arterioles and capilleries",G71,G71..00,"[X]Aortic aneurysm of unspecified site, nonruptured"
"Disease of arteries, arterioles and capilleries",Gyu78,Gyu7800,"[X]Aortic aneurysm of unspecified site, nonruptured"
"Disease of arteries, arterioles and capilleries",G716,G716.00,[X]Aneurysm of aorta in diseases classified elsewhere
"Disease of arteries, arterioles and capilleries",G71z,G71z.00,[X]Aneurysm of aorta in diseases classified elsewhere
"Disease of arteries, arterioles and capilleries",^ESCTAA359596,,[X]Aneurysm of aorta in diseases classified elsewhere
"Disease of arteries, arterioles and capilleries",^ESCTAN359595,,[X]Aneurysm of aorta in diseases classified elsewhere
"Disease of arteries, arterioles and capilleries",Gyu71,Gyu7100,[X]Aneurysm of aorta in diseases classified elsewhere
"Disease of arteries, arterioles and capilleries",Gyu72,Gyu7200,[X]Aneurysm of aorta in diseases classified elsewhere
"Disease of arteries, arterioles and capilleries",G71,G71..00,[X]Aneurysm of aorta in diseases classified elsewhere
"Disease of arteries, arterioles and capilleries",Gyu78,Gyu7800,[X]Aneurysm of aorta in diseases classified elsewhere
"Disease of arteries, arterioles and capilleries",^ESCTHO829882,,H/O: arterial lower limb ulcer
"Disease of arteries, arterioles and capilleries",^ESCTHI829881,,H/O: arterial lower limb ulcer
"Disease of arteries, arterioles and capilleries",14F7,14F7.00,H/O: arterial lower limb ulcer
"Disease of arteries, arterioles and capilleries",^ESCTHI597464,,H/O: Peripheral vascular disease procedure
"Disease of arteries, arterioles and capilleries",14NB,14NB.00,H/O: Peripheral vascular disease procedure
"Disease of arteries, arterioles and capilleries",2G63,2G63.00,Ischaemic toe
"Disease of arteries, arterioles and capilleries",^ESCTIS596796,,Ischaemic toe
"Disease of arteries, arterioles and capilleries",662U,662U.00,Peripheral vascular disease monitoring
"Disease of arteries, arterioles and capilleries",7A100,7A10000,Emergency bypass of aorta by anastomosis of axillary artery to femoral artery
"Disease of arteries, arterioles and capilleries",7A104,7A10400,Bypass aorta by anastomosis axillary to femoral artery NEC
"Disease of arteries, arterioles and capilleries",7A101,7A10100,Bypass aorta by anastomosis axillary to femoral artery NEC
"Disease of arteries, arterioles and capilleries",^ESCTAX504995,,Bypass aorta by anastomosis axillary to femoral artery NEC
"Disease of arteries, arterioles and capilleries",^ESCTAX651021,,Axillofemoral bypass graft
"Disease of arteries, arterioles and capilleries",^ESCTAX651023,,Axillofemoral bypass graft
"Disease of arteries, arterioles and capilleries",^ESCTAX651024,,Axillofemoral bypass graft
"Disease of arteries, arterioles and capilleries",7A102,7A10200,Axillofemoral bypass graft
"Disease of arteries, arterioles and capilleries",^ESCTAX466639,,Axillo-unifemoral PTFE bypass graft
"Disease of arteries, arterioles and capilleries",7A103,7A10300,Axillo-unifemoral PTFE bypass graft
"Disease of arteries, arterioles and capilleries",^ESCTAB504982,,Other bypass of bifurcation of aorta
"Disease of arteries, arterioles and capilleries",^ESCTAO504984,,Other bypass of bifurcation of aorta
"Disease of arteries, arterioles and capilleries",^ESCTAB504983,,Other bypass of bifurcation of aorta
"Disease of arteries, arterioles and capilleries",7A12,7A12.00,Other bypass of bifurcation of aorta
"Disease of arteries, arterioles and capilleries",7A12y,7A12y00,Other bypass of bifurcation of aorta
"Disease of arteries, arterioles and capilleries",7A12z,7A12z00,Other bypass of bifurcation of aorta
"Disease of arteries, arterioles and capilleries",^ESCTTR504981,,Other bypass of bifurcation of aorta
"Disease of arteries, arterioles and capilleries",7A121-1,7A12111,Other bypass of bifurcation of aorta
"Disease of arteries, arterioles and capilleries",^ESCTAB504980,,Other bypass of bifurcation of aorta
"Disease of arteries, arterioles and capilleries",7A120,7A12000,Emergency bypass of bifurcation of aorta by anastomosis of aorta to femoral artery
"Disease of arteries, arterioles and capilleries",7A121,7A12100,Bypass of bifurcation of aorta by anastomosis of aorta to femoral artery
"Disease of arteries, arterioles and capilleries",^ESCTAB504982,,Aortic bifurcation bypass graft
"Disease of arteries, arterioles and capilleries",^ESCTAO504984,,Aortic bifurcation bypass graft
"Disease of arteries, arterioles and capilleries",^ESCTAB504983,,Aortic bifurcation bypass graft
"Disease of arteries, arterioles and capilleries",7A12,7A12.00,Aortic bifurcation bypass graft
"Disease of arteries, arterioles and capilleries",7A12y,7A12y00,Aortic bifurcation bypass graft
"Disease of arteries, arterioles and capilleries",7A12z,7A12z00,Aortic bifurcation bypass graft
"Disease of arteries, arterioles and capilleries",^ESCTTR504981,,Aortic bifurcation bypass graft
"Disease of arteries, arterioles and capilleries",7A121-1,7A12111,Aortic bifurcation bypass graft
"Disease of arteries, arterioles and capilleries",^ESCTAB504980,,Aortic bifurcation bypass graft
"Disease of arteries, arterioles and capilleries",7A121-2,7A12112,Dacron aortofemoral Y graft
"Disease of arteries, arterioles and capilleries",7A123-1,7A12311,Bypass of bifurcation of aorta by anastomosis of aorta to iliac artery
"Disease of arteries, arterioles and capilleries",7A123,7A12300,Bypass of bifurcation of aorta by anastomosis of aorta to iliac artery
"Disease of arteries, arterioles and capilleries",7A123-1,7A12311,Aorto biiliac graft
"Disease of arteries, arterioles and capilleries",7A123,7A12300,Aorto biiliac graft
"Disease of arteries, arterioles and capilleries",7A123-2,7A12312,Dacron aortoiliac Y graft
"Disease of arteries, arterioles and capilleries",^ESCTAB504982,,Other specified other bypass of bifurcation of aorta
"Disease of arteries, arterioles and capilleries",^ESCTAO504984,,Other specified other bypass of bifurcation of aorta
"Disease of arteries, arterioles and capilleries",^ESCTAB504983,,Other specified other bypass of bifurcation of aorta
"Disease of arteries, arterioles and capilleries",7A12,7A12.00,Other specified other bypass of bifurcation of aorta
"Disease of arteries, arterioles and capilleries",7A12y,7A12y00,Other specified other bypass of bifurcation of aorta
"Disease of arteries, arterioles and capilleries",7A12z,7A12z00,Other specified other bypass of bifurcation of aorta
"Disease of arteries, arterioles and capilleries",^ESCTTR504981,,Other specified other bypass of bifurcation of aorta
"Disease of arteries, arterioles and capilleries",7A121-1,7A12111,Other specified other bypass of bifurcation of aorta
"Disease of arteries, arterioles and capilleries",^ESCTAB504980,,Other specified other bypass of bifurcation of aorta
"Disease of arteries, arterioles and capilleries",^ESCTAB504982,,Other bypass of bifurcation of aorta NOS
"Disease of arteries, arterioles and capilleries",^ESCTAO504984,,Other bypass of bifurcation of aorta NOS
"Disease of arteries, arterioles and capilleries",^ESCTAB504983,,Other bypass of bifurcation of aorta NOS
"Disease of arteries, arterioles and capilleries",7A12,7A12.00,Other bypass of bifurcation of aorta NOS
"Disease of arteries, arterioles and capilleries",7A12y,7A12y00,Other bypass of bifurcation of aorta NOS
"Disease of arteries, arterioles and capilleries",7A12z,7A12z00,Other bypass of bifurcation of aorta NOS
"Disease of arteries, arterioles and capilleries",^ESCTTR504981,,Other bypass of bifurcation of aorta NOS
"Disease of arteries, arterioles and capilleries",7A121-1,7A12111,Other bypass of bifurcation of aorta NOS
"Disease of arteries, arterioles and capilleries",^ESCTAB504980,,Other bypass of bifurcation of aorta NOS
"Disease of arteries, arterioles and capilleries",7A192,7A19200,Open embolectomy of bifurcation of aorta
"Disease of arteries, arterioles and capilleries",7A41-1,7A41.11,Iliac artery bypass
"Disease of arteries, arterioles and capilleries",7A41,7A41.00,Iliac artery bypass
"Disease of arteries, arterioles and capilleries",7A41E,7A41E00,Iliac artery bypass
"Disease of arteries, arterioles and capilleries",7A411,7A41100,Emerg bypass iliac art by iliac/femoral art anastomosis NEC
"Disease of arteries, arterioles and capilleries",^ESCTIL332662,,Emerg bypass iliac art by iliac/femoral art anastomosis NEC
"Disease of arteries, arterioles and capilleries",7A410,7A41000,Emerg bypass iliac art by iliac/femoral art anastomosis NEC
"Disease of arteries, arterioles and capilleries",^ESCTIL332660,,Emerg bypass iliac art by iliac/femoral art anastomosis NEC
"Disease of arteries, arterioles and capilleries",^ESCTIL332664,,Emerg bypass iliac art by iliac/femoral art anastomosis NEC
"Disease of arteries, arterioles and capilleries",^ESCTIL332661,,Emerg bypass iliac art by iliac/femoral art anastomosis NEC
"Disease of arteries, arterioles and capilleries",^ESCTIL332663,,Emerg bypass iliac art by iliac/femoral art anastomosis NEC
"Disease of arteries, arterioles and capilleries",7A411,7A41100,Bypass of iliac artery by anastomosis of iliac artery to femoral artery
"Disease of arteries, arterioles and capilleries",^ESCTIL332662,,Bypass of iliac artery by anastomosis of iliac artery to femoral artery
"Disease of arteries, arterioles and capilleries",7A410,7A41000,Bypass of iliac artery by anastomosis of iliac artery to femoral artery
"Disease of arteries, arterioles and capilleries",^ESCTIL332660,,Bypass of iliac artery by anastomosis of iliac artery to femoral artery
"Disease of arteries, arterioles and capilleries",^ESCTIL332664,,Bypass of iliac artery by anastomosis of iliac artery to femoral artery
"Disease of arteries, arterioles and capilleries",^ESCTIL332661,,Bypass of iliac artery by anastomosis of iliac artery to femoral artery
"Disease of arteries, arterioles and capilleries",^ESCTIL332663,,Bypass of iliac artery by anastomosis of iliac artery to femoral artery
"Disease of arteries, arterioles and capilleries",^ESCTFE505000,,Emerg bypass iliac artery by femoral/femoral art anast NEC
"Disease of arteries, arterioles and capilleries",^ESCTFE504997,,Emerg bypass iliac artery by femoral/femoral art anast NEC
"Disease of arteries, arterioles and capilleries",^ESCTXO504998,,Emerg bypass iliac artery by femoral/femoral art anast NEC
"Disease of arteries, arterioles and capilleries",7A413,7A41300,Emerg bypass iliac artery by femoral/femoral art anast NEC
"Disease of arteries, arterioles and capilleries",^ESCTFF504999,,Emerg bypass iliac artery by femoral/femoral art anast NEC
"Disease of arteries, arterioles and capilleries",7A412,7A41200,Emerg bypass iliac artery by femoral/femoral art anast NEC
"Disease of arteries, arterioles and capilleries",7A412-1,7A41211,Emergency femoro-femoral prosthetic cross over graft
"Disease of arteries, arterioles and capilleries",^ESCTEM556887,,Emergency femoro-femoral prosthetic cross over graft
"Disease of arteries, arterioles and capilleries",^ESCTFE505000,,Bypass iliac artery by femoral/femoral art anastomosis NEC
"Disease of arteries, arterioles and capilleries",^ESCTFE504997,,Bypass iliac artery by femoral/femoral art anastomosis NEC
"Disease of arteries, arterioles and capilleries",^ESCTXO504998,,Bypass iliac artery by femoral/femoral art anastomosis NEC
"Disease of arteries, arterioles and capilleries",7A413,7A41300,Bypass iliac artery by femoral/femoral art anastomosis NEC
"Disease of arteries, arterioles and capilleries",^ESCTFF504999,,Bypass iliac artery by femoral/femoral art anastomosis NEC
"Disease of arteries, arterioles and capilleries",7A412,7A41200,Bypass iliac artery by femoral/femoral art anastomosis NEC
"Disease of arteries, arterioles and capilleries",7A48E,7A48E00,Femoro-femoral prosthetic cross over graft
"Disease of arteries, arterioles and capilleries",7A413-1,7A41311,Femoro-femoral prosthetic cross over graft
"Disease of arteries, arterioles and capilleries",7A47-4,7A47.14,Emerg bypass comm iliac art by aorta/com iliac art anast NEC
"Disease of arteries, arterioles and capilleries",7A47-3,7A47.13,Emerg bypass comm iliac art by aorta/com iliac art anast NEC
"Disease of arteries, arterioles and capilleries",7A47-2,7A47.12,Emerg bypass comm iliac art by aorta/com iliac art anast NEC
"Disease of arteries, arterioles and capilleries",7A47-5,7A47.15,Emerg bypass comm iliac art by aorta/com iliac art anast NEC
"Disease of arteries, arterioles and capilleries",7A47-1,7A47.11,Emerg bypass comm iliac art by aorta/com iliac art anast NEC
"Disease of arteries, arterioles and capilleries",7A142,7A14200,Emerg bypass comm iliac art by aorta/com iliac art anast NEC
"Disease of arteries, arterioles and capilleries",7A140,7A14000,Emerg bypass comm iliac art by aorta/com iliac art anast NEC
"Disease of arteries, arterioles and capilleries",7A409,7A40900,Emerg bypass comm iliac art by aorta/com iliac art anast NEC
"Disease of arteries, arterioles and capilleries",7A40D,7A40D00,Emerg bypass comm iliac art by aorta/com iliac art anast NEC
"Disease of arteries, arterioles and capilleries",7A40B,7A40B00,Emerg bypass comm iliac art by aorta/com iliac art anast NEC
"Disease of arteries, arterioles and capilleries",7A40C,7A40C00,Emerg bypass comm iliac art by aorta/com iliac art anast NEC
"Disease of arteries, arterioles and capilleries",7A141,7A14100,Emerg bypass comm iliac art by aorta/com iliac art anast NEC
"Disease of arteries, arterioles and capilleries",7A163,7A16300,Emerg bypass comm iliac art by aorta/com iliac art anast NEC
"Disease of arteries, arterioles and capilleries",7A162,7A16200,Emerg bypass comm iliac art by aorta/com iliac art anast NEC
"Disease of arteries, arterioles and capilleries",7A161,7A16100,Emerg bypass comm iliac art by aorta/com iliac art anast NEC
"Disease of arteries, arterioles and capilleries",7A419,7A41900,Emerg bypass comm iliac art by aorta/com iliac art anast NEC
"Disease of arteries, arterioles and capilleries",7A41A,7A41A00,Emerg bypass comm iliac art by aorta/com iliac art anast NEC
"Disease of arteries, arterioles and capilleries",7A41D,7A41D00,Emerg bypass comm iliac art by aorta/com iliac art anast NEC
"Disease of arteries, arterioles and capilleries",7A41B,7A41B00,Emerg bypass comm iliac art by aorta/com iliac art anast NEC
"Disease of arteries, arterioles and capilleries",7A150,7A15000,Emerg bypass comm iliac art by aorta/com iliac art anast NEC
"Disease of arteries, arterioles and capilleries",7A414,7A41400,Emerg bypass comm iliac art by aorta/com iliac art anast NEC
"Disease of arteries, arterioles and capilleries",7A415,7A41500,Emerg bypass comm iliac art by aorta/com iliac art anast NEC
"Disease of arteries, arterioles and capilleries",7A416,7A41600,Emerg bypass comm iliac art by aorta/com iliac art anast NEC
"Disease of arteries, arterioles and capilleries",7A47D,7A47D00,Emerg bypass comm iliac art by aorta/com iliac art anast NEC
"Disease of arteries, arterioles and capilleries",^ESCTAR427147,,Emerg bypass comm iliac art by aorta/com iliac art anast NEC
"Disease of arteries, arterioles and capilleries",^ESCTCR427152,,Emerg bypass comm iliac art by aorta/com iliac art anast NEC
"Disease of arteries, arterioles and capilleries",^ESCTCR427149,,Emerg bypass comm iliac art by aorta/com iliac art anast NEC
"Disease of arteries, arterioles and capilleries",^ESCTCR427151,,Emerg bypass comm iliac art by aorta/com iliac art anast NEC
"Disease of arteries, arterioles and capilleries",^ESCTCR427148,,Emerg bypass comm iliac art by aorta/com iliac art anast NEC
"Disease of arteries, arterioles and capilleries",7A333,7A33300,Emerg bypass comm iliac art by aorta/com iliac art anast NEC
"Disease of arteries, arterioles and capilleries",7A40y,7A40y00,Emerg bypass comm iliac art by aorta/com iliac art anast NEC
"Disease of arteries, arterioles and capilleries",7A164,7A16400,Emerg bypass comm iliac art by aorta/com iliac art anast NEC
"Disease of arteries, arterioles and capilleries",^ESCTBY427150,,Emerg bypass comm iliac art by aorta/com iliac art anast NEC
"Disease of arteries, arterioles and capilleries",7A16,7A16.00,Emerg bypass comm iliac art by aorta/com iliac art anast NEC
"Disease of arteries, arterioles and capilleries",7A332,7A33200,Emerg bypass comm iliac art by aorta/com iliac art anast NEC
"Disease of arteries, arterioles and capilleries",7A41y,7A41y00,Emerg bypass comm iliac art by aorta/com iliac art anast NEC
"Disease of arteries, arterioles and capilleries",7A41z,7A41z00,Emerg bypass comm iliac art by aorta/com iliac art anast NEC
"Disease of arteries, arterioles and capilleries",7A330,7A33000,Emerg bypass comm iliac art by aorta/com iliac art anast NEC
"Disease of arteries, arterioles and capilleries",7A331,7A33100,Emerg bypass comm iliac art by aorta/com iliac art anast NEC
"Disease of arteries, arterioles and capilleries",7A16y,7A16y00,Emerg bypass comm iliac art by aorta/com iliac art anast NEC
"Disease of arteries, arterioles and capilleries",7A16z,7A16z00,Emerg bypass comm iliac art by aorta/com iliac art anast NEC
"Disease of arteries, arterioles and capilleries",7A143,7A14300,Emerg bypass comm iliac art by aorta/com iliac art anast NEC
"Disease of arteries, arterioles and capilleries",7A40A,7A40A00,Emerg bypass comm iliac art by aorta/com iliac art anast NEC
"Disease of arteries, arterioles and capilleries",7A151,7A15100,Emerg bypass comm iliac art by aorta/com iliac art anast NEC
"Disease of arteries, arterioles and capilleries",7A40z,7A40z00,Emerg bypass comm iliac art by aorta/com iliac art anast NEC
"Disease of arteries, arterioles and capilleries",7A522,7A52200,Emerg bypass comm iliac art by aorta/com iliac art anast NEC
"Disease of arteries, arterioles and capilleries",7A523,7A52300,Emerg bypass comm iliac art by aorta/com iliac art anast NEC
"Disease of arteries, arterioles and capilleries",7A47z,7A47z00,Emerg bypass comm iliac art by aorta/com iliac art anast NEC
"Disease of arteries, arterioles and capilleries",7A160,7A16000,Emerg bypass comm iliac art by aorta/com iliac art anast NEC
"Disease of arteries, arterioles and capilleries",7A47C,7A47C00,Emerg bypass comm iliac art by aorta/com iliac art anast NEC
"Disease of arteries, arterioles and capilleries",7A47-4,7A47.14,Emerg bypass leg artery by aorta/com fem art anastomosis NEC
"Disease of arteries, arterioles and capilleries",7A47-3,7A47.13,Emerg bypass leg artery by aorta/com fem art anastomosis NEC
"Disease of arteries, arterioles and capilleries",7A47-2,7A47.12,Emerg bypass leg artery by aorta/com fem art anastomosis NEC
"Disease of arteries, arterioles and capilleries",7A47-5,7A47.15,Emerg bypass leg artery by aorta/com fem art anastomosis NEC
"Disease of arteries, arterioles and capilleries",7A47-1,7A47.11,Emerg bypass leg artery by aorta/com fem art anastomosis NEC
"Disease of arteries, arterioles and capilleries",7A142,7A14200,Emerg bypass leg artery by aorta/com fem art anastomosis NEC
"Disease of arteries, arterioles and capilleries",7A140,7A14000,Emerg bypass leg artery by aorta/com fem art anastomosis NEC
"Disease of arteries, arterioles and capilleries",7A409,7A40900,Emerg bypass leg artery by aorta/com fem art anastomosis NEC
"Disease of arteries, arterioles and capilleries",7A40D,7A40D00,Emerg bypass leg artery by aorta/com fem art anastomosis NEC
"Disease of arteries, arterioles and capilleries",7A40B,7A40B00,Emerg bypass leg artery by aorta/com fem art anastomosis NEC
"Disease of arteries, arterioles and capilleries",7A40C,7A40C00,Emerg bypass leg artery by aorta/com fem art anastomosis NEC
"Disease of arteries, arterioles and capilleries",7A141,7A14100,Emerg bypass leg artery by aorta/com fem art anastomosis NEC
"Disease of arteries, arterioles and capilleries",7A163,7A16300,Emerg bypass leg artery by aorta/com fem art anastomosis NEC
"Disease of arteries, arterioles and capilleries",7A162,7A16200,Emerg bypass leg artery by aorta/com fem art anastomosis NEC
"Disease of arteries, arterioles and capilleries",7A161,7A16100,Emerg bypass leg artery by aorta/com fem art anastomosis NEC
"Disease of arteries, arterioles and capilleries",7A419,7A41900,Emerg bypass leg artery by aorta/com fem art anastomosis NEC
"Disease of arteries, arterioles and capilleries",7A41A,7A41A00,Emerg bypass leg artery by aorta/com fem art anastomosis NEC
"Disease of arteries, arterioles and capilleries",7A41D,7A41D00,Emerg bypass leg artery by aorta/com fem art anastomosis NEC
"Disease of arteries, arterioles and capilleries",7A41B,7A41B00,Emerg bypass leg artery by aorta/com fem art anastomosis NEC
"Disease of arteries, arterioles and capilleries",7A150,7A15000,Emerg bypass leg artery by aorta/com fem art anastomosis NEC
"Disease of arteries, arterioles and capilleries",7A414,7A41400,Emerg bypass leg artery by aorta/com fem art anastomosis NEC
"Disease of arteries, arterioles and capilleries",7A415,7A41500,Emerg bypass leg artery by aorta/com fem art anastomosis NEC
"Disease of arteries, arterioles and capilleries",7A416,7A41600,Emerg bypass leg artery by aorta/com fem art anastomosis NEC
"Disease of arteries, arterioles and capilleries",7A47D,7A47D00,Emerg bypass leg artery by aorta/com fem art anastomosis NEC
"Disease of arteries, arterioles and capilleries",^ESCTAR427147,,Emerg bypass leg artery by aorta/com fem art anastomosis NEC
"Disease of arteries, arterioles and capilleries",^ESCTCR427152,,Emerg bypass leg artery by aorta/com fem art anastomosis NEC
"Disease of arteries, arterioles and capilleries",^ESCTCR427149,,Emerg bypass leg artery by aorta/com fem art anastomosis NEC
"Disease of arteries, arterioles and capilleries",^ESCTCR427151,,Emerg bypass leg artery by aorta/com fem art anastomosis NEC
"Disease of arteries, arterioles and capilleries",^ESCTCR427148,,Emerg bypass leg artery by aorta/com fem art anastomosis NEC
"Disease of arteries, arterioles and capilleries",7A333,7A33300,Emerg bypass leg artery by aorta/com fem art anastomosis NEC
"Disease of arteries, arterioles and capilleries",7A40y,7A40y00,Emerg bypass leg artery by aorta/com fem art anastomosis NEC
"Disease of arteries, arterioles and capilleries",7A164,7A16400,Emerg bypass leg artery by aorta/com fem art anastomosis NEC
"Disease of arteries, arterioles and capilleries",^ESCTBY427150,,Emerg bypass leg artery by aorta/com fem art anastomosis NEC
"Disease of arteries, arterioles and capilleries",7A16,7A16.00,Emerg bypass leg artery by aorta/com fem art anastomosis NEC
"Disease of arteries, arterioles and capilleries",7A332,7A33200,Emerg bypass leg artery by aorta/com fem art anastomosis NEC
"Disease of arteries, arterioles and capilleries",7A41y,7A41y00,Emerg bypass leg artery by aorta/com fem art anastomosis NEC
"Disease of arteries, arterioles and capilleries",7A41z,7A41z00,Emerg bypass leg artery by aorta/com fem art anastomosis NEC
"Disease of arteries, arterioles and capilleries",7A330,7A33000,Emerg bypass leg artery by aorta/com fem art anastomosis NEC
"Disease of arteries, arterioles and capilleries",7A331,7A33100,Emerg bypass leg artery by aorta/com fem art anastomosis NEC
"Disease of arteries, arterioles and capilleries",7A16y,7A16y00,Emerg bypass leg artery by aorta/com fem art anastomosis NEC
"Disease of arteries, arterioles and capilleries",7A16z,7A16z00,Emerg bypass leg artery by aorta/com fem art anastomosis NEC
"Disease of arteries, arterioles and capilleries",7A143,7A14300,Emerg bypass leg artery by aorta/com fem art anastomosis NEC
"Disease of arteries, arterioles and capilleries",7A40A,7A40A00,Emerg bypass leg artery by aorta/com fem art anastomosis NEC
"Disease of arteries, arterioles and capilleries",7A151,7A15100,Emerg bypass leg artery by aorta/com fem art anastomosis NEC
"Disease of arteries, arterioles and capilleries",7A40z,7A40z00,Emerg bypass leg artery by aorta/com fem art anastomosis NEC
"Disease of arteries, arterioles and capilleries",7A522,7A52200,Emerg bypass leg artery by aorta/com fem art anastomosis NEC
"Disease of arteries, arterioles and capilleries",7A523,7A52300,Emerg bypass leg artery by aorta/com fem art anastomosis NEC
"Disease of arteries, arterioles and capilleries",7A47z,7A47z00,Emerg bypass leg artery by aorta/com fem art anastomosis NEC
"Disease of arteries, arterioles and capilleries",7A160,7A16000,Emerg bypass leg artery by aorta/com fem art anastomosis NEC
"Disease of arteries, arterioles and capilleries",7A47C,7A47C00,Emerg bypass leg artery by aorta/com fem art anastomosis NEC
"Disease of arteries, arterioles and capilleries",7A47-4,7A47.14,Bypass common iliac artery by aorta/com iliac art anast NEC
"Disease of arteries, arterioles and capilleries",7A47-3,7A47.13,Bypass common iliac artery by aorta/com iliac art anast NEC
"Disease of arteries, arterioles and capilleries",7A47-2,7A47.12,Bypass common iliac artery by aorta/com iliac art anast NEC
"Disease of arteries, arterioles and capilleries",7A47-5,7A47.15,Bypass common iliac artery by aorta/com iliac art anast NEC
"Disease of arteries, arterioles and capilleries",7A47-1,7A47.11,Bypass common iliac artery by aorta/com iliac art anast NEC
"Disease of arteries, arterioles and capilleries",7A142,7A14200,Bypass common iliac artery by aorta/com iliac art anast NEC
"Disease of arteries, arterioles and capilleries",7A140,7A14000,Bypass common iliac artery by aorta/com iliac art anast NEC
"Disease of arteries, arterioles and capilleries",7A409,7A40900,Bypass common iliac artery by aorta/com iliac art anast NEC
"Disease of arteries, arterioles and capilleries",7A40D,7A40D00,Bypass common iliac artery by aorta/com iliac art anast NEC
"Disease of arteries, arterioles and capilleries",7A40B,7A40B00,Bypass common iliac artery by aorta/com iliac art anast NEC
"Disease of arteries, arterioles and capilleries",7A40C,7A40C00,Bypass common iliac artery by aorta/com iliac art anast NEC
"Disease of arteries, arterioles and capilleries",7A141,7A14100,Bypass common iliac artery by aorta/com iliac art anast NEC
"Disease of arteries, arterioles and capilleries",7A163,7A16300,Bypass common iliac artery by aorta/com iliac art anast NEC
"Disease of arteries, arterioles and capilleries",7A162,7A16200,Bypass common iliac artery by aorta/com iliac art anast NEC
"Disease of arteries, arterioles and capilleries",7A161,7A16100,Bypass common iliac artery by aorta/com iliac art anast NEC
"Disease of arteries, arterioles and capilleries",7A419,7A41900,Bypass common iliac artery by aorta/com iliac art anast NEC
"Disease of arteries, arterioles and capilleries",7A41A,7A41A00,Bypass common iliac artery by aorta/com iliac art anast NEC
"Disease of arteries, arterioles and capilleries",7A41D,7A41D00,Bypass common iliac artery by aorta/com iliac art anast NEC
"Disease of arteries, arterioles and capilleries",7A41B,7A41B00,Bypass common iliac artery by aorta/com iliac art anast NEC
"Disease of arteries, arterioles and capilleries",7A150,7A15000,Bypass common iliac artery by aorta/com iliac art anast NEC
"Disease of arteries, arterioles and capilleries",7A414,7A41400,Bypass common iliac artery by aorta/com iliac art anast NEC
"Disease of arteries, arterioles and capilleries",7A415,7A41500,Bypass common iliac artery by aorta/com iliac art anast NEC
"Disease of arteries, arterioles and capilleries",7A416,7A41600,Bypass common iliac artery by aorta/com iliac art anast NEC
"Disease of arteries, arterioles and capilleries",7A47D,7A47D00,Bypass common iliac artery by aorta/com iliac art anast NEC
"Disease of arteries, arterioles and capilleries",^ESCTAR427147,,Bypass common iliac artery by aorta/com iliac art anast NEC
"Disease of arteries, arterioles and capilleries",^ESCTCR427152,,Bypass common iliac artery by aorta/com iliac art anast NEC
"Disease of arteries, arterioles and capilleries",^ESCTCR427149,,Bypass common iliac artery by aorta/com iliac art anast NEC
"Disease of arteries, arterioles and capilleries",^ESCTCR427151,,Bypass common iliac artery by aorta/com iliac art anast NEC
"Disease of arteries, arterioles and capilleries",^ESCTCR427148,,Bypass common iliac artery by aorta/com iliac art anast NEC
"Disease of arteries, arterioles and capilleries",7A333,7A33300,Bypass common iliac artery by aorta/com iliac art anast NEC
"Disease of arteries, arterioles and capilleries",7A40y,7A40y00,Bypass common iliac artery by aorta/com iliac art anast NEC
"Disease of arteries, arterioles and capilleries",7A164,7A16400,Bypass common iliac artery by aorta/com iliac art anast NEC
"Disease of arteries, arterioles and capilleries",^ESCTBY427150,,Bypass common iliac artery by aorta/com iliac art anast NEC
"Disease of arteries, arterioles and capilleries",7A16,7A16.00,Bypass common iliac artery by aorta/com iliac art anast NEC
"Disease of arteries, arterioles and capilleries",7A332,7A33200,Bypass common iliac artery by aorta/com iliac art anast NEC
"Disease of arteries, arterioles and capilleries",7A41y,7A41y00,Bypass common iliac artery by aorta/com iliac art anast NEC
"Disease of arteries, arterioles and capilleries",7A41z,7A41z00,Bypass common iliac artery by aorta/com iliac art anast NEC
"Disease of arteries, arterioles and capilleries",7A330,7A33000,Bypass common iliac artery by aorta/com iliac art anast NEC
"Disease of arteries, arterioles and capilleries",7A331,7A33100,Bypass common iliac artery by aorta/com iliac art anast NEC
"Disease of arteries, arterioles and capilleries",7A16y,7A16y00,Bypass common iliac artery by aorta/com iliac art anast NEC
"Disease of arteries, arterioles and capilleries",7A16z,7A16z00,Bypass common iliac artery by aorta/com iliac art anast NEC
"Disease of arteries, arterioles and capilleries",7A143,7A14300,Bypass common iliac artery by aorta/com iliac art anast NEC
"Disease of arteries, arterioles and capilleries",7A40A,7A40A00,Bypass common iliac artery by aorta/com iliac art anast NEC
"Disease of arteries, arterioles and capilleries",7A151,7A15100,Bypass common iliac artery by aorta/com iliac art anast NEC
"Disease of arteries, arterioles and capilleries",7A40z,7A40z00,Bypass common iliac artery by aorta/com iliac art anast NEC
"Disease of arteries, arterioles and capilleries",7A522,7A52200,Bypass common iliac artery by aorta/com iliac art anast NEC
"Disease of arteries, arterioles and capilleries",7A523,7A52300,Bypass common iliac artery by aorta/com iliac art anast NEC
"Disease of arteries, arterioles and capilleries",7A47z,7A47z00,Bypass common iliac artery by aorta/com iliac art anast NEC
"Disease of arteries, arterioles and capilleries",7A160,7A16000,Bypass common iliac artery by aorta/com iliac art anast NEC
"Disease of arteries, arterioles and capilleries",7A47C,7A47C00,Bypass common iliac artery by aorta/com iliac art anast NEC
"Disease of arteries, arterioles and capilleries",7A47-4,7A47.14,Bypass leg artery by aorta/com femoral art anastomosis NEC
"Disease of arteries, arterioles and capilleries",7A47-3,7A47.13,Bypass leg artery by aorta/com femoral art anastomosis NEC
"Disease of arteries, arterioles and capilleries",7A47-2,7A47.12,Bypass leg artery by aorta/com femoral art anastomosis NEC
"Disease of arteries, arterioles and capilleries",7A47-5,7A47.15,Bypass leg artery by aorta/com femoral art anastomosis NEC
"Disease of arteries, arterioles and capilleries",7A47-1,7A47.11,Bypass leg artery by aorta/com femoral art anastomosis NEC
"Disease of arteries, arterioles and capilleries",7A142,7A14200,Bypass leg artery by aorta/com femoral art anastomosis NEC
"Disease of arteries, arterioles and capilleries",7A140,7A14000,Bypass leg artery by aorta/com femoral art anastomosis NEC
"Disease of arteries, arterioles and capilleries",7A409,7A40900,Bypass leg artery by aorta/com femoral art anastomosis NEC
"Disease of arteries, arterioles and capilleries",7A40D,7A40D00,Bypass leg artery by aorta/com femoral art anastomosis NEC
"Disease of arteries, arterioles and capilleries",7A40B,7A40B00,Bypass leg artery by aorta/com femoral art anastomosis NEC
"Disease of arteries, arterioles and capilleries",7A40C,7A40C00,Bypass leg artery by aorta/com femoral art anastomosis NEC
"Disease of arteries, arterioles and capilleries",7A141,7A14100,Bypass leg artery by aorta/com femoral art anastomosis NEC
"Disease of arteries, arterioles and capilleries",7A163,7A16300,Bypass leg artery by aorta/com femoral art anastomosis NEC
"Disease of arteries, arterioles and capilleries",7A162,7A16200,Bypass leg artery by aorta/com femoral art anastomosis NEC
"Disease of arteries, arterioles and capilleries",7A161,7A16100,Bypass leg artery by aorta/com femoral art anastomosis NEC
"Disease of arteries, arterioles and capilleries",7A419,7A41900,Bypass leg artery by aorta/com femoral art anastomosis NEC
"Disease of arteries, arterioles and capilleries",7A41A,7A41A00,Bypass leg artery by aorta/com femoral art anastomosis NEC
"Disease of arteries, arterioles and capilleries",7A41D,7A41D00,Bypass leg artery by aorta/com femoral art anastomosis NEC
"Disease of arteries, arterioles and capilleries",7A41B,7A41B00,Bypass leg artery by aorta/com femoral art anastomosis NEC
"Disease of arteries, arterioles and capilleries",7A150,7A15000,Bypass leg artery by aorta/com femoral art anastomosis NEC
"Disease of arteries, arterioles and capilleries",7A414,7A41400,Bypass leg artery by aorta/com femoral art anastomosis NEC
"Disease of arteries, arterioles and capilleries",7A415,7A41500,Bypass leg artery by aorta/com femoral art anastomosis NEC
"Disease of arteries, arterioles and capilleries",7A416,7A41600,Bypass leg artery by aorta/com femoral art anastomosis NEC
"Disease of arteries, arterioles and capilleries",7A47D,7A47D00,Bypass leg artery by aorta/com femoral art anastomosis NEC
"Disease of arteries, arterioles and capilleries",^ESCTAR427147,,Bypass leg artery by aorta/com femoral art anastomosis NEC
"Disease of arteries, arterioles and capilleries",^ESCTCR427152,,Bypass leg artery by aorta/com femoral art anastomosis NEC
"Disease of arteries, arterioles and capilleries",^ESCTCR427149,,Bypass leg artery by aorta/com femoral art anastomosis NEC
"Disease of arteries, arterioles and capilleries",^ESCTCR427151,,Bypass leg artery by aorta/com femoral art anastomosis NEC
"Disease of arteries, arterioles and capilleries",^ESCTCR427148,,Bypass leg artery by aorta/com femoral art anastomosis NEC
"Disease of arteries, arterioles and capilleries",7A333,7A33300,Bypass leg artery by aorta/com femoral art anastomosis NEC
"Disease of arteries, arterioles and capilleries",7A40y,7A40y00,Bypass leg artery by aorta/com femoral art anastomosis NEC
"Disease of arteries, arterioles and capilleries",7A164,7A16400,Bypass leg artery by aorta/com femoral art anastomosis NEC
"Disease of arteries, arterioles and capilleries",^ESCTBY427150,,Bypass leg artery by aorta/com femoral art anastomosis NEC
"Disease of arteries, arterioles and capilleries",7A16,7A16.00,Bypass leg artery by aorta/com femoral art anastomosis NEC
"Disease of arteries, arterioles and capilleries",7A332,7A33200,Bypass leg artery by aorta/com femoral art anastomosis NEC
"Disease of arteries, arterioles and capilleries",7A41y,7A41y00,Bypass leg artery by aorta/com femoral art anastomosis NEC
"Disease of arteries, arterioles and capilleries",7A41z,7A41z00,Bypass leg artery by aorta/com femoral art anastomosis NEC
"Disease of arteries, arterioles and capilleries",7A330,7A33000,Bypass leg artery by aorta/com femoral art anastomosis NEC
"Disease of arteries, arterioles and capilleries",7A331,7A33100,Bypass leg artery by aorta/com femoral art anastomosis NEC
"Disease of arteries, arterioles and capilleries",7A16y,7A16y00,Bypass leg artery by aorta/com femoral art anastomosis NEC
"Disease of arteries, arterioles and capilleries",7A16z,7A16z00,Bypass leg artery by aorta/com femoral art anastomosis NEC
"Disease of arteries, arterioles and capilleries",7A143,7A14300,Bypass leg artery by aorta/com femoral art anastomosis NEC
"Disease of arteries, arterioles and capilleries",7A40A,7A40A00,Bypass leg artery by aorta/com femoral art anastomosis NEC
"Disease of arteries, arterioles and capilleries",7A151,7A15100,Bypass leg artery by aorta/com femoral art anastomosis NEC
"Disease of arteries, arterioles and capilleries",7A40z,7A40z00,Bypass leg artery by aorta/com femoral art anastomosis NEC
"Disease of arteries, arterioles and capilleries",7A522,7A52200,Bypass leg artery by aorta/com femoral art anastomosis NEC
"Disease of arteries, arterioles and capilleries",7A523,7A52300,Bypass leg artery by aorta/com femoral art anastomosis NEC
"Disease of arteries, arterioles and capilleries",7A47z,7A47z00,Bypass leg artery by aorta/com femoral art anastomosis NEC
"Disease of arteries, arterioles and capilleries",7A160,7A16000,Bypass leg artery by aorta/com femoral art anastomosis NEC
"Disease of arteries, arterioles and capilleries",7A47C,7A47C00,Bypass leg artery by aorta/com femoral art anastomosis NEC
"Disease of arteries, arterioles and capilleries",7A41C,7A41C00,Bypass leg artery by aorta/deep femoral art anastomosis NEC
"Disease of arteries, arterioles and capilleries",7A417,7A41700,Bypass leg artery by aorta/deep femoral art anastomosis NEC
"Disease of arteries, arterioles and capilleries",^ESCTAO671450,,Bypass leg artery by aorta/deep femoral art anastomosis NEC
"Disease of arteries, arterioles and capilleries",7A41F,7A41F00,Ilio-femoral prosthetic cross over graft
"Disease of arteries, arterioles and capilleries",^ESCTIL466777,,Ilio-femoral prosthetic cross over graft
"Disease of arteries, arterioles and capilleries",7A47-4,7A47.14,Other specified other bypass of iliac artery
"Disease of arteries, arterioles and capilleries",7A47-3,7A47.13,Other specified other bypass of iliac artery
"Disease of arteries, arterioles and capilleries",7A47-2,7A47.12,Other specified other bypass of iliac artery
"Disease of arteries, arterioles and capilleries",7A47-5,7A47.15,Other specified other bypass of iliac artery
"Disease of arteries, arterioles and capilleries",7A47-1,7A47.11,Other specified other bypass of iliac artery
"Disease of arteries, arterioles and capilleries",7A142,7A14200,Other specified other bypass of iliac artery
"Disease of arteries, arterioles and capilleries",7A140,7A14000,Other specified other bypass of iliac artery
"Disease of arteries, arterioles and capilleries",7A409,7A40900,Other specified other bypass of iliac artery
"Disease of arteries, arterioles and capilleries",7A40D,7A40D00,Other specified other bypass of iliac artery
"Disease of arteries, arterioles and capilleries",7A40B,7A40B00,Other specified other bypass of iliac artery
"Disease of arteries, arterioles and capilleries",7A40C,7A40C00,Other specified other bypass of iliac artery
"Disease of arteries, arterioles and capilleries",7A141,7A14100,Other specified other bypass of iliac artery
"Disease of arteries, arterioles and capilleries",7A163,7A16300,Other specified other bypass of iliac artery
"Disease of arteries, arterioles and capilleries",7A162,7A16200,Other specified other bypass of iliac artery
"Disease of arteries, arterioles and capilleries",7A161,7A16100,Other specified other bypass of iliac artery
"Disease of arteries, arterioles and capilleries",7A419,7A41900,Other specified other bypass of iliac artery
"Disease of arteries, arterioles and capilleries",7A41A,7A41A00,Other specified other bypass of iliac artery
"Disease of arteries, arterioles and capilleries",7A41D,7A41D00,Other specified other bypass of iliac artery
"Disease of arteries, arterioles and capilleries",7A41B,7A41B00,Other specified other bypass of iliac artery
"Disease of arteries, arterioles and capilleries",7A150,7A15000,Other specified other bypass of iliac artery
"Disease of arteries, arterioles and capilleries",7A414,7A41400,Other specified other bypass of iliac artery
"Disease of arteries, arterioles and capilleries",7A415,7A41500,Other specified other bypass of iliac artery
"Disease of arteries, arterioles and capilleries",7A416,7A41600,Other specified other bypass of iliac artery
"Disease of arteries, arterioles and capilleries",7A47D,7A47D00,Other specified other bypass of iliac artery
"Disease of arteries, arterioles and capilleries",^ESCTAR427147,,Other specified other bypass of iliac artery
"Disease of arteries, arterioles and capilleries",^ESCTCR427152,,Other specified other bypass of iliac artery
"Disease of arteries, arterioles and capilleries",^ESCTCR427149,,Other specified other bypass of iliac artery
"Disease of arteries, arterioles and capilleries",^ESCTCR427151,,Other specified other bypass of iliac artery
"Disease of arteries, arterioles and capilleries",^ESCTCR427148,,Other specified other bypass of iliac artery
"Disease of arteries, arterioles and capilleries",7A333,7A33300,Other specified other bypass of iliac artery
"Disease of arteries, arterioles and capilleries",7A40y,7A40y00,Other specified other bypass of iliac artery
"Disease of arteries, arterioles and capilleries",7A164,7A16400,Other specified other bypass of iliac artery
"Disease of arteries, arterioles and capilleries",^ESCTBY427150,,Other specified other bypass of iliac artery
"Disease of arteries, arterioles and capilleries",7A16,7A16.00,Other specified other bypass of iliac artery
"Disease of arteries, arterioles and capilleries",7A332,7A33200,Other specified other bypass of iliac artery
"Disease of arteries, arterioles and capilleries",7A41y,7A41y00,Other specified other bypass of iliac artery
"Disease of arteries, arterioles and capilleries",7A41z,7A41z00,Other specified other bypass of iliac artery
"Disease of arteries, arterioles and capilleries",7A330,7A33000,Other specified other bypass of iliac artery
"Disease of arteries, arterioles and capilleries",7A331,7A33100,Other specified other bypass of iliac artery
"Disease of arteries, arterioles and capilleries",7A16y,7A16y00,Other specified other bypass of iliac artery
"Disease of arteries, arterioles and capilleries",7A16z,7A16z00,Other specified other bypass of iliac artery
"Disease of arteries, arterioles and capilleries",7A143,7A14300,Other specified other bypass of iliac artery
"Disease of arteries, arterioles and capilleries",7A40A,7A40A00,Other specified other bypass of iliac artery
"Disease of arteries, arterioles and capilleries",7A151,7A15100,Other specified other bypass of iliac artery
"Disease of arteries, arterioles and capilleries",7A40z,7A40z00,Other specified other bypass of iliac artery
"Disease of arteries, arterioles and capilleries",7A522,7A52200,Other specified other bypass of iliac artery
"Disease of arteries, arterioles and capilleries",7A523,7A52300,Other specified other bypass of iliac artery
"Disease of arteries, arterioles and capilleries",7A47z,7A47z00,Other specified other bypass of iliac artery
"Disease of arteries, arterioles and capilleries",7A160,7A16000,Other specified other bypass of iliac artery
"Disease of arteries, arterioles and capilleries",7A47C,7A47C00,Other specified other bypass of iliac artery
"Disease of arteries, arterioles and capilleries",7A47-4,7A47.14,Other bypass of iliac artery NOS
"Disease of arteries, arterioles and capilleries",7A47-3,7A47.13,Other bypass of iliac artery NOS
"Disease of arteries, arterioles and capilleries",7A47-2,7A47.12,Other bypass of iliac artery NOS
"Disease of arteries, arterioles and capilleries",7A47-5,7A47.15,Other bypass of iliac artery NOS
"Disease of arteries, arterioles and capilleries",7A47-1,7A47.11,Other bypass of iliac artery NOS
"Disease of arteries, arterioles and capilleries",7A142,7A14200,Other bypass of iliac artery NOS
"Disease of arteries, arterioles and capilleries",7A140,7A14000,Other bypass of iliac artery NOS
"Disease of arteries, arterioles and capilleries",7A409,7A40900,Other bypass of iliac artery NOS
"Disease of arteries, arterioles and capilleries",7A40D,7A40D00,Other bypass of iliac artery NOS
"Disease of arteries, arterioles and capilleries",7A40B,7A40B00,Other bypass of iliac artery NOS
"Disease of arteries, arterioles and capilleries",7A40C,7A40C00,Other bypass of iliac artery NOS
"Disease of arteries, arterioles and capilleries",7A141,7A14100,Other bypass of iliac artery NOS
"Disease of arteries, arterioles and capilleries",7A163,7A16300,Other bypass of iliac artery NOS
"Disease of arteries, arterioles and capilleries",7A162,7A16200,Other bypass of iliac artery NOS
"Disease of arteries, arterioles and capilleries",7A161,7A16100,Other bypass of iliac artery NOS
"Disease of arteries, arterioles and capilleries",7A419,7A41900,Other bypass of iliac artery NOS
"Disease of arteries, arterioles and capilleries",7A41A,7A41A00,Other bypass of iliac artery NOS
"Disease of arteries, arterioles and capilleries",7A41D,7A41D00,Other bypass of iliac artery NOS
"Disease of arteries, arterioles and capilleries",7A41B,7A41B00,Other bypass of iliac artery NOS
"Disease of arteries, arterioles and capilleries",7A150,7A15000,Other bypass of iliac artery NOS
"Disease of arteries, arterioles and capilleries",7A414,7A41400,Other bypass of iliac artery NOS
"Disease of arteries, arterioles and capilleries",7A415,7A41500,Other bypass of iliac artery NOS
"Disease of arteries, arterioles and capilleries",7A416,7A41600,Other bypass of iliac artery NOS
"Disease of arteries, arterioles and capilleries",7A47D,7A47D00,Other bypass of iliac artery NOS
"Disease of arteries, arterioles and capilleries",^ESCTAR427147,,Other bypass of iliac artery NOS
"Disease of arteries, arterioles and capilleries",^ESCTCR427152,,Other bypass of iliac artery NOS
"Disease of arteries, arterioles and capilleries",^ESCTCR427149,,Other bypass of iliac artery NOS
"Disease of arteries, arterioles and capilleries",^ESCTCR427151,,Other bypass of iliac artery NOS
"Disease of arteries, arterioles and capilleries",^ESCTCR427148,,Other bypass of iliac artery NOS
"Disease of arteries, arterioles and capilleries",7A333,7A33300,Other bypass of iliac artery NOS
"Disease of arteries, arterioles and capilleries",7A40y,7A40y00,Other bypass of iliac artery NOS
"Disease of arteries, arterioles and capilleries",7A164,7A16400,Other bypass of iliac artery NOS
"Disease of arteries, arterioles and capilleries",^ESCTBY427150,,Other bypass of iliac artery NOS
"Disease of arteries, arterioles and capilleries",7A16,7A16.00,Other bypass of iliac artery NOS
"Disease of arteries, arterioles and capilleries",7A332,7A33200,Other bypass of iliac artery NOS
"Disease of arteries, arterioles and capilleries",7A41y,7A41y00,Other bypass of iliac artery NOS
"Disease of arteries, arterioles and capilleries",7A41z,7A41z00,Other bypass of iliac artery NOS
"Disease of arteries, arterioles and capilleries",7A330,7A33000,Other bypass of iliac artery NOS
"Disease of arteries, arterioles and capilleries",7A331,7A33100,Other bypass of iliac artery NOS
"Disease of arteries, arterioles and capilleries",7A16y,7A16y00,Other bypass of iliac artery NOS
"Disease of arteries, arterioles and capilleries",7A16z,7A16z00,Other bypass of iliac artery NOS
"Disease of arteries, arterioles and capilleries",7A143,7A14300,Other bypass of iliac artery NOS
"Disease of arteries, arterioles and capilleries",7A40A,7A40A00,Other bypass of iliac artery NOS
"Disease of arteries, arterioles and capilleries",7A151,7A15100,Other bypass of iliac artery NOS
"Disease of arteries, arterioles and capilleries",7A40z,7A40z00,Other bypass of iliac artery NOS
"Disease of arteries, arterioles and capilleries",7A522,7A52200,Other bypass of iliac artery NOS
"Disease of arteries, arterioles and capilleries",7A523,7A52300,Other bypass of iliac artery NOS
"Disease of arteries, arterioles and capilleries",7A47z,7A47z00,Other bypass of iliac artery NOS
"Disease of arteries, arterioles and capilleries",7A160,7A16000,Other bypass of iliac artery NOS
"Disease of arteries, arterioles and capilleries",7A47C,7A47C00,Other bypass of iliac artery NOS
"Disease of arteries, arterioles and capilleries",7A42,7A42.00,Reconstruction of iliac artery
"Disease of arteries, arterioles and capilleries",7A42y,7A42y00,Reconstruction of iliac artery
"Disease of arteries, arterioles and capilleries",7A432,7A43200,Reconstruction of iliac artery
"Disease of arteries, arterioles and capilleries",7A42z,7A42z00,Reconstruction of iliac artery
"Disease of arteries, arterioles and capilleries",7A42-1,7A42.11,Reconstruction of common iliac artery
"Disease of arteries, arterioles and capilleries",7A420,7A42000,Endarterectomy of iliac artery and patch repair of iliac artery
"Disease of arteries, arterioles and capilleries",7A420-2,7A42012,Endarterectomy of iliac artery and patch repair of iliac artery
"Disease of arteries, arterioles and capilleries",7A420-1,7A42011,Endarterectomy and patch repair of common iliac artery
"Disease of arteries, arterioles and capilleries",7A420,7A42000,Iliac endarterectomy and patch
"Disease of arteries, arterioles and capilleries",7A420-2,7A42012,Iliac endarterectomy and patch
"Disease of arteries, arterioles and capilleries",7A421,7A42100,Endarterectomy of iliac artery
"Disease of arteries, arterioles and capilleries",7A421-1,7A42111,Endarterectomy of common iliac artery
"Disease of arteries, arterioles and capilleries",^ESCTEN504887,,Endarterectomy of common iliac artery
"Disease of arteries, arterioles and capilleries",7A42,7A42.00,Other specified reconstruction of iliac artery
"Disease of arteries, arterioles and capilleries",7A42y,7A42y00,Other specified reconstruction of iliac artery
"Disease of arteries, arterioles and capilleries",7A432,7A43200,Other specified reconstruction of iliac artery
"Disease of arteries, arterioles and capilleries",7A42z,7A42z00,Other specified reconstruction of iliac artery
"Disease of arteries, arterioles and capilleries",7A42,7A42.00,Reconstruction of iliac artery NOS
"Disease of arteries, arterioles and capilleries",7A42y,7A42y00,Reconstruction of iliac artery NOS
"Disease of arteries, arterioles and capilleries",7A432,7A43200,Reconstruction of iliac artery NOS
"Disease of arteries, arterioles and capilleries",7A42z,7A42z00,Reconstruction of iliac artery NOS
"Disease of arteries, arterioles and capilleries",7A43y,7A43y00,Other open operations on iliac artery
"Disease of arteries, arterioles and capilleries",7A43z,7A43z00,Other open operations on iliac artery
"Disease of arteries, arterioles and capilleries",7A4y,7A4y.00,Other open operations on iliac artery
"Disease of arteries, arterioles and capilleries",7A43-1,7A43.11,Other open operations on iliac artery
"Disease of arteries, arterioles and capilleries",7A43,7A43.00,Other open operations on iliac artery
"Disease of arteries, arterioles and capilleries",7A4z,7A4z.00,Other open operations on iliac artery
"Disease of arteries, arterioles and capilleries",7A4-1,7A4..11,Other open operations on iliac artery
"Disease of arteries, arterioles and capilleries",7A4,7A4..00,Other open operations on iliac artery
"Disease of arteries, arterioles and capilleries",7A43y,7A43y00,Other open operations on common iliac artery
"Disease of arteries, arterioles and capilleries",7A43z,7A43z00,Other open operations on common iliac artery
"Disease of arteries, arterioles and capilleries",7A4y,7A4y.00,Other open operations on common iliac artery
"Disease of arteries, arterioles and capilleries",7A43-1,7A43.11,Other open operations on common iliac artery
"Disease of arteries, arterioles and capilleries",7A43,7A43.00,Other open operations on common iliac artery
"Disease of arteries, arterioles and capilleries",7A4z,7A4z.00,Other open operations on common iliac artery
"Disease of arteries, arterioles and capilleries",7A4-1,7A4..11,Other open operations on common iliac artery
"Disease of arteries, arterioles and capilleries",7A4,7A4..00,Other open operations on common iliac artery
"Disease of arteries, arterioles and capilleries",7A430,7A43000,Repair of iliac artery
"Disease of arteries, arterioles and capilleries",7A430-1,7A43011,Repair of common iliac artery
"Disease of arteries, arterioles and capilleries",7A431,7A43100,Open embolectomy of iliac artery
"Disease of arteries, arterioles and capilleries",7A431-1,7A43111,Open embolectomy of common iliac artery
"Disease of arteries, arterioles and capilleries",7A433,7A43300,Open insertion of iliac artery stent
"Disease of arteries, arterioles and capilleries",7A440,7A44000,Percutaneous transluminal angioplasty of iliac artery
"Disease of arteries, arterioles and capilleries",7A441,7A44100,Percutaneous transluminal embolectomy of iliac artery
"Disease of arteries, arterioles and capilleries",7A443,7A44300,Insertion of iliac artery stent
"Disease of arteries, arterioles and capilleries",7A444,7A44400,Percutaneous transluminal insertion of iliac artery stent
"Disease of arteries, arterioles and capilleries",7A44,7A44.00,Other specified transluminal operation on iliac artery
"Disease of arteries, arterioles and capilleries",7A44y,7A44y00,Other specified transluminal operation on iliac artery
"Disease of arteries, arterioles and capilleries",7A44z,7A44z00,Other specified transluminal operation on iliac artery
"Disease of arteries, arterioles and capilleries",7A44,7A44.00,Transluminal operation on iliac artery NOS
"Disease of arteries, arterioles and capilleries",7A44y,7A44y00,Transluminal operation on iliac artery NOS
"Disease of arteries, arterioles and capilleries",7A44z,7A44z00,Transluminal operation on iliac artery NOS
"Disease of arteries, arterioles and capilleries",7A48-1,7A48.11,Other emergency bypass of femoral artery or popliteal artery
"Disease of arteries, arterioles and capilleries",7A47,7A47.00,Other emergency bypass of femoral artery or popliteal artery
"Disease of arteries, arterioles and capilleries",^ESCTRE671490,,Other emergency bypass of femoral artery or popliteal artery
"Disease of arteries, arterioles and capilleries",^ESCTRE671489,,Other emergency bypass of femoral artery or popliteal artery
"Disease of arteries, arterioles and capilleries",7A46z,7A46z00,Other emergency bypass of femoral artery or popliteal artery
"Disease of arteries, arterioles and capilleries",7A46y,7A46y00,Other emergency bypass of femoral artery or popliteal artery
"Disease of arteries, arterioles and capilleries",7A47y,7A47y00,Other emergency bypass of femoral artery or popliteal artery
"Disease of arteries, arterioles and capilleries",7A47-4,7A47.14,Other emerg bypass femoral or popliteal art by anastomosis
"Disease of arteries, arterioles and capilleries",7A47-3,7A47.13,Other emerg bypass femoral or popliteal art by anastomosis
"Disease of arteries, arterioles and capilleries",7A47-2,7A47.12,Other emerg bypass femoral or popliteal art by anastomosis
"Disease of arteries, arterioles and capilleries",7A47-5,7A47.15,Other emerg bypass femoral or popliteal art by anastomosis
"Disease of arteries, arterioles and capilleries",7A47-1,7A47.11,Other emerg bypass femoral or popliteal art by anastomosis
"Disease of arteries, arterioles and capilleries",7A142,7A14200,Other emerg bypass femoral or popliteal art by anastomosis
"Disease of arteries, arterioles and capilleries",7A140,7A14000,Other emerg bypass femoral or popliteal art by anastomosis
"Disease of arteries, arterioles and capilleries",7A409,7A40900,Other emerg bypass femoral or popliteal art by anastomosis
"Disease of arteries, arterioles and capilleries",7A40D,7A40D00,Other emerg bypass femoral or popliteal art by anastomosis
"Disease of arteries, arterioles and capilleries",7A40B,7A40B00,Other emerg bypass femoral or popliteal art by anastomosis
"Disease of arteries, arterioles and capilleries",7A40C,7A40C00,Other emerg bypass femoral or popliteal art by anastomosis
"Disease of arteries, arterioles and capilleries",7A141,7A14100,Other emerg bypass femoral or popliteal art by anastomosis
"Disease of arteries, arterioles and capilleries",7A163,7A16300,Other emerg bypass femoral or popliteal art by anastomosis
"Disease of arteries, arterioles and capilleries",7A162,7A16200,Other emerg bypass femoral or popliteal art by anastomosis
"Disease of arteries, arterioles and capilleries",7A161,7A16100,Other emerg bypass femoral or popliteal art by anastomosis
"Disease of arteries, arterioles and capilleries",7A419,7A41900,Other emerg bypass femoral or popliteal art by anastomosis
"Disease of arteries, arterioles and capilleries",7A41A,7A41A00,Other emerg bypass femoral or popliteal art by anastomosis
"Disease of arteries, arterioles and capilleries",7A41D,7A41D00,Other emerg bypass femoral or popliteal art by anastomosis
"Disease of arteries, arterioles and capilleries",7A41B,7A41B00,Other emerg bypass femoral or popliteal art by anastomosis
"Disease of arteries, arterioles and capilleries",7A150,7A15000,Other emerg bypass femoral or popliteal art by anastomosis
"Disease of arteries, arterioles and capilleries",7A414,7A41400,Other emerg bypass femoral or popliteal art by anastomosis
"Disease of arteries, arterioles and capilleries",7A415,7A41500,Other emerg bypass femoral or popliteal art by anastomosis
"Disease of arteries, arterioles and capilleries",7A416,7A41600,Other emerg bypass femoral or popliteal art by anastomosis
"Disease of arteries, arterioles and capilleries",7A47D,7A47D00,Other emerg bypass femoral or popliteal art by anastomosis
"Disease of arteries, arterioles and capilleries",^ESCTAR427147,,Other emerg bypass femoral or popliteal art by anastomosis
"Disease of arteries, arterioles and capilleries",^ESCTCR427152,,Other emerg bypass femoral or popliteal art by anastomosis
"Disease of arteries, arterioles and capilleries",^ESCTCR427149,,Other emerg bypass femoral or popliteal art by anastomosis
"Disease of arteries, arterioles and capilleries",^ESCTCR427151,,Other emerg bypass femoral or popliteal art by anastomosis
"Disease of arteries, arterioles and capilleries",^ESCTCR427148,,Other emerg bypass femoral or popliteal art by anastomosis
"Disease of arteries, arterioles and capilleries",7A333,7A33300,Other emerg bypass femoral or popliteal art by anastomosis
"Disease of arteries, arterioles and capilleries",7A40y,7A40y00,Other emerg bypass femoral or popliteal art by anastomosis
"Disease of arteries, arterioles and capilleries",7A164,7A16400,Other emerg bypass femoral or popliteal art by anastomosis
"Disease of arteries, arterioles and capilleries",^ESCTBY427150,,Other emerg bypass femoral or popliteal art by anastomosis
"Disease of arteries, arterioles and capilleries",7A16,7A16.00,Other emerg bypass femoral or popliteal art by anastomosis
"Disease of arteries, arterioles and capilleries",7A332,7A33200,Other emerg bypass femoral or popliteal art by anastomosis
"Disease of arteries, arterioles and capilleries",7A41y,7A41y00,Other emerg bypass femoral or popliteal art by anastomosis
"Disease of arteries, arterioles and capilleries",7A41z,7A41z00,Other emerg bypass femoral or popliteal art by anastomosis
"Disease of arteries, arterioles and capilleries",7A330,7A33000,Other emerg bypass femoral or popliteal art by anastomosis
"Disease of arteries, arterioles and capilleries",7A331,7A33100,Other emerg bypass femoral or popliteal art by anastomosis
"Disease of arteries, arterioles and capilleries",7A16y,7A16y00,Other emerg bypass femoral or popliteal art by anastomosis
"Disease of arteries, arterioles and capilleries",7A16z,7A16z00,Other emerg bypass femoral or popliteal art by anastomosis
"Disease of arteries, arterioles and capilleries",7A143,7A14300,Other emerg bypass femoral or popliteal art by anastomosis
"Disease of arteries, arterioles and capilleries",7A40A,7A40A00,Other emerg bypass femoral or popliteal art by anastomosis
"Disease of arteries, arterioles and capilleries",7A151,7A15100,Other emerg bypass femoral or popliteal art by anastomosis
"Disease of arteries, arterioles and capilleries",7A40z,7A40z00,Other emerg bypass femoral or popliteal art by anastomosis
"Disease of arteries, arterioles and capilleries",7A522,7A52200,Other emerg bypass femoral or popliteal art by anastomosis
"Disease of arteries, arterioles and capilleries",7A523,7A52300,Other emerg bypass femoral or popliteal art by anastomosis
"Disease of arteries, arterioles and capilleries",7A47z,7A47z00,Other emerg bypass femoral or popliteal art by anastomosis
"Disease of arteries, arterioles and capilleries",7A160,7A16000,Other emerg bypass femoral or popliteal art by anastomosis
"Disease of arteries, arterioles and capilleries",7A47C,7A47C00,Other emerg bypass femoral or popliteal art by anastomosis
"Disease of arteries, arterioles and capilleries",7A47-4,7A47.14,Other emergency bypass of deep femoral artery
"Disease of arteries, arterioles and capilleries",7A47-3,7A47.13,Other emergency bypass of deep femoral artery
"Disease of arteries, arterioles and capilleries",7A47-2,7A47.12,Other emergency bypass of deep femoral artery
"Disease of arteries, arterioles and capilleries",7A47-5,7A47.15,Other emergency bypass of deep femoral artery
"Disease of arteries, arterioles and capilleries",7A47-1,7A47.11,Other emergency bypass of deep femoral artery
"Disease of arteries, arterioles and capilleries",7A142,7A14200,Other emergency bypass of deep femoral artery
"Disease of arteries, arterioles and capilleries",7A140,7A14000,Other emergency bypass of deep femoral artery
"Disease of arteries, arterioles and capilleries",7A409,7A40900,Other emergency bypass of deep femoral artery
"Disease of arteries, arterioles and capilleries",7A40D,7A40D00,Other emergency bypass of deep femoral artery
"Disease of arteries, arterioles and capilleries",7A40B,7A40B00,Other emergency bypass of deep femoral artery
"Disease of arteries, arterioles and capilleries",7A40C,7A40C00,Other emergency bypass of deep femoral artery
"Disease of arteries, arterioles and capilleries",7A141,7A14100,Other emergency bypass of deep femoral artery
"Disease of arteries, arterioles and capilleries",7A163,7A16300,Other emergency bypass of deep femoral artery
"Disease of arteries, arterioles and capilleries",7A162,7A16200,Other emergency bypass of deep femoral artery
"Disease of arteries, arterioles and capilleries",7A161,7A16100,Other emergency bypass of deep femoral artery
"Disease of arteries, arterioles and capilleries",7A419,7A41900,Other emergency bypass of deep femoral artery
"Disease of arteries, arterioles and capilleries",7A41A,7A41A00,Other emergency bypass of deep femoral artery
"Disease of arteries, arterioles and capilleries",7A41D,7A41D00,Other emergency bypass of deep femoral artery
"Disease of arteries, arterioles and capilleries",7A41B,7A41B00,Other emergency bypass of deep femoral artery
"Disease of arteries, arterioles and capilleries",7A150,7A15000,Other emergency bypass of deep femoral artery
"Disease of arteries, arterioles and capilleries",7A414,7A41400,Other emergency bypass of deep femoral artery
"Disease of arteries, arterioles and capilleries",7A415,7A41500,Other emergency bypass of deep femoral artery
"Disease of arteries, arterioles and capilleries",7A416,7A41600,Other emergency bypass of deep femoral artery
"Disease of arteries, arterioles and capilleries",7A47D,7A47D00,Other emergency bypass of deep femoral artery
"Disease of arteries, arterioles and capilleries",^ESCTAR427147,,Other emergency bypass of deep femoral artery
"Disease of arteries, arterioles and capilleries",^ESCTCR427152,,Other emergency bypass of deep femoral artery
"Disease of arteries, arterioles and capilleries",^ESCTCR427149,,Other emergency bypass of deep femoral artery
"Disease of arteries, arterioles and capilleries",^ESCTCR427151,,Other emergency bypass of deep femoral artery
"Disease of arteries, arterioles and capilleries",^ESCTCR427148,,Other emergency bypass of deep femoral artery
"Disease of arteries, arterioles and capilleries",7A333,7A33300,Other emergency bypass of deep femoral artery
"Disease of arteries, arterioles and capilleries",7A40y,7A40y00,Other emergency bypass of deep femoral artery
"Disease of arteries, arterioles and capilleries",7A164,7A16400,Other emergency bypass of deep femoral artery
"Disease of arteries, arterioles and capilleries",^ESCTBY427150,,Other emergency bypass of deep femoral artery
"Disease of arteries, arterioles and capilleries",7A16,7A16.00,Other emergency bypass of deep femoral artery
"Disease of arteries, arterioles and capilleries",7A332,7A33200,Other emergency bypass of deep femoral artery
"Disease of arteries, arterioles and capilleries",7A41y,7A41y00,Other emergency bypass of deep femoral artery
"Disease of arteries, arterioles and capilleries",7A41z,7A41z00,Other emergency bypass of deep femoral artery
"Disease of arteries, arterioles and capilleries",7A330,7A33000,Other emergency bypass of deep femoral artery
"Disease of arteries, arterioles and capilleries",7A331,7A33100,Other emergency bypass of deep femoral artery
"Disease of arteries, arterioles and capilleries",7A16y,7A16y00,Other emergency bypass of deep femoral artery
"Disease of arteries, arterioles and capilleries",7A16z,7A16z00,Other emergency bypass of deep femoral artery
"Disease of arteries, arterioles and capilleries",7A143,7A14300,Other emergency bypass of deep femoral artery
"Disease of arteries, arterioles and capilleries",7A40A,7A40A00,Other emergency bypass of deep femoral artery
"Disease of arteries, arterioles and capilleries",7A151,7A15100,Other emergency bypass of deep femoral artery
"Disease of arteries, arterioles and capilleries",7A40z,7A40z00,Other emergency bypass of deep femoral artery
"Disease of arteries, arterioles and capilleries",7A522,7A52200,Other emergency bypass of deep femoral artery
"Disease of arteries, arterioles and capilleries",7A523,7A52300,Other emergency bypass of deep femoral artery
"Disease of arteries, arterioles and capilleries",7A47z,7A47z00,Other emergency bypass of deep femoral artery
"Disease of arteries, arterioles and capilleries",7A160,7A16000,Other emergency bypass of deep femoral artery
"Disease of arteries, arterioles and capilleries",7A47C,7A47C00,Other emergency bypass of deep femoral artery
"Disease of arteries, arterioles and capilleries",7A47-4,7A47.14,Other emergency bypass of popliteal artery
"Disease of arteries, arterioles and capilleries",7A47-3,7A47.13,Other emergency bypass of popliteal artery
"Disease of arteries, arterioles and capilleries",7A47-2,7A47.12,Other emergency bypass of popliteal artery
"Disease of arteries, arterioles and capilleries",7A47-5,7A47.15,Other emergency bypass of popliteal artery
"Disease of arteries, arterioles and capilleries",7A47-1,7A47.11,Other emergency bypass of popliteal artery
"Disease of arteries, arterioles and capilleries",7A142,7A14200,Other emergency bypass of popliteal artery
"Disease of arteries, arterioles and capilleries",7A140,7A14000,Other emergency bypass of popliteal artery
"Disease of arteries, arterioles and capilleries",7A409,7A40900,Other emergency bypass of popliteal artery
"Disease of arteries, arterioles and capilleries",7A40D,7A40D00,Other emergency bypass of popliteal artery
"Disease of arteries, arterioles and capilleries",7A40B,7A40B00,Other emergency bypass of popliteal artery
"Disease of arteries, arterioles and capilleries",7A40C,7A40C00,Other emergency bypass of popliteal artery
"Disease of arteries, arterioles and capilleries",7A141,7A14100,Other emergency bypass of popliteal artery
"Disease of arteries, arterioles and capilleries",7A163,7A16300,Other emergency bypass of popliteal artery
"Disease of arteries, arterioles and capilleries",7A162,7A16200,Other emergency bypass of popliteal artery
"Disease of arteries, arterioles and capilleries",7A161,7A16100,Other emergency bypass of popliteal artery
"Disease of arteries, arterioles and capilleries",7A419,7A41900,Other emergency bypass of popliteal artery
"Disease of arteries, arterioles and capilleries",7A41A,7A41A00,Other emergency bypass of popliteal artery
"Disease of arteries, arterioles and capilleries",7A41D,7A41D00,Other emergency bypass of popliteal artery
"Disease of arteries, arterioles and capilleries",7A41B,7A41B00,Other emergency bypass of popliteal artery
"Disease of arteries, arterioles and capilleries",7A150,7A15000,Other emergency bypass of popliteal artery
"Disease of arteries, arterioles and capilleries",7A414,7A41400,Other emergency bypass of popliteal artery
"Disease of arteries, arterioles and capilleries",7A415,7A41500,Other emergency bypass of popliteal artery
"Disease of arteries, arterioles and capilleries",7A416,7A41600,Other emergency bypass of popliteal artery
"Disease of arteries, arterioles and capilleries",7A47D,7A47D00,Other emergency bypass of popliteal artery
"Disease of arteries, arterioles and capilleries",^ESCTAR427147,,Other emergency bypass of popliteal artery
"Disease of arteries, arterioles and capilleries",^ESCTCR427152,,Other emergency bypass of popliteal artery
"Disease of arteries, arterioles and capilleries",^ESCTCR427149,,Other emergency bypass of popliteal artery
"Disease of arteries, arterioles and capilleries",^ESCTCR427151,,Other emergency bypass of popliteal artery
"Disease of arteries, arterioles and capilleries",^ESCTCR427148,,Other emergency bypass of popliteal artery
"Disease of arteries, arterioles and capilleries",7A333,7A33300,Other emergency bypass of popliteal artery
"Disease of arteries, arterioles and capilleries",7A40y,7A40y00,Other emergency bypass of popliteal artery
"Disease of arteries, arterioles and capilleries",7A164,7A16400,Other emergency bypass of popliteal artery
"Disease of arteries, arterioles and capilleries",^ESCTBY427150,,Other emergency bypass of popliteal artery
"Disease of arteries, arterioles and capilleries",7A16,7A16.00,Other emergency bypass of popliteal artery
"Disease of arteries, arterioles and capilleries",7A332,7A33200,Other emergency bypass of popliteal artery
"Disease of arteries, arterioles and capilleries",7A41y,7A41y00,Other emergency bypass of popliteal artery
"Disease of arteries, arterioles and capilleries",7A41z,7A41z00,Other emergency bypass of popliteal artery
"Disease of arteries, arterioles and capilleries",7A330,7A33000,Other emergency bypass of popliteal artery
"Disease of arteries, arterioles and capilleries",7A331,7A33100,Other emergency bypass of popliteal artery
"Disease of arteries, arterioles and capilleries",7A16y,7A16y00,Other emergency bypass of popliteal artery
"Disease of arteries, arterioles and capilleries",7A16z,7A16z00,Other emergency bypass of popliteal artery
"Disease of arteries, arterioles and capilleries",7A143,7A14300,Other emergency bypass of popliteal artery
"Disease of arteries, arterioles and capilleries",7A40A,7A40A00,Other emergency bypass of popliteal artery
"Disease of arteries, arterioles and capilleries",7A151,7A15100,Other emergency bypass of popliteal artery
"Disease of arteries, arterioles and capilleries",7A40z,7A40z00,Other emergency bypass of popliteal artery
"Disease of arteries, arterioles and capilleries",7A522,7A52200,Other emergency bypass of popliteal artery
"Disease of arteries, arterioles and capilleries",7A523,7A52300,Other emergency bypass of popliteal artery
"Disease of arteries, arterioles and capilleries",7A47z,7A47z00,Other emergency bypass of popliteal artery
"Disease of arteries, arterioles and capilleries",7A160,7A16000,Other emergency bypass of popliteal artery
"Disease of arteries, arterioles and capilleries",7A47C,7A47C00,Other emergency bypass of popliteal artery
"Disease of arteries, arterioles and capilleries",7A47-4,7A47.14,Other emergency bypass of superficial femoral artery
"Disease of arteries, arterioles and capilleries",7A47-3,7A47.13,Other emergency bypass of superficial femoral artery
"Disease of arteries, arterioles and capilleries",7A47-2,7A47.12,Other emergency bypass of superficial femoral artery
"Disease of arteries, arterioles and capilleries",7A47-5,7A47.15,Other emergency bypass of superficial femoral artery
"Disease of arteries, arterioles and capilleries",7A47-1,7A47.11,Other emergency bypass of superficial femoral artery
"Disease of arteries, arterioles and capilleries",7A142,7A14200,Other emergency bypass of superficial femoral artery
"Disease of arteries, arterioles and capilleries",7A140,7A14000,Other emergency bypass of superficial femoral artery
"Disease of arteries, arterioles and capilleries",7A409,7A40900,Other emergency bypass of superficial femoral artery
"Disease of arteries, arterioles and capilleries",7A40D,7A40D00,Other emergency bypass of superficial femoral artery
"Disease of arteries, arterioles and capilleries",7A40B,7A40B00,Other emergency bypass of superficial femoral artery
"Disease of arteries, arterioles and capilleries",7A40C,7A40C00,Other emergency bypass of superficial femoral artery
"Disease of arteries, arterioles and capilleries",7A141,7A14100,Other emergency bypass of superficial femoral artery
"Disease of arteries, arterioles and capilleries",7A163,7A16300,Other emergency bypass of superficial femoral artery
"Disease of arteries, arterioles and capilleries",7A162,7A16200,Other emergency bypass of superficial femoral artery
"Disease of arteries, arterioles and capilleries",7A161,7A16100,Other emergency bypass of superficial femoral artery
"Disease of arteries, arterioles and capilleries",7A419,7A41900,Other emergency bypass of superficial femoral artery
"Disease of arteries, arterioles and capilleries",7A41A,7A41A00,Other emergency bypass of superficial femoral artery
"Disease of arteries, arterioles and capilleries",7A41D,7A41D00,Other emergency bypass of superficial femoral artery
"Disease of arteries, arterioles and capilleries",7A41B,7A41B00,Other emergency bypass of superficial femoral artery
"Disease of arteries, arterioles and capilleries",7A150,7A15000,Other emergency bypass of superficial femoral artery
"Disease of arteries, arterioles and capilleries",7A414,7A41400,Other emergency bypass of superficial femoral artery
"Disease of arteries, arterioles and capilleries",7A415,7A41500,Other emergency bypass of superficial femoral artery
"Disease of arteries, arterioles and capilleries",7A416,7A41600,Other emergency bypass of superficial femoral artery
"Disease of arteries, arterioles and capilleries",7A47D,7A47D00,Other emergency bypass of superficial femoral artery
"Disease of arteries, arterioles and capilleries",^ESCTAR427147,,Other emergency bypass of superficial femoral artery
"Disease of arteries, arterioles and capilleries",^ESCTCR427152,,Other emergency bypass of superficial femoral artery
"Disease of arteries, arterioles and capilleries",^ESCTCR427149,,Other emergency bypass of superficial femoral artery
"Disease of arteries, arterioles and capilleries",^ESCTCR427151,,Other emergency bypass of superficial femoral artery
"Disease of arteries, arterioles and capilleries",^ESCTCR427148,,Other emergency bypass of superficial femoral artery
"Disease of arteries, arterioles and capilleries",7A333,7A33300,Other emergency bypass of superficial femoral artery
"Disease of arteries, arterioles and capilleries",7A40y,7A40y00,Other emergency bypass of superficial femoral artery
"Disease of arteries, arterioles and capilleries",7A164,7A16400,Other emergency bypass of superficial femoral artery
"Disease of arteries, arterioles and capilleries",^ESCTBY427150,,Other emergency bypass of superficial femoral artery
"Disease of arteries, arterioles and capilleries",7A16,7A16.00,Other emergency bypass of superficial femoral artery
"Disease of arteries, arterioles and capilleries",7A332,7A33200,Other emergency bypass of superficial femoral artery
"Disease of arteries, arterioles and capilleries",7A41y,7A41y00,Other emergency bypass of superficial femoral artery
"Disease of arteries, arterioles and capilleries",7A41z,7A41z00,Other emergency bypass of superficial femoral artery
"Disease of arteries, arterioles and capilleries",7A330,7A33000,Other emergency bypass of superficial femoral artery
"Disease of arteries, arterioles and capilleries",7A331,7A33100,Other emergency bypass of superficial femoral artery
"Disease of arteries, arterioles and capilleries",7A16y,7A16y00,Other emergency bypass of superficial femoral artery
"Disease of arteries, arterioles and capilleries",7A16z,7A16z00,Other emergency bypass of superficial femoral artery
"Disease of arteries, arterioles and capilleries",7A143,7A14300,Other emergency bypass of superficial femoral artery
"Disease of arteries, arterioles and capilleries",7A40A,7A40A00,Other emergency bypass of superficial femoral artery
"Disease of arteries, arterioles and capilleries",7A151,7A15100,Other emergency bypass of superficial femoral artery
"Disease of arteries, arterioles and capilleries",7A40z,7A40z00,Other emergency bypass of superficial femoral artery
"Disease of arteries, arterioles and capilleries",7A522,7A52200,Other emergency bypass of superficial femoral artery
"Disease of arteries, arterioles and capilleries",7A523,7A52300,Other emergency bypass of superficial femoral artery
"Disease of arteries, arterioles and capilleries",7A47z,7A47z00,Other emergency bypass of superficial femoral artery
"Disease of arteries, arterioles and capilleries",7A160,7A16000,Other emergency bypass of superficial femoral artery
"Disease of arteries, arterioles and capilleries",7A47C,7A47C00,Other emergency bypass of superficial femoral artery
"Disease of arteries, arterioles and capilleries",7A48-6,7A48.16,Other emergency bypass of femoral artery
"Disease of arteries, arterioles and capilleries",7A48-3,7A48.13,Other emergency bypass of femoral artery
"Disease of arteries, arterioles and capilleries",7A48-2,7A48.12,Other emergency bypass of femoral artery
"Disease of arteries, arterioles and capilleries",7A47-6,7A47.16,Other emergency bypass of femoral artery
"Disease of arteries, arterioles and capilleries",7A46-2,7A46.12,Other emergency bypass of femoral artery
"Disease of arteries, arterioles and capilleries",7A46-3,7A46.13,Other emergency bypass of femoral artery
"Disease of arteries, arterioles and capilleries",7A46-1,7A46.11,Other emergency bypass of femoral artery
"Disease of arteries, arterioles and capilleries",7A46-5,7A46.15,Other emergency bypass of femoral artery
"Disease of arteries, arterioles and capilleries",7A46,7A46.00,Other emergency bypass of femoral artery
"Disease of arteries, arterioles and capilleries",7A48-4,7A48.14,Other emergency bypass of femoral artery
"Disease of arteries, arterioles and capilleries",7A462,7A46200,Emerg bypass femoral art by fem/pop art anast c prosth NEC
"Disease of arteries, arterioles and capilleries",7A460,7A46000,Emerg bypass femoral art by fem/pop art anast c prosth NEC
"Disease of arteries, arterioles and capilleries",7A46D,7A46D00,Emerg bypass femoral art by fem/pop art anast c prosth NEC
"Disease of arteries, arterioles and capilleries",^ESCTFE421485,,Emerg bypass femoral art by fem/pop art anast c prosth NEC
"Disease of arteries, arterioles and capilleries",^ESCTCR421481,,Emerg bypass femoral art by fem/pop art anast c prosth NEC
"Disease of arteries, arterioles and capilleries",7A48D,7A48D00,Emerg bypass femoral art by fem/pop art anast c prosth NEC
"Disease of arteries, arterioles and capilleries",7A472,7A47200,Emerg bypass femoral art by fem/pop art anast c prosth NEC
"Disease of arteries, arterioles and capilleries",^ESCTFE421483,,Emerg bypass femoral art by fem/pop art anast c prosth NEC
"Disease of arteries, arterioles and capilleries",^ESCTBY421486,,Emerg bypass femoral art by fem/pop art anast c prosth NEC
"Disease of arteries, arterioles and capilleries",^ESCTFE421479,,Emerg bypass femoral art by fem/pop art anast c prosth NEC
"Disease of arteries, arterioles and capilleries",^ESCTAK421484,,Emerg bypass femoral art by fem/pop art anast c prosth NEC
"Disease of arteries, arterioles and capilleries",^ESCTFP421482,,Emerg bypass femoral art by fem/pop art anast c prosth NEC
"Disease of arteries, arterioles and capilleries",^ESCTFE421480,,Emerg bypass femoral art by fem/pop art anast c prosth NEC
"Disease of arteries, arterioles and capilleries",7A470,7A47000,Emerg bypass femoral art by fem/pop art anast c prosth NEC
"Disease of arteries, arterioles and capilleries",7A48-5,7A48.15,Emerg bypass popliteal art by pop/pop art anast c prosth NEC
"Disease of arteries, arterioles and capilleries",7A469,7A46900,Emerg bypass popliteal art by pop/pop art anast c prosth NEC
"Disease of arteries, arterioles and capilleries",7A463,7A46300,Emerg bypass popliteal art by pop/pop art anast c prosth NEC
"Disease of arteries, arterioles and capilleries",7A48B,7A48B00,Emerg bypass popliteal art by pop/pop art anast c prosth NEC
"Disease of arteries, arterioles and capilleries",7A489,7A48900,Emerg bypass popliteal art by pop/pop art anast c prosth NEC
"Disease of arteries, arterioles and capilleries",7A481,7A48100,Emerg bypass popliteal art by pop/pop art anast c prosth NEC
"Disease of arteries, arterioles and capilleries",7A485,7A48500,Emerg bypass popliteal art by pop/pop art anast c prosth NEC
"Disease of arteries, arterioles and capilleries",7A487,7A48700,Emerg bypass popliteal art by pop/pop art anast c prosth NEC
"Disease of arteries, arterioles and capilleries",7A47B,7A47B00,Emerg bypass popliteal art by pop/pop art anast c prosth NEC
"Disease of arteries, arterioles and capilleries",7A473,7A47300,Emerg bypass popliteal art by pop/pop art anast c prosth NEC
"Disease of arteries, arterioles and capilleries",7A477,7A47700,Emerg bypass popliteal art by pop/pop art anast c prosth NEC
"Disease of arteries, arterioles and capilleries",7A475,7A47500,Emerg bypass popliteal art by pop/pop art anast c prosth NEC
"Disease of arteries, arterioles and capilleries",^ESCTPO505009,,Emerg bypass popliteal art by pop/pop art anast c prosth NEC
"Disease of arteries, arterioles and capilleries",7A46B,7A46B00,Emerg bypass popliteal art by pop/pop art anast c prosth NEC
"Disease of arteries, arterioles and capilleries",7A467,7A46700,Emerg bypass popliteal art by pop/pop art anast c prosth NEC
"Disease of arteries, arterioles and capilleries",7A461,7A46100,Emerg bypass popliteal art by pop/pop art anast c prosth NEC
"Disease of arteries, arterioles and capilleries",7A483,7A48300,Emerg bypass popliteal art by pop/pop art anast c prosth NEC
"Disease of arteries, arterioles and capilleries",7A465,7A46500,Emerg bypass popliteal art by pop/pop art anast c prosth NEC
"Disease of arteries, arterioles and capilleries",7A479,7A47900,Emerg bypass popliteal art by pop/pop art anast c prosth NEC
"Disease of arteries, arterioles and capilleries",7A471,7A47100,Emerg bypass popliteal art by pop/pop art anast c prosth NEC
"Disease of arteries, arterioles and capilleries",7A462,7A46200,Emerg bypass femoral art by fem/pop a anast c vein graft NEC
"Disease of arteries, arterioles and capilleries",7A460,7A46000,Emerg bypass femoral art by fem/pop a anast c vein graft NEC
"Disease of arteries, arterioles and capilleries",7A46D,7A46D00,Emerg bypass femoral art by fem/pop a anast c vein graft NEC
"Disease of arteries, arterioles and capilleries",^ESCTFE421485,,Emerg bypass femoral art by fem/pop a anast c vein graft NEC
"Disease of arteries, arterioles and capilleries",^ESCTCR421481,,Emerg bypass femoral art by fem/pop a anast c vein graft NEC
"Disease of arteries, arterioles and capilleries",7A48D,7A48D00,Emerg bypass femoral art by fem/pop a anast c vein graft NEC
"Disease of arteries, arterioles and capilleries",7A472,7A47200,Emerg bypass femoral art by fem/pop a anast c vein graft NEC
"Disease of arteries, arterioles and capilleries",^ESCTFE421483,,Emerg bypass femoral art by fem/pop a anast c vein graft NEC
"Disease of arteries, arterioles and capilleries",^ESCTBY421486,,Emerg bypass femoral art by fem/pop a anast c vein graft NEC
"Disease of arteries, arterioles and capilleries",^ESCTFE421479,,Emerg bypass femoral art by fem/pop a anast c vein graft NEC
"Disease of arteries, arterioles and capilleries",^ESCTAK421484,,Emerg bypass femoral art by fem/pop a anast c vein graft NEC
"Disease of arteries, arterioles and capilleries",^ESCTFP421482,,Emerg bypass femoral art by fem/pop a anast c vein graft NEC
"Disease of arteries, arterioles and capilleries",^ESCTFE421480,,Emerg bypass femoral art by fem/pop a anast c vein graft NEC
"Disease of arteries, arterioles and capilleries",7A470,7A47000,Emerg bypass femoral art by fem/pop a anast c vein graft NEC
"Disease of arteries, arterioles and capilleries",7A48-5,7A48.15,Emerg bypass pop art by pop/pop art anast c vein graft NEC
"Disease of arteries, arterioles and capilleries",7A469,7A46900,Emerg bypass pop art by pop/pop art anast c vein graft NEC
"Disease of arteries, arterioles and capilleries",7A463,7A46300,Emerg bypass pop art by pop/pop art anast c vein graft NEC
"Disease of arteries, arterioles and capilleries",7A48B,7A48B00,Emerg bypass pop art by pop/pop art anast c vein graft NEC
"Disease of arteries, arterioles and capilleries",7A489,7A48900,Emerg bypass pop art by pop/pop art anast c vein graft NEC
"Disease of arteries, arterioles and capilleries",7A481,7A48100,Emerg bypass pop art by pop/pop art anast c vein graft NEC
"Disease of arteries, arterioles and capilleries",7A485,7A48500,Emerg bypass pop art by pop/pop art anast c vein graft NEC
"Disease of arteries, arterioles and capilleries",7A487,7A48700,Emerg bypass pop art by pop/pop art anast c vein graft NEC
"Disease of arteries, arterioles and capilleries",7A47B,7A47B00,Emerg bypass pop art by pop/pop art anast c vein graft NEC
"Disease of arteries, arterioles and capilleries",7A473,7A47300,Emerg bypass pop art by pop/pop art anast c vein graft NEC
"Disease of arteries, arterioles and capilleries",7A477,7A47700,Emerg bypass pop art by pop/pop art anast c vein graft NEC
"Disease of arteries, arterioles and capilleries",7A475,7A47500,Emerg bypass pop art by pop/pop art anast c vein graft NEC
"Disease of arteries, arterioles and capilleries",^ESCTPO505009,,Emerg bypass pop art by pop/pop art anast c vein graft NEC
"Disease of arteries, arterioles and capilleries",7A46B,7A46B00,Emerg bypass pop art by pop/pop art anast c vein graft NEC
"Disease of arteries, arterioles and capilleries",7A467,7A46700,Emerg bypass pop art by pop/pop art anast c vein graft NEC
"Disease of arteries, arterioles and capilleries",7A461,7A46100,Emerg bypass pop art by pop/pop art anast c vein graft NEC
"Disease of arteries, arterioles and capilleries",7A483,7A48300,Emerg bypass pop art by pop/pop art anast c vein graft NEC
"Disease of arteries, arterioles and capilleries",7A465,7A46500,Emerg bypass pop art by pop/pop art anast c vein graft NEC
"Disease of arteries, arterioles and capilleries",7A479,7A47900,Emerg bypass pop art by pop/pop art anast c vein graft NEC
"Disease of arteries, arterioles and capilleries",7A471,7A47100,Emerg bypass pop art by pop/pop art anast c vein graft NEC
"Disease of arteries, arterioles and capilleries",7A468,7A46800,Emerg bypass femoral art by fem/tib art anast c prosth NEC
"Disease of arteries, arterioles and capilleries",7A464,7A46400,Emerg bypass femoral art by fem/tib art anast c prosth NEC
"Disease of arteries, arterioles and capilleries",^ESCTFE505003,,Emerg bypass femoral art by fem/tib art anast c prosth NEC
"Disease of arteries, arterioles and capilleries",7A46A,7A46A00,Emerg bypass femoral art by fem/tib art anast c prosth NEC
"Disease of arteries, arterioles and capilleries",7A466,7A46600,Emerg bypass femoral art by fem/tib art anast c prosth NEC
"Disease of arteries, arterioles and capilleries",7A476,7A47600,Emerg bypass femoral art by fem/tib art anast c prosth NEC
"Disease of arteries, arterioles and capilleries",7A474,7A47400,Emerg bypass femoral art by fem/tib art anast c prosth NEC
"Disease of arteries, arterioles and capilleries",7A488,7A48800,Emerg bypass femoral art by fem/tib art anast c prosth NEC
"Disease of arteries, arterioles and capilleries",7A484,7A48400,Emerg bypass femoral art by fem/tib art anast c prosth NEC
"Disease of arteries, arterioles and capilleries",7A47A,7A47A00,Emerg bypass femoral art by fem/tib art anast c prosth NEC
"Disease of arteries, arterioles and capilleries",7A478,7A47800,Emerg bypass femoral art by fem/tib art anast c prosth NEC
"Disease of arteries, arterioles and capilleries",^ESCTBK505006,,Emerg bypass femoral art by fem/tib art anast c prosth NEC
"Disease of arteries, arterioles and capilleries",^ESCTFE505007,,Emerg bypass femoral art by fem/tib art anast c prosth NEC
"Disease of arteries, arterioles and capilleries",^ESCTFD505005,,Emerg bypass femoral art by fem/tib art anast c prosth NEC
"Disease of arteries, arterioles and capilleries",^ESCTFE505004,,Emerg bypass femoral art by fem/tib art anast c prosth NEC
"Disease of arteries, arterioles and capilleries",7A468,7A46800,Emerg bypass femoral art by fem/tib a anast c vein graft NEC
"Disease of arteries, arterioles and capilleries",7A464,7A46400,Emerg bypass femoral art by fem/tib a anast c vein graft NEC
"Disease of arteries, arterioles and capilleries",^ESCTFE505003,,Emerg bypass femoral art by fem/tib a anast c vein graft NEC
"Disease of arteries, arterioles and capilleries",7A46A,7A46A00,Emerg bypass femoral art by fem/tib a anast c vein graft NEC
"Disease of arteries, arterioles and capilleries",7A466,7A46600,Emerg bypass femoral art by fem/tib a anast c vein graft NEC
"Disease of arteries, arterioles and capilleries",7A476,7A47600,Emerg bypass femoral art by fem/tib a anast c vein graft NEC
"Disease of arteries, arterioles and capilleries",7A474,7A47400,Emerg bypass femoral art by fem/tib a anast c vein graft NEC
"Disease of arteries, arterioles and capilleries",7A488,7A48800,Emerg bypass femoral art by fem/tib a anast c vein graft NEC
"Disease of arteries, arterioles and capilleries",7A484,7A48400,Emerg bypass femoral art by fem/tib a anast c vein graft NEC
"Disease of arteries, arterioles and capilleries",7A47A,7A47A00,Emerg bypass femoral art by fem/tib a anast c vein graft NEC
"Disease of arteries, arterioles and capilleries",7A478,7A47800,Emerg bypass femoral art by fem/tib a anast c vein graft NEC
"Disease of arteries, arterioles and capilleries",^ESCTBK505006,,Emerg bypass femoral art by fem/tib a anast c vein graft NEC
"Disease of arteries, arterioles and capilleries",^ESCTFE505007,,Emerg bypass femoral art by fem/tib a anast c vein graft NEC
"Disease of arteries, arterioles and capilleries",^ESCTFD505005,,Emerg bypass femoral art by fem/tib a anast c vein graft NEC
"Disease of arteries, arterioles and capilleries",^ESCTFE505004,,Emerg bypass femoral art by fem/tib a anast c vein graft NEC
"Disease of arteries, arterioles and capilleries",7A48-5,7A48.15,Emerg bypass pop art by pop/tib art anast c vein graft NEC
"Disease of arteries, arterioles and capilleries",7A469,7A46900,Emerg bypass pop art by pop/tib art anast c vein graft NEC
"Disease of arteries, arterioles and capilleries",7A463,7A46300,Emerg bypass pop art by pop/tib art anast c vein graft NEC
"Disease of arteries, arterioles and capilleries",7A48B,7A48B00,Emerg bypass pop art by pop/tib art anast c vein graft NEC
"Disease of arteries, arterioles and capilleries",7A489,7A48900,Emerg bypass pop art by pop/tib art anast c vein graft NEC
"Disease of arteries, arterioles and capilleries",7A481,7A48100,Emerg bypass pop art by pop/tib art anast c vein graft NEC
"Disease of arteries, arterioles and capilleries",7A485,7A48500,Emerg bypass pop art by pop/tib art anast c vein graft NEC
"Disease of arteries, arterioles and capilleries",7A487,7A48700,Emerg bypass pop art by pop/tib art anast c vein graft NEC
"Disease of arteries, arterioles and capilleries",7A47B,7A47B00,Emerg bypass pop art by pop/tib art anast c vein graft NEC
"Disease of arteries, arterioles and capilleries",7A473,7A47300,Emerg bypass pop art by pop/tib art anast c vein graft NEC
"Disease of arteries, arterioles and capilleries",7A477,7A47700,Emerg bypass pop art by pop/tib art anast c vein graft NEC
"Disease of arteries, arterioles and capilleries",7A475,7A47500,Emerg bypass pop art by pop/tib art anast c vein graft NEC
"Disease of arteries, arterioles and capilleries",^ESCTPO505009,,Emerg bypass pop art by pop/tib art anast c vein graft NEC
"Disease of arteries, arterioles and capilleries",7A46B,7A46B00,Emerg bypass pop art by pop/tib art anast c vein graft NEC
"Disease of arteries, arterioles and capilleries",7A467,7A46700,Emerg bypass pop art by pop/tib art anast c vein graft NEC
"Disease of arteries, arterioles and capilleries",7A461,7A46100,Emerg bypass pop art by pop/tib art anast c vein graft NEC
"Disease of arteries, arterioles and capilleries",7A483,7A48300,Emerg bypass pop art by pop/tib art anast c vein graft NEC
"Disease of arteries, arterioles and capilleries",7A465,7A46500,Emerg bypass pop art by pop/tib art anast c vein graft NEC
"Disease of arteries, arterioles and capilleries",7A479,7A47900,Emerg bypass pop art by pop/tib art anast c vein graft NEC
"Disease of arteries, arterioles and capilleries",7A471,7A47100,Emerg bypass pop art by pop/tib art anast c vein graft NEC
"Disease of arteries, arterioles and capilleries",7A48-5,7A48.15,Emerg bypass pop art by pop/peron art anast c vein graft NEC
"Disease of arteries, arterioles and capilleries",7A469,7A46900,Emerg bypass pop art by pop/peron art anast c vein graft NEC
"Disease of arteries, arterioles and capilleries",7A463,7A46300,Emerg bypass pop art by pop/peron art anast c vein graft NEC
"Disease of arteries, arterioles and capilleries",7A48B,7A48B00,Emerg bypass pop art by pop/peron art anast c vein graft NEC
"Disease of arteries, arterioles and capilleries",7A489,7A48900,Emerg bypass pop art by pop/peron art anast c vein graft NEC
"Disease of arteries, arterioles and capilleries",7A481,7A48100,Emerg bypass pop art by pop/peron art anast c vein graft NEC
"Disease of arteries, arterioles and capilleries",7A485,7A48500,Emerg bypass pop art by pop/peron art anast c vein graft NEC
"Disease of arteries, arterioles and capilleries",7A487,7A48700,Emerg bypass pop art by pop/peron art anast c vein graft NEC
"Disease of arteries, arterioles and capilleries",7A47B,7A47B00,Emerg bypass pop art by pop/peron art anast c vein graft NEC
"Disease of arteries, arterioles and capilleries",7A473,7A47300,Emerg bypass pop art by pop/peron art anast c vein graft NEC
"Disease of arteries, arterioles and capilleries",7A477,7A47700,Emerg bypass pop art by pop/peron art anast c vein graft NEC
"Disease of arteries, arterioles and capilleries",7A475,7A47500,Emerg bypass pop art by pop/peron art anast c vein graft NEC
"Disease of arteries, arterioles and capilleries",^ESCTPO505009,,Emerg bypass pop art by pop/peron art anast c vein graft NEC
"Disease of arteries, arterioles and capilleries",7A46B,7A46B00,Emerg bypass pop art by pop/peron art anast c vein graft NEC
"Disease of arteries, arterioles and capilleries",7A467,7A46700,Emerg bypass pop art by pop/peron art anast c vein graft NEC
"Disease of arteries, arterioles and capilleries",7A461,7A46100,Emerg bypass pop art by pop/peron art anast c vein graft NEC
"Disease of arteries, arterioles and capilleries",7A483,7A48300,Emerg bypass pop art by pop/peron art anast c vein graft NEC
"Disease of arteries, arterioles and capilleries",7A465,7A46500,Emerg bypass pop art by pop/peron art anast c vein graft NEC
"Disease of arteries, arterioles and capilleries",7A479,7A47900,Emerg bypass pop art by pop/peron art anast c vein graft NEC
"Disease of arteries, arterioles and capilleries",7A471,7A47100,Emerg bypass pop art by pop/peron art anast c vein graft NEC
"Disease of arteries, arterioles and capilleries",7A47-4,7A47.14,Emerg bypass femoral artery by fem/fem art anastomosis NEC
"Disease of arteries, arterioles and capilleries",7A47-3,7A47.13,Emerg bypass femoral artery by fem/fem art anastomosis NEC
"Disease of arteries, arterioles and capilleries",7A47-2,7A47.12,Emerg bypass femoral artery by fem/fem art anastomosis NEC
"Disease of arteries, arterioles and capilleries",7A47-5,7A47.15,Emerg bypass femoral artery by fem/fem art anastomosis NEC
"Disease of arteries, arterioles and capilleries",7A47-1,7A47.11,Emerg bypass femoral artery by fem/fem art anastomosis NEC
"Disease of arteries, arterioles and capilleries",7A142,7A14200,Emerg bypass femoral artery by fem/fem art anastomosis NEC
"Disease of arteries, arterioles and capilleries",7A140,7A14000,Emerg bypass femoral artery by fem/fem art anastomosis NEC
"Disease of arteries, arterioles and capilleries",7A409,7A40900,Emerg bypass femoral artery by fem/fem art anastomosis NEC
"Disease of arteries, arterioles and capilleries",7A40D,7A40D00,Emerg bypass femoral artery by fem/fem art anastomosis NEC
"Disease of arteries, arterioles and capilleries",7A40B,7A40B00,Emerg bypass femoral artery by fem/fem art anastomosis NEC
"Disease of arteries, arterioles and capilleries",7A40C,7A40C00,Emerg bypass femoral artery by fem/fem art anastomosis NEC
"Disease of arteries, arterioles and capilleries",7A141,7A14100,Emerg bypass femoral artery by fem/fem art anastomosis NEC
"Disease of arteries, arterioles and capilleries",7A163,7A16300,Emerg bypass femoral artery by fem/fem art anastomosis NEC
"Disease of arteries, arterioles and capilleries",7A162,7A16200,Emerg bypass femoral artery by fem/fem art anastomosis NEC
"Disease of arteries, arterioles and capilleries",7A161,7A16100,Emerg bypass femoral artery by fem/fem art anastomosis NEC
"Disease of arteries, arterioles and capilleries",7A419,7A41900,Emerg bypass femoral artery by fem/fem art anastomosis NEC
"Disease of arteries, arterioles and capilleries",7A41A,7A41A00,Emerg bypass femoral artery by fem/fem art anastomosis NEC
"Disease of arteries, arterioles and capilleries",7A41D,7A41D00,Emerg bypass femoral artery by fem/fem art anastomosis NEC
"Disease of arteries, arterioles and capilleries",7A41B,7A41B00,Emerg bypass femoral artery by fem/fem art anastomosis NEC
"Disease of arteries, arterioles and capilleries",7A150,7A15000,Emerg bypass femoral artery by fem/fem art anastomosis NEC
"Disease of arteries, arterioles and capilleries",7A414,7A41400,Emerg bypass femoral artery by fem/fem art anastomosis NEC
"Disease of arteries, arterioles and capilleries",7A415,7A41500,Emerg bypass femoral artery by fem/fem art anastomosis NEC
"Disease of arteries, arterioles and capilleries",7A416,7A41600,Emerg bypass femoral artery by fem/fem art anastomosis NEC
"Disease of arteries, arterioles and capilleries",7A47D,7A47D00,Emerg bypass femoral artery by fem/fem art anastomosis NEC
"Disease of arteries, arterioles and capilleries",^ESCTAR427147,,Emerg bypass femoral artery by fem/fem art anastomosis NEC
"Disease of arteries, arterioles and capilleries",^ESCTCR427152,,Emerg bypass femoral artery by fem/fem art anastomosis NEC
"Disease of arteries, arterioles and capilleries",^ESCTCR427149,,Emerg bypass femoral artery by fem/fem art anastomosis NEC
"Disease of arteries, arterioles and capilleries",^ESCTCR427151,,Emerg bypass femoral artery by fem/fem art anastomosis NEC
"Disease of arteries, arterioles and capilleries",^ESCTCR427148,,Emerg bypass femoral artery by fem/fem art anastomosis NEC
"Disease of arteries, arterioles and capilleries",7A333,7A33300,Emerg bypass femoral artery by fem/fem art anastomosis NEC
"Disease of arteries, arterioles and capilleries",7A40y,7A40y00,Emerg bypass femoral artery by fem/fem art anastomosis NEC
"Disease of arteries, arterioles and capilleries",7A164,7A16400,Emerg bypass femoral artery by fem/fem art anastomosis NEC
"Disease of arteries, arterioles and capilleries",^ESCTBY427150,,Emerg bypass femoral artery by fem/fem art anastomosis NEC
"Disease of arteries, arterioles and capilleries",7A16,7A16.00,Emerg bypass femoral artery by fem/fem art anastomosis NEC
"Disease of arteries, arterioles and capilleries",7A332,7A33200,Emerg bypass femoral artery by fem/fem art anastomosis NEC
"Disease of arteries, arterioles and capilleries",7A41y,7A41y00,Emerg bypass femoral artery by fem/fem art anastomosis NEC
"Disease of arteries, arterioles and capilleries",7A41z,7A41z00,Emerg bypass femoral artery by fem/fem art anastomosis NEC
"Disease of arteries, arterioles and capilleries",7A330,7A33000,Emerg bypass femoral artery by fem/fem art anastomosis NEC
"Disease of arteries, arterioles and capilleries",7A331,7A33100,Emerg bypass femoral artery by fem/fem art anastomosis NEC
"Disease of arteries, arterioles and capilleries",7A16y,7A16y00,Emerg bypass femoral artery by fem/fem art anastomosis NEC
"Disease of arteries, arterioles and capilleries",7A16z,7A16z00,Emerg bypass femoral artery by fem/fem art anastomosis NEC
"Disease of arteries, arterioles and capilleries",7A143,7A14300,Emerg bypass femoral artery by fem/fem art anastomosis NEC
"Disease of arteries, arterioles and capilleries",7A40A,7A40A00,Emerg bypass femoral artery by fem/fem art anastomosis NEC
"Disease of arteries, arterioles and capilleries",7A151,7A15100,Emerg bypass femoral artery by fem/fem art anastomosis NEC
"Disease of arteries, arterioles and capilleries",7A40z,7A40z00,Emerg bypass femoral artery by fem/fem art anastomosis NEC
"Disease of arteries, arterioles and capilleries",7A522,7A52200,Emerg bypass femoral artery by fem/fem art anastomosis NEC
"Disease of arteries, arterioles and capilleries",7A523,7A52300,Emerg bypass femoral artery by fem/fem art anastomosis NEC
"Disease of arteries, arterioles and capilleries",7A47z,7A47z00,Emerg bypass femoral artery by fem/fem art anastomosis NEC
"Disease of arteries, arterioles and capilleries",7A160,7A16000,Emerg bypass femoral artery by fem/fem art anastomosis NEC
"Disease of arteries, arterioles and capilleries",7A47C,7A47C00,Emerg bypass femoral artery by fem/fem art anastomosis NEC
"Disease of arteries, arterioles and capilleries",7A47-4,7A47.14,Emerg bypass popliteal artery by pop/fem art anastomosis NEC
"Disease of arteries, arterioles and capilleries",7A47-3,7A47.13,Emerg bypass popliteal artery by pop/fem art anastomosis NEC
"Disease of arteries, arterioles and capilleries",7A47-2,7A47.12,Emerg bypass popliteal artery by pop/fem art anastomosis NEC
"Disease of arteries, arterioles and capilleries",7A47-5,7A47.15,Emerg bypass popliteal artery by pop/fem art anastomosis NEC
"Disease of arteries, arterioles and capilleries",7A47-1,7A47.11,Emerg bypass popliteal artery by pop/fem art anastomosis NEC
"Disease of arteries, arterioles and capilleries",7A142,7A14200,Emerg bypass popliteal artery by pop/fem art anastomosis NEC
"Disease of arteries, arterioles and capilleries",7A140,7A14000,Emerg bypass popliteal artery by pop/fem art anastomosis NEC
"Disease of arteries, arterioles and capilleries",7A409,7A40900,Emerg bypass popliteal artery by pop/fem art anastomosis NEC
"Disease of arteries, arterioles and capilleries",7A40D,7A40D00,Emerg bypass popliteal artery by pop/fem art anastomosis NEC
"Disease of arteries, arterioles and capilleries",7A40B,7A40B00,Emerg bypass popliteal artery by pop/fem art anastomosis NEC
"Disease of arteries, arterioles and capilleries",7A40C,7A40C00,Emerg bypass popliteal artery by pop/fem art anastomosis NEC
"Disease of arteries, arterioles and capilleries",7A141,7A14100,Emerg bypass popliteal artery by pop/fem art anastomosis NEC
"Disease of arteries, arterioles and capilleries",7A163,7A16300,Emerg bypass popliteal artery by pop/fem art anastomosis NEC
"Disease of arteries, arterioles and capilleries",7A162,7A16200,Emerg bypass popliteal artery by pop/fem art anastomosis NEC
"Disease of arteries, arterioles and capilleries",7A161,7A16100,Emerg bypass popliteal artery by pop/fem art anastomosis NEC
"Disease of arteries, arterioles and capilleries",7A419,7A41900,Emerg bypass popliteal artery by pop/fem art anastomosis NEC
"Disease of arteries, arterioles and capilleries",7A41A,7A41A00,Emerg bypass popliteal artery by pop/fem art anastomosis NEC
"Disease of arteries, arterioles and capilleries",7A41D,7A41D00,Emerg bypass popliteal artery by pop/fem art anastomosis NEC
"Disease of arteries, arterioles and capilleries",7A41B,7A41B00,Emerg bypass popliteal artery by pop/fem art anastomosis NEC
"Disease of arteries, arterioles and capilleries",7A150,7A15000,Emerg bypass popliteal artery by pop/fem art anastomosis NEC
"Disease of arteries, arterioles and capilleries",7A414,7A41400,Emerg bypass popliteal artery by pop/fem art anastomosis NEC
"Disease of arteries, arterioles and capilleries",7A415,7A41500,Emerg bypass popliteal artery by pop/fem art anastomosis NEC
"Disease of arteries, arterioles and capilleries",7A416,7A41600,Emerg bypass popliteal artery by pop/fem art anastomosis NEC
"Disease of arteries, arterioles and capilleries",7A47D,7A47D00,Emerg bypass popliteal artery by pop/fem art anastomosis NEC
"Disease of arteries, arterioles and capilleries",^ESCTAR427147,,Emerg bypass popliteal artery by pop/fem art anastomosis NEC
"Disease of arteries, arterioles and capilleries",^ESCTCR427152,,Emerg bypass popliteal artery by pop/fem art anastomosis NEC
"Disease of arteries, arterioles and capilleries",^ESCTCR427149,,Emerg bypass popliteal artery by pop/fem art anastomosis NEC
"Disease of arteries, arterioles and capilleries",^ESCTCR427151,,Emerg bypass popliteal artery by pop/fem art anastomosis NEC
"Disease of arteries, arterioles and capilleries",^ESCTCR427148,,Emerg bypass popliteal artery by pop/fem art anastomosis NEC
"Disease of arteries, arterioles and capilleries",7A333,7A33300,Emerg bypass popliteal artery by pop/fem art anastomosis NEC
"Disease of arteries, arterioles and capilleries",7A40y,7A40y00,Emerg bypass popliteal artery by pop/fem art anastomosis NEC
"Disease of arteries, arterioles and capilleries",7A164,7A16400,Emerg bypass popliteal artery by pop/fem art anastomosis NEC
"Disease of arteries, arterioles and capilleries",^ESCTBY427150,,Emerg bypass popliteal artery by pop/fem art anastomosis NEC
"Disease of arteries, arterioles and capilleries",7A16,7A16.00,Emerg bypass popliteal artery by pop/fem art anastomosis NEC
"Disease of arteries, arterioles and capilleries",7A332,7A33200,Emerg bypass popliteal artery by pop/fem art anastomosis NEC
"Disease of arteries, arterioles and capilleries",7A41y,7A41y00,Emerg bypass popliteal artery by pop/fem art anastomosis NEC
"Disease of arteries, arterioles and capilleries",7A41z,7A41z00,Emerg bypass popliteal artery by pop/fem art anastomosis NEC
"Disease of arteries, arterioles and capilleries",7A330,7A33000,Emerg bypass popliteal artery by pop/fem art anastomosis NEC
"Disease of arteries, arterioles and capilleries",7A331,7A33100,Emerg bypass popliteal artery by pop/fem art anastomosis NEC
"Disease of arteries, arterioles and capilleries",7A16y,7A16y00,Emerg bypass popliteal artery by pop/fem art anastomosis NEC
"Disease of arteries, arterioles and capilleries",7A16z,7A16z00,Emerg bypass popliteal artery by pop/fem art anastomosis NEC
"Disease of arteries, arterioles and capilleries",7A143,7A14300,Emerg bypass popliteal artery by pop/fem art anastomosis NEC
"Disease of arteries, arterioles and capilleries",7A40A,7A40A00,Emerg bypass popliteal artery by pop/fem art anastomosis NEC
"Disease of arteries, arterioles and capilleries",7A151,7A15100,Emerg bypass popliteal artery by pop/fem art anastomosis NEC
"Disease of arteries, arterioles and capilleries",7A40z,7A40z00,Emerg bypass popliteal artery by pop/fem art anastomosis NEC
"Disease of arteries, arterioles and capilleries",7A522,7A52200,Emerg bypass popliteal artery by pop/fem art anastomosis NEC
"Disease of arteries, arterioles and capilleries",7A523,7A52300,Emerg bypass popliteal artery by pop/fem art anastomosis NEC
"Disease of arteries, arterioles and capilleries",7A47z,7A47z00,Emerg bypass popliteal artery by pop/fem art anastomosis NEC
"Disease of arteries, arterioles and capilleries",7A160,7A16000,Emerg bypass popliteal artery by pop/fem art anastomosis NEC
"Disease of arteries, arterioles and capilleries",7A47C,7A47C00,Emerg bypass popliteal artery by pop/fem art anastomosis NEC
"Disease of arteries, arterioles and capilleries",7A48-1,7A48.11,Other emergency bypass of femoral or popliteal artery OS
"Disease of arteries, arterioles and capilleries",7A47,7A47.00,Other emergency bypass of femoral or popliteal artery OS
"Disease of arteries, arterioles and capilleries",^ESCTRE671490,,Other emergency bypass of femoral or popliteal artery OS
"Disease of arteries, arterioles and capilleries",^ESCTRE671489,,Other emergency bypass of femoral or popliteal artery OS
"Disease of arteries, arterioles and capilleries",7A46z,7A46z00,Other emergency bypass of femoral or popliteal artery OS
"Disease of arteries, arterioles and capilleries",7A46y,7A46y00,Other emergency bypass of femoral or popliteal artery OS
"Disease of arteries, arterioles and capilleries",7A47y,7A47y00,Other emergency bypass of femoral or popliteal artery OS
"Disease of arteries, arterioles and capilleries",7A47-4,7A47.14,Other emergency bypass of femoral or popliteal artery NOS
"Disease of arteries, arterioles and capilleries",7A47-3,7A47.13,Other emergency bypass of femoral or popliteal artery NOS
"Disease of arteries, arterioles and capilleries",7A47-2,7A47.12,Other emergency bypass of femoral or popliteal artery NOS
"Disease of arteries, arterioles and capilleries",7A47-5,7A47.15,Other emergency bypass of femoral or popliteal artery NOS
"Disease of arteries, arterioles and capilleries",7A47-1,7A47.11,Other emergency bypass of femoral or popliteal artery NOS
"Disease of arteries, arterioles and capilleries",7A142,7A14200,Other emergency bypass of femoral or popliteal artery NOS
"Disease of arteries, arterioles and capilleries",7A140,7A14000,Other emergency bypass of femoral or popliteal artery NOS
"Disease of arteries, arterioles and capilleries",7A409,7A40900,Other emergency bypass of femoral or popliteal artery NOS
"Disease of arteries, arterioles and capilleries",7A40D,7A40D00,Other emergency bypass of femoral or popliteal artery NOS
"Disease of arteries, arterioles and capilleries",7A40B,7A40B00,Other emergency bypass of femoral or popliteal artery NOS
"Disease of arteries, arterioles and capilleries",7A40C,7A40C00,Other emergency bypass of femoral or popliteal artery NOS
"Disease of arteries, arterioles and capilleries",7A141,7A14100,Other emergency bypass of femoral or popliteal artery NOS
"Disease of arteries, arterioles and capilleries",7A163,7A16300,Other emergency bypass of femoral or popliteal artery NOS
"Disease of arteries, arterioles and capilleries",7A162,7A16200,Other emergency bypass of femoral or popliteal artery NOS
"Disease of arteries, arterioles and capilleries",7A161,7A16100,Other emergency bypass of femoral or popliteal artery NOS
"Disease of arteries, arterioles and capilleries",7A419,7A41900,Other emergency bypass of femoral or popliteal artery NOS
"Disease of arteries, arterioles and capilleries",7A41A,7A41A00,Other emergency bypass of femoral or popliteal artery NOS
"Disease of arteries, arterioles and capilleries",7A41D,7A41D00,Other emergency bypass of femoral or popliteal artery NOS
"Disease of arteries, arterioles and capilleries",7A41B,7A41B00,Other emergency bypass of femoral or popliteal artery NOS
"Disease of arteries, arterioles and capilleries",7A150,7A15000,Other emergency bypass of femoral or popliteal artery NOS
"Disease of arteries, arterioles and capilleries",7A414,7A41400,Other emergency bypass of femoral or popliteal artery NOS
"Disease of arteries, arterioles and capilleries",7A415,7A41500,Other emergency bypass of femoral or popliteal artery NOS
"Disease of arteries, arterioles and capilleries",7A416,7A41600,Other emergency bypass of femoral or popliteal artery NOS
"Disease of arteries, arterioles and capilleries",7A47D,7A47D00,Other emergency bypass of femoral or popliteal artery NOS
"Disease of arteries, arterioles and capilleries",^ESCTAR427147,,Other emergency bypass of femoral or popliteal artery NOS
"Disease of arteries, arterioles and capilleries",^ESCTCR427152,,Other emergency bypass of femoral or popliteal artery NOS
"Disease of arteries, arterioles and capilleries",^ESCTCR427149,,Other emergency bypass of femoral or popliteal artery NOS
"Disease of arteries, arterioles and capilleries",^ESCTCR427151,,Other emergency bypass of femoral or popliteal artery NOS
"Disease of arteries, arterioles and capilleries",^ESCTCR427148,,Other emergency bypass of femoral or popliteal artery NOS
"Disease of arteries, arterioles and capilleries",7A333,7A33300,Other emergency bypass of femoral or popliteal artery NOS
"Disease of arteries, arterioles and capilleries",7A40y,7A40y00,Other emergency bypass of femoral or popliteal artery NOS
"Disease of arteries, arterioles and capilleries",7A164,7A16400,Other emergency bypass of femoral or popliteal artery NOS
"Disease of arteries, arterioles and capilleries",^ESCTBY427150,,Other emergency bypass of femoral or popliteal artery NOS
"Disease of arteries, arterioles and capilleries",7A16,7A16.00,Other emergency bypass of femoral or popliteal artery NOS
"Disease of arteries, arterioles and capilleries",7A332,7A33200,Other emergency bypass of femoral or popliteal artery NOS
"Disease of arteries, arterioles and capilleries",7A41y,7A41y00,Other emergency bypass of femoral or popliteal artery NOS
"Disease of arteries, arterioles and capilleries",7A41z,7A41z00,Other emergency bypass of femoral or popliteal artery NOS
"Disease of arteries, arterioles and capilleries",7A330,7A33000,Other emergency bypass of femoral or popliteal artery NOS
"Disease of arteries, arterioles and capilleries",7A331,7A33100,Other emergency bypass of femoral or popliteal artery NOS
"Disease of arteries, arterioles and capilleries",7A16y,7A16y00,Other emergency bypass of femoral or popliteal artery NOS
"Disease of arteries, arterioles and capilleries",7A16z,7A16z00,Other emergency bypass of femoral or popliteal artery NOS
"Disease of arteries, arterioles and capilleries",7A143,7A14300,Other emergency bypass of femoral or popliteal artery NOS
"Disease of arteries, arterioles and capilleries",7A40A,7A40A00,Other emergency bypass of femoral or popliteal artery NOS
"Disease of arteries, arterioles and capilleries",7A151,7A15100,Other emergency bypass of femoral or popliteal artery NOS
"Disease of arteries, arterioles and capilleries",7A40z,7A40z00,Other emergency bypass of femoral or popliteal artery NOS
"Disease of arteries, arterioles and capilleries",7A522,7A52200,Other emergency bypass of femoral or popliteal artery NOS
"Disease of arteries, arterioles and capilleries",7A523,7A52300,Other emergency bypass of femoral or popliteal artery NOS
"Disease of arteries, arterioles and capilleries",7A47z,7A47z00,Other emergency bypass of femoral or popliteal artery NOS
"Disease of arteries, arterioles and capilleries",7A160,7A16000,Other emergency bypass of femoral or popliteal artery NOS
"Disease of arteries, arterioles and capilleries",7A47C,7A47C00,Other emergency bypass of femoral or popliteal artery NOS
"Disease of arteries, arterioles and capilleries",7A48,7A48.00,Arterial bypass of lower limb artery
"Disease of arteries, arterioles and capilleries",7A48y,7A48y00,Arterial bypass of lower limb artery
"Disease of arteries, arterioles and capilleries",7A48z,7A48z00,Arterial bypass of lower limb artery
"Disease of arteries, arterioles and capilleries",^ESCTAR671436,,Arterial bypass of lower limb artery
"Disease of arteries, arterioles and capilleries",7A48-1,7A48.11,Other bypass of femoral or popliteal artery by anastomosis
"Disease of arteries, arterioles and capilleries",7A47,7A47.00,Other bypass of femoral or popliteal artery by anastomosis
"Disease of arteries, arterioles and capilleries",^ESCTRE671490,,Other bypass of femoral or popliteal artery by anastomosis
"Disease of arteries, arterioles and capilleries",^ESCTRE671489,,Other bypass of femoral or popliteal artery by anastomosis
"Disease of arteries, arterioles and capilleries",7A46z,7A46z00,Other bypass of femoral or popliteal artery by anastomosis
"Disease of arteries, arterioles and capilleries",7A46y,7A46y00,Other bypass of femoral or popliteal artery by anastomosis
"Disease of arteries, arterioles and capilleries",7A47y,7A47y00,Other bypass of femoral or popliteal artery by anastomosis
"Disease of arteries, arterioles and capilleries",7A48-6,7A48.16,Other bypass of common femoral artery
"Disease of arteries, arterioles and capilleries",7A48-3,7A48.13,Other bypass of common femoral artery
"Disease of arteries, arterioles and capilleries",7A48-2,7A48.12,Other bypass of common femoral artery
"Disease of arteries, arterioles and capilleries",7A47-6,7A47.16,Other bypass of common femoral artery
"Disease of arteries, arterioles and capilleries",7A46-2,7A46.12,Other bypass of common femoral artery
"Disease of arteries, arterioles and capilleries",7A46-3,7A46.13,Other bypass of common femoral artery
"Disease of arteries, arterioles and capilleries",7A46-1,7A46.11,Other bypass of common femoral artery
"Disease of arteries, arterioles and capilleries",7A46-5,7A46.15,Other bypass of common femoral artery
"Disease of arteries, arterioles and capilleries",7A46,7A46.00,Other bypass of common femoral artery
"Disease of arteries, arterioles and capilleries",7A48-4,7A48.14,Other bypass of common femoral artery
"Disease of arteries, arterioles and capilleries",7A48-6,7A48.16,Femoral artery bypass
"Disease of arteries, arterioles and capilleries",7A48-3,7A48.13,Femoral artery bypass
"Disease of arteries, arterioles and capilleries",7A48-2,7A48.12,Femoral artery bypass
"Disease of arteries, arterioles and capilleries",7A47-6,7A47.16,Femoral artery bypass
"Disease of arteries, arterioles and capilleries",7A46-2,7A46.12,Femoral artery bypass
"Disease of arteries, arterioles and capilleries",7A46-3,7A46.13,Femoral artery bypass
"Disease of arteries, arterioles and capilleries",7A46-1,7A46.11,Femoral artery bypass
"Disease of arteries, arterioles and capilleries",7A46-5,7A46.15,Femoral artery bypass
"Disease of arteries, arterioles and capilleries",7A46,7A46.00,Femoral artery bypass
"Disease of arteries, arterioles and capilleries",7A48-4,7A48.14,Femoral artery bypass
"Disease of arteries, arterioles and capilleries",7A48-5,7A48.15,Popliteal-distal bypass
"Disease of arteries, arterioles and capilleries",7A469,7A46900,Popliteal-distal bypass
"Disease of arteries, arterioles and capilleries",7A463,7A46300,Popliteal-distal bypass
"Disease of arteries, arterioles and capilleries",7A48B,7A48B00,Popliteal-distal bypass
"Disease of arteries, arterioles and capilleries",7A489,7A48900,Popliteal-distal bypass
"Disease of arteries, arterioles and capilleries",7A481,7A48100,Popliteal-distal bypass
"Disease of arteries, arterioles and capilleries",7A485,7A48500,Popliteal-distal bypass
"Disease of arteries, arterioles and capilleries",7A487,7A48700,Popliteal-distal bypass
"Disease of arteries, arterioles and capilleries",7A47B,7A47B00,Popliteal-distal bypass
"Disease of arteries, arterioles and capilleries",7A473,7A47300,Popliteal-distal bypass
"Disease of arteries, arterioles and capilleries",7A477,7A47700,Popliteal-distal bypass
"Disease of arteries, arterioles and capilleries",7A475,7A47500,Popliteal-distal bypass
"Disease of arteries, arterioles and capilleries",^ESCTPO505009,,Popliteal-distal bypass
"Disease of arteries, arterioles and capilleries",7A46B,7A46B00,Popliteal-distal bypass
"Disease of arteries, arterioles and capilleries",7A467,7A46700,Popliteal-distal bypass
"Disease of arteries, arterioles and capilleries",7A461,7A46100,Popliteal-distal bypass
"Disease of arteries, arterioles and capilleries",7A483,7A48300,Popliteal-distal bypass
"Disease of arteries, arterioles and capilleries",7A465,7A46500,Popliteal-distal bypass
"Disease of arteries, arterioles and capilleries",7A479,7A47900,Popliteal-distal bypass
"Disease of arteries, arterioles and capilleries",7A471,7A47100,Popliteal-distal bypass
"Disease of arteries, arterioles and capilleries",7A48-6,7A48.16,Other bypass of superficial femoral artery
"Disease of arteries, arterioles and capilleries",7A48-3,7A48.13,Other bypass of superficial femoral artery
"Disease of arteries, arterioles and capilleries",7A48-2,7A48.12,Other bypass of superficial femoral artery
"Disease of arteries, arterioles and capilleries",7A47-6,7A47.16,Other bypass of superficial femoral artery
"Disease of arteries, arterioles and capilleries",7A46-2,7A46.12,Other bypass of superficial femoral artery
"Disease of arteries, arterioles and capilleries",7A46-3,7A46.13,Other bypass of superficial femoral artery
"Disease of arteries, arterioles and capilleries",7A46-1,7A46.11,Other bypass of superficial femoral artery
"Disease of arteries, arterioles and capilleries",7A46-5,7A46.15,Other bypass of superficial femoral artery
"Disease of arteries, arterioles and capilleries",7A46,7A46.00,Other bypass of superficial femoral artery
"Disease of arteries, arterioles and capilleries",7A48-4,7A48.14,Other bypass of superficial femoral artery
"Disease of arteries, arterioles and capilleries",^ESCTFE601980,,Bypass of femoral artery by anastomosis of femoral artery to popliteal artery using prosthesis
"Disease of arteries, arterioles and capilleries",7A480,7A48000,Bypass of femoral artery by anastomosis of femoral artery to popliteal artery using prosthesis
"Disease of arteries, arterioles and capilleries",7A48-5,7A48.15,Bypass popliteal artery by pop/pop a anast c prosthesis NEC
"Disease of arteries, arterioles and capilleries",7A469,7A46900,Bypass popliteal artery by pop/pop a anast c prosthesis NEC
"Disease of arteries, arterioles and capilleries",7A463,7A46300,Bypass popliteal artery by pop/pop a anast c prosthesis NEC
"Disease of arteries, arterioles and capilleries",7A48B,7A48B00,Bypass popliteal artery by pop/pop a anast c prosthesis NEC
"Disease of arteries, arterioles and capilleries",7A489,7A48900,Bypass popliteal artery by pop/pop a anast c prosthesis NEC
"Disease of arteries, arterioles and capilleries",7A481,7A48100,Bypass popliteal artery by pop/pop a anast c prosthesis NEC
"Disease of arteries, arterioles and capilleries",7A485,7A48500,Bypass popliteal artery by pop/pop a anast c prosthesis NEC
"Disease of arteries, arterioles and capilleries",7A487,7A48700,Bypass popliteal artery by pop/pop a anast c prosthesis NEC
"Disease of arteries, arterioles and capilleries",7A47B,7A47B00,Bypass popliteal artery by pop/pop a anast c prosthesis NEC
"Disease of arteries, arterioles and capilleries",7A473,7A47300,Bypass popliteal artery by pop/pop a anast c prosthesis NEC
"Disease of arteries, arterioles and capilleries",7A477,7A47700,Bypass popliteal artery by pop/pop a anast c prosthesis NEC
"Disease of arteries, arterioles and capilleries",7A475,7A47500,Bypass popliteal artery by pop/pop a anast c prosthesis NEC
"Disease of arteries, arterioles and capilleries",^ESCTPO505009,,Bypass popliteal artery by pop/pop a anast c prosthesis NEC
"Disease of arteries, arterioles and capilleries",7A46B,7A46B00,Bypass popliteal artery by pop/pop a anast c prosthesis NEC
"Disease of arteries, arterioles and capilleries",7A467,7A46700,Bypass popliteal artery by pop/pop a anast c prosthesis NEC
"Disease of arteries, arterioles and capilleries",7A461,7A46100,Bypass popliteal artery by pop/pop a anast c prosthesis NEC
"Disease of arteries, arterioles and capilleries",7A483,7A48300,Bypass popliteal artery by pop/pop a anast c prosthesis NEC
"Disease of arteries, arterioles and capilleries",7A465,7A46500,Bypass popliteal artery by pop/pop a anast c prosthesis NEC
"Disease of arteries, arterioles and capilleries",7A479,7A47900,Bypass popliteal artery by pop/pop a anast c prosthesis NEC
"Disease of arteries, arterioles and capilleries",7A471,7A47100,Bypass popliteal artery by pop/pop a anast c prosthesis NEC
"Disease of arteries, arterioles and capilleries",7A482,7A48200,Bypass of femoral artery by anastomosis of femoral artery to popliteal artery using vein graft
"Disease of arteries, arterioles and capilleries",^ESCTFE332296,,Bypass of femoral artery by anastomosis of femoral artery to popliteal artery using vein graft
"Disease of arteries, arterioles and capilleries",^ESCTFE332294,,Bypass of femoral artery by anastomosis of femoral artery to popliteal artery using vein graft
"Disease of arteries, arterioles and capilleries",^ESCTFE332295,,Bypass of femoral artery by anastomosis of femoral artery to popliteal artery using vein graft
"Disease of arteries, arterioles and capilleries",7A48-5,7A48.15,Bypass popliteal artery by pop/pop a anast c vein graft NEC
"Disease of arteries, arterioles and capilleries",7A469,7A46900,Bypass popliteal artery by pop/pop a anast c vein graft NEC
"Disease of arteries, arterioles and capilleries",7A463,7A46300,Bypass popliteal artery by pop/pop a anast c vein graft NEC
"Disease of arteries, arterioles and capilleries",7A48B,7A48B00,Bypass popliteal artery by pop/pop a anast c vein graft NEC
"Disease of arteries, arterioles and capilleries",7A489,7A48900,Bypass popliteal artery by pop/pop a anast c vein graft NEC
"Disease of arteries, arterioles and capilleries",7A481,7A48100,Bypass popliteal artery by pop/pop a anast c vein graft NEC
"Disease of arteries, arterioles and capilleries",7A485,7A48500,Bypass popliteal artery by pop/pop a anast c vein graft NEC
"Disease of arteries, arterioles and capilleries",7A487,7A48700,Bypass popliteal artery by pop/pop a anast c vein graft NEC
"Disease of arteries, arterioles and capilleries",7A47B,7A47B00,Bypass popliteal artery by pop/pop a anast c vein graft NEC
"Disease of arteries, arterioles and capilleries",7A473,7A47300,Bypass popliteal artery by pop/pop a anast c vein graft NEC
"Disease of arteries, arterioles and capilleries",7A477,7A47700,Bypass popliteal artery by pop/pop a anast c vein graft NEC
"Disease of arteries, arterioles and capilleries",7A475,7A47500,Bypass popliteal artery by pop/pop a anast c vein graft NEC
"Disease of arteries, arterioles and capilleries",^ESCTPO505009,,Bypass popliteal artery by pop/pop a anast c vein graft NEC
"Disease of arteries, arterioles and capilleries",7A46B,7A46B00,Bypass popliteal artery by pop/pop a anast c vein graft NEC
"Disease of arteries, arterioles and capilleries",7A467,7A46700,Bypass popliteal artery by pop/pop a anast c vein graft NEC
"Disease of arteries, arterioles and capilleries",7A461,7A46100,Bypass popliteal artery by pop/pop a anast c vein graft NEC
"Disease of arteries, arterioles and capilleries",7A483,7A48300,Bypass popliteal artery by pop/pop a anast c vein graft NEC
"Disease of arteries, arterioles and capilleries",7A465,7A46500,Bypass popliteal artery by pop/pop a anast c vein graft NEC
"Disease of arteries, arterioles and capilleries",7A479,7A47900,Bypass popliteal artery by pop/pop a anast c vein graft NEC
"Disease of arteries, arterioles and capilleries",7A471,7A47100,Bypass popliteal artery by pop/pop a anast c vein graft NEC
"Disease of arteries, arterioles and capilleries",7A468,7A46800,Bypass femoral artery by fem/tib art anast c prosthesis NEC
"Disease of arteries, arterioles and capilleries",7A464,7A46400,Bypass femoral artery by fem/tib art anast c prosthesis NEC
"Disease of arteries, arterioles and capilleries",^ESCTFE505003,,Bypass femoral artery by fem/tib art anast c prosthesis NEC
"Disease of arteries, arterioles and capilleries",7A46A,7A46A00,Bypass femoral artery by fem/tib art anast c prosthesis NEC
"Disease of arteries, arterioles and capilleries",7A466,7A46600,Bypass femoral artery by fem/tib art anast c prosthesis NEC
"Disease of arteries, arterioles and capilleries",7A476,7A47600,Bypass femoral artery by fem/tib art anast c prosthesis NEC
"Disease of arteries, arterioles and capilleries",7A474,7A47400,Bypass femoral artery by fem/tib art anast c prosthesis NEC
"Disease of arteries, arterioles and capilleries",7A488,7A48800,Bypass femoral artery by fem/tib art anast c prosthesis NEC
"Disease of arteries, arterioles and capilleries",7A484,7A48400,Bypass femoral artery by fem/tib art anast c prosthesis NEC
"Disease of arteries, arterioles and capilleries",7A47A,7A47A00,Bypass femoral artery by fem/tib art anast c prosthesis NEC
"Disease of arteries, arterioles and capilleries",7A478,7A47800,Bypass femoral artery by fem/tib art anast c prosthesis NEC
"Disease of arteries, arterioles and capilleries",^ESCTBK505006,,Bypass femoral artery by fem/tib art anast c prosthesis NEC
"Disease of arteries, arterioles and capilleries",^ESCTFE505007,,Bypass femoral artery by fem/tib art anast c prosthesis NEC
"Disease of arteries, arterioles and capilleries",^ESCTFD505005,,Bypass femoral artery by fem/tib art anast c prosthesis NEC
"Disease of arteries, arterioles and capilleries",^ESCTFE505004,,Bypass femoral artery by fem/tib art anast c prosthesis NEC
"Disease of arteries, arterioles and capilleries",7A48-5,7A48.15,Bypass popliteal artery by pop/tib a anast c prosthesis NEC
"Disease of arteries, arterioles and capilleries",7A469,7A46900,Bypass popliteal artery by pop/tib a anast c prosthesis NEC
"Disease of arteries, arterioles and capilleries",7A463,7A46300,Bypass popliteal artery by pop/tib a anast c prosthesis NEC
"Disease of arteries, arterioles and capilleries",7A48B,7A48B00,Bypass popliteal artery by pop/tib a anast c prosthesis NEC
"Disease of arteries, arterioles and capilleries",7A489,7A48900,Bypass popliteal artery by pop/tib a anast c prosthesis NEC
"Disease of arteries, arterioles and capilleries",7A481,7A48100,Bypass popliteal artery by pop/tib a anast c prosthesis NEC
"Disease of arteries, arterioles and capilleries",7A485,7A48500,Bypass popliteal artery by pop/tib a anast c prosthesis NEC
"Disease of arteries, arterioles and capilleries",7A487,7A48700,Bypass popliteal artery by pop/tib a anast c prosthesis NEC
"Disease of arteries, arterioles and capilleries",7A47B,7A47B00,Bypass popliteal artery by pop/tib a anast c prosthesis NEC
"Disease of arteries, arterioles and capilleries",7A473,7A47300,Bypass popliteal artery by pop/tib a anast c prosthesis NEC
"Disease of arteries, arterioles and capilleries",7A477,7A47700,Bypass popliteal artery by pop/tib a anast c prosthesis NEC
"Disease of arteries, arterioles and capilleries",7A475,7A47500,Bypass popliteal artery by pop/tib a anast c prosthesis NEC
"Disease of arteries, arterioles and capilleries",^ESCTPO505009,,Bypass popliteal artery by pop/tib a anast c prosthesis NEC
"Disease of arteries, arterioles and capilleries",7A46B,7A46B00,Bypass popliteal artery by pop/tib a anast c prosthesis NEC
"Disease of arteries, arterioles and capilleries",7A467,7A46700,Bypass popliteal artery by pop/tib a anast c prosthesis NEC
"Disease of arteries, arterioles and capilleries",7A461,7A46100,Bypass popliteal artery by pop/tib a anast c prosthesis NEC
"Disease of arteries, arterioles and capilleries",7A483,7A48300,Bypass popliteal artery by pop/tib a anast c prosthesis NEC
"Disease of arteries, arterioles and capilleries",7A465,7A46500,Bypass popliteal artery by pop/tib a anast c prosthesis NEC
"Disease of arteries, arterioles and capilleries",7A479,7A47900,Bypass popliteal artery by pop/tib a anast c prosthesis NEC
"Disease of arteries, arterioles and capilleries",7A471,7A47100,Bypass popliteal artery by pop/tib a anast c prosthesis NEC
"Disease of arteries, arterioles and capilleries",7A486,7A48600,Bypass of femoral artery by anastomosis of femoral artery to tibial artery using vein graft
"Disease of arteries, arterioles and capilleries",7A48-5,7A48.15,Bypass popliteal artery by pop/tib a anast c vein graft NEC
"Disease of arteries, arterioles and capilleries",7A469,7A46900,Bypass popliteal artery by pop/tib a anast c vein graft NEC
"Disease of arteries, arterioles and capilleries",7A463,7A46300,Bypass popliteal artery by pop/tib a anast c vein graft NEC
"Disease of arteries, arterioles and capilleries",7A48B,7A48B00,Bypass popliteal artery by pop/tib a anast c vein graft NEC
"Disease of arteries, arterioles and capilleries",7A489,7A48900,Bypass popliteal artery by pop/tib a anast c vein graft NEC
"Disease of arteries, arterioles and capilleries",7A481,7A48100,Bypass popliteal artery by pop/tib a anast c vein graft NEC
"Disease of arteries, arterioles and capilleries",7A485,7A48500,Bypass popliteal artery by pop/tib a anast c vein graft NEC
"Disease of arteries, arterioles and capilleries",7A487,7A48700,Bypass popliteal artery by pop/tib a anast c vein graft NEC
"Disease of arteries, arterioles and capilleries",7A47B,7A47B00,Bypass popliteal artery by pop/tib a anast c vein graft NEC
"Disease of arteries, arterioles and capilleries",7A473,7A47300,Bypass popliteal artery by pop/tib a anast c vein graft NEC
"Disease of arteries, arterioles and capilleries",7A477,7A47700,Bypass popliteal artery by pop/tib a anast c vein graft NEC
"Disease of arteries, arterioles and capilleries",7A475,7A47500,Bypass popliteal artery by pop/tib a anast c vein graft NEC
"Disease of arteries, arterioles and capilleries",^ESCTPO505009,,Bypass popliteal artery by pop/tib a anast c vein graft NEC
"Disease of arteries, arterioles and capilleries",7A46B,7A46B00,Bypass popliteal artery by pop/tib a anast c vein graft NEC
"Disease of arteries, arterioles and capilleries",7A467,7A46700,Bypass popliteal artery by pop/tib a anast c vein graft NEC
"Disease of arteries, arterioles and capilleries",7A461,7A46100,Bypass popliteal artery by pop/tib a anast c vein graft NEC
"Disease of arteries, arterioles and capilleries",7A483,7A48300,Bypass popliteal artery by pop/tib a anast c vein graft NEC
"Disease of arteries, arterioles and capilleries",7A465,7A46500,Bypass popliteal artery by pop/tib a anast c vein graft NEC
"Disease of arteries, arterioles and capilleries",7A479,7A47900,Bypass popliteal artery by pop/tib a anast c vein graft NEC
"Disease of arteries, arterioles and capilleries",7A471,7A47100,Bypass popliteal artery by pop/tib a anast c vein graft NEC
"Disease of arteries, arterioles and capilleries",7A468,7A46800,Bypass femoral artery by fem/peron a anast c prosthesis NEC
"Disease of arteries, arterioles and capilleries",7A464,7A46400,Bypass femoral artery by fem/peron a anast c prosthesis NEC
"Disease of arteries, arterioles and capilleries",^ESCTFE505003,,Bypass femoral artery by fem/peron a anast c prosthesis NEC
"Disease of arteries, arterioles and capilleries",7A46A,7A46A00,Bypass femoral artery by fem/peron a anast c prosthesis NEC
"Disease of arteries, arterioles and capilleries",7A466,7A46600,Bypass femoral artery by fem/peron a anast c prosthesis NEC
"Disease of arteries, arterioles and capilleries",7A476,7A47600,Bypass femoral artery by fem/peron a anast c prosthesis NEC
"Disease of arteries, arterioles and capilleries",7A474,7A47400,Bypass femoral artery by fem/peron a anast c prosthesis NEC
"Disease of arteries, arterioles and capilleries",7A488,7A48800,Bypass femoral artery by fem/peron a anast c prosthesis NEC
"Disease of arteries, arterioles and capilleries",7A484,7A48400,Bypass femoral artery by fem/peron a anast c prosthesis NEC
"Disease of arteries, arterioles and capilleries",7A47A,7A47A00,Bypass femoral artery by fem/peron a anast c prosthesis NEC
"Disease of arteries, arterioles and capilleries",7A478,7A47800,Bypass femoral artery by fem/peron a anast c prosthesis NEC
"Disease of arteries, arterioles and capilleries",^ESCTBK505006,,Bypass femoral artery by fem/peron a anast c prosthesis NEC
"Disease of arteries, arterioles and capilleries",^ESCTFE505007,,Bypass femoral artery by fem/peron a anast c prosthesis NEC
"Disease of arteries, arterioles and capilleries",^ESCTFD505005,,Bypass femoral artery by fem/peron a anast c prosthesis NEC
"Disease of arteries, arterioles and capilleries",^ESCTFE505004,,Bypass femoral artery by fem/peron a anast c prosthesis NEC
"Disease of arteries, arterioles and capilleries",7A48A,7A48A00,Bypass of femoral artery by anastomosis of femoral artery to peroneal artery using vein graft
"Disease of arteries, arterioles and capilleries",7A48-5,7A48.15,Bypass popliteal art by pop/peron art anast c vein graft NEC
"Disease of arteries, arterioles and capilleries",7A469,7A46900,Bypass popliteal art by pop/peron art anast c vein graft NEC
"Disease of arteries, arterioles and capilleries",7A463,7A46300,Bypass popliteal art by pop/peron art anast c vein graft NEC
"Disease of arteries, arterioles and capilleries",7A48B,7A48B00,Bypass popliteal art by pop/peron art anast c vein graft NEC
"Disease of arteries, arterioles and capilleries",7A489,7A48900,Bypass popliteal art by pop/peron art anast c vein graft NEC
"Disease of arteries, arterioles and capilleries",7A481,7A48100,Bypass popliteal art by pop/peron art anast c vein graft NEC
"Disease of arteries, arterioles and capilleries",7A485,7A48500,Bypass popliteal art by pop/peron art anast c vein graft NEC
"Disease of arteries, arterioles and capilleries",7A487,7A48700,Bypass popliteal art by pop/peron art anast c vein graft NEC
"Disease of arteries, arterioles and capilleries",7A47B,7A47B00,Bypass popliteal art by pop/peron art anast c vein graft NEC
"Disease of arteries, arterioles and capilleries",7A473,7A47300,Bypass popliteal art by pop/peron art anast c vein graft NEC
"Disease of arteries, arterioles and capilleries",7A477,7A47700,Bypass popliteal art by pop/peron art anast c vein graft NEC
"Disease of arteries, arterioles and capilleries",7A475,7A47500,Bypass popliteal art by pop/peron art anast c vein graft NEC
"Disease of arteries, arterioles and capilleries",^ESCTPO505009,,Bypass popliteal art by pop/peron art anast c vein graft NEC
"Disease of arteries, arterioles and capilleries",7A46B,7A46B00,Bypass popliteal art by pop/peron art anast c vein graft NEC
"Disease of arteries, arterioles and capilleries",7A467,7A46700,Bypass popliteal art by pop/peron art anast c vein graft NEC
"Disease of arteries, arterioles and capilleries",7A461,7A46100,Bypass popliteal art by pop/peron art anast c vein graft NEC
"Disease of arteries, arterioles and capilleries",7A483,7A48300,Bypass popliteal art by pop/peron art anast c vein graft NEC
"Disease of arteries, arterioles and capilleries",7A465,7A46500,Bypass popliteal art by pop/peron art anast c vein graft NEC
"Disease of arteries, arterioles and capilleries",7A479,7A47900,Bypass popliteal art by pop/peron art anast c vein graft NEC
"Disease of arteries, arterioles and capilleries",7A471,7A47100,Bypass popliteal art by pop/peron art anast c vein graft NEC
"Disease of arteries, arterioles and capilleries",7A46C,7A46C00,Femoral-femoral artery vascular bypass
"Disease of arteries, arterioles and capilleries",7A48C,7A48C00,Femoral-femoral artery vascular bypass
"Disease of arteries, arterioles and capilleries",^ESCTBY322014,,Femoral-femoral artery vascular bypass
"Disease of arteries, arterioles and capilleries",7A462,7A46200,Bypass popliteal artery by pop/fem artery anastomosis NEC
"Disease of arteries, arterioles and capilleries",7A460,7A46000,Bypass popliteal artery by pop/fem artery anastomosis NEC
"Disease of arteries, arterioles and capilleries",7A46D,7A46D00,Bypass popliteal artery by pop/fem artery anastomosis NEC
"Disease of arteries, arterioles and capilleries",^ESCTFE421485,,Bypass popliteal artery by pop/fem artery anastomosis NEC
"Disease of arteries, arterioles and capilleries",^ESCTCR421481,,Bypass popliteal artery by pop/fem artery anastomosis NEC
"Disease of arteries, arterioles and capilleries",7A48D,7A48D00,Bypass popliteal artery by pop/fem artery anastomosis NEC
"Disease of arteries, arterioles and capilleries",7A472,7A47200,Bypass popliteal artery by pop/fem artery anastomosis NEC
"Disease of arteries, arterioles and capilleries",^ESCTFE421483,,Bypass popliteal artery by pop/fem artery anastomosis NEC
"Disease of arteries, arterioles and capilleries",^ESCTBY421486,,Bypass popliteal artery by pop/fem artery anastomosis NEC
"Disease of arteries, arterioles and capilleries",^ESCTFE421479,,Bypass popliteal artery by pop/fem artery anastomosis NEC
"Disease of arteries, arterioles and capilleries",^ESCTAK421484,,Bypass popliteal artery by pop/fem artery anastomosis NEC
"Disease of arteries, arterioles and capilleries",^ESCTFP421482,,Bypass popliteal artery by pop/fem artery anastomosis NEC
"Disease of arteries, arterioles and capilleries",^ESCTFE421480,,Bypass popliteal artery by pop/fem artery anastomosis NEC
"Disease of arteries, arterioles and capilleries",7A470,7A47000,Bypass popliteal artery by pop/fem artery anastomosis NEC
"Disease of arteries, arterioles and capilleries",7A48E,7A48E00,Femorofemoral prosthetic crossover graft
"Disease of arteries, arterioles and capilleries",7A413-1,7A41311,Femorofemoral prosthetic crossover graft
"Disease of arteries, arterioles and capilleries",7A48,7A48.00,Other bypass of femoral artery or popliteal artery OS
"Disease of arteries, arterioles and capilleries",7A48y,7A48y00,Other bypass of femoral artery or popliteal artery OS
"Disease of arteries, arterioles and capilleries",7A48z,7A48z00,Other bypass of femoral artery or popliteal artery OS
"Disease of arteries, arterioles and capilleries",^ESCTAR671436,,Other bypass of femoral artery or popliteal artery OS
"Disease of arteries, arterioles and capilleries",7A48,7A48.00,Other bypass of femoral artery or popliteal artery NOS
"Disease of arteries, arterioles and capilleries",7A48y,7A48y00,Other bypass of femoral artery or popliteal artery NOS
"Disease of arteries, arterioles and capilleries",7A48z,7A48z00,Other bypass of femoral artery or popliteal artery NOS
"Disease of arteries, arterioles and capilleries",^ESCTAR671436,,Other bypass of femoral artery or popliteal artery NOS
"Disease of arteries, arterioles and capilleries",7A49y,7A49y00,Reconstruction of femoral artery or popliteal artery
"Disease of arteries, arterioles and capilleries",7A4A0,7A4A000,Reconstruction of femoral artery or popliteal artery
"Disease of arteries, arterioles and capilleries",7A49z,7A49z00,Reconstruction of femoral artery or popliteal artery
"Disease of arteries, arterioles and capilleries",7A4A5,7A4A500,Reconstruction of femoral artery or popliteal artery
"Disease of arteries, arterioles and capilleries",7A49,7A49.00,Reconstruction of femoral artery or popliteal artery
"Disease of arteries, arterioles and capilleries",7A49-1,7A49.11,Reconstruction of common femoral artery
"Disease of arteries, arterioles and capilleries",7A49-3,7A49.13,Reconstruction of femoral artery
"Disease of arteries, arterioles and capilleries",7A49-4,7A49.14,Reconstruction of popliteal artery
"Disease of arteries, arterioles and capilleries",7A49-5,7A49.15,Reconstruction of superficial femoral artery
"Disease of arteries, arterioles and capilleries",7A490,7A49000,Endarterectomy of femoral artery and patch repair of femoral artery
"Disease of arteries, arterioles and capilleries",7A491,7A49100,Endarterectomy of popliteal artery and patch repair of popliteal artery
"Disease of arteries, arterioles and capilleries",^ESCTEN276294,,Femoral endarterectomy
"Disease of arteries, arterioles and capilleries",7A492,7A49200,Femoral endarterectomy
"Disease of arteries, arterioles and capilleries",7A493,7A49300,Endarterectomy of popliteal artery
"Disease of arteries, arterioles and capilleries",7A494,7A49400,Profundoplasty of femoral artery and patch repair of deep femoral artery
"Disease of arteries, arterioles and capilleries",7A495,7A49500,Profundoplasty of popliteal artery and patch repair of popliteal artery
"Disease of arteries, arterioles and capilleries",^ESCTPR671320,,Profundoplasty of femoral artery NEC
"Disease of arteries, arterioles and capilleries",^ESCTRE671319,,Profundoplasty of femoral artery NEC
"Disease of arteries, arterioles and capilleries",7A497,7A49700,Profundoplasty of femoral artery NEC
"Disease of arteries, arterioles and capilleries",^ESCTPR671321,,Profundoplasty of femoral artery NEC
"Disease of arteries, arterioles and capilleries",7A496,7A49600,Profundoplasty of femoral artery NEC
"Disease of arteries, arterioles and capilleries",^ESCTPR671320,,Profundoplasty of popliteal artery NEC
"Disease of arteries, arterioles and capilleries",^ESCTRE671319,,Profundoplasty of popliteal artery NEC
"Disease of arteries, arterioles and capilleries",7A497,7A49700,Profundoplasty of popliteal artery NEC
"Disease of arteries, arterioles and capilleries",^ESCTPR671321,,Profundoplasty of popliteal artery NEC
"Disease of arteries, arterioles and capilleries",7A496,7A49600,Profundoplasty of popliteal artery NEC
"Disease of arteries, arterioles and capilleries",7A498,7A49800,Reconstruction of femoral artery with vein graft
"Disease of arteries, arterioles and capilleries",7A499,7A49900,Reconstruction of popliteal artery with vein graft
"Disease of arteries, arterioles and capilleries",7A49y,7A49y00,Reconstruction of femoral or popliteal artery OS
"Disease of arteries, arterioles and capilleries",7A4A0,7A4A000,Reconstruction of femoral or popliteal artery OS
"Disease of arteries, arterioles and capilleries",7A49z,7A49z00,Reconstruction of femoral or popliteal artery OS
"Disease of arteries, arterioles and capilleries",7A4A5,7A4A500,Reconstruction of femoral or popliteal artery OS
"Disease of arteries, arterioles and capilleries",7A49,7A49.00,Reconstruction of femoral or popliteal artery OS
"Disease of arteries, arterioles and capilleries",7A49y,7A49y00,Reconstruction of femoral or popliteal artery NOS
"Disease of arteries, arterioles and capilleries",7A4A0,7A4A000,Reconstruction of femoral or popliteal artery NOS
"Disease of arteries, arterioles and capilleries",7A49z,7A49z00,Reconstruction of femoral or popliteal artery NOS
"Disease of arteries, arterioles and capilleries",7A4A5,7A4A500,Reconstruction of femoral or popliteal artery NOS
"Disease of arteries, arterioles and capilleries",7A49,7A49.00,Reconstruction of femoral or popliteal artery NOS
"Disease of arteries, arterioles and capilleries",7A27-2,7A27.12,Other open operations on femoral artery or popliteal artery
"Disease of arteries, arterioles and capilleries",7A544,7A54400,Other open operations on femoral artery or popliteal artery
"Disease of arteries, arterioles and capilleries",7A4A-4,7A4A.14,Other open operations on femoral artery or popliteal artery
"Disease of arteries, arterioles and capilleries",7A4A-3,7A4A.13,Other open operations on femoral artery or popliteal artery
"Disease of arteries, arterioles and capilleries",7A4A-2,7A4A.12,Other open operations on femoral artery or popliteal artery
"Disease of arteries, arterioles and capilleries",7A4A-1,7A4A.11,Other open operations on femoral artery or popliteal artery
"Disease of arteries, arterioles and capilleries",7A4Az,7A4Az00,Other open operations on femoral artery or popliteal artery
"Disease of arteries, arterioles and capilleries",7A4Ay,7A4Ay00,Other open operations on femoral artery or popliteal artery
"Disease of arteries, arterioles and capilleries",7A56y,7A56y00,Other open operations on femoral artery or popliteal artery
"Disease of arteries, arterioles and capilleries",7A56z,7A56z00,Other open operations on femoral artery or popliteal artery
"Disease of arteries, arterioles and capilleries",7A5z,7A5z.00,Other open operations on femoral artery or popliteal artery
"Disease of arteries, arterioles and capilleries",^ESCTAR431235,,Other open operations on femoral artery or popliteal artery
"Disease of arteries, arterioles and capilleries",^ESCTAR431234,,Other open operations on femoral artery or popliteal artery
"Disease of arteries, arterioles and capilleries",7A5,7A5..00,Other open operations on femoral artery or popliteal artery
"Disease of arteries, arterioles and capilleries",7A53,7A53.00,Other open operations on femoral artery or popliteal artery
"Disease of arteries, arterioles and capilleries",7A533,7A53300,Other open operations on femoral artery or popliteal artery
"Disease of arteries, arterioles and capilleries",7A53y,7A53y00,Other open operations on femoral artery or popliteal artery
"Disease of arteries, arterioles and capilleries",7A53z,7A53z00,Other open operations on femoral artery or popliteal artery
"Disease of arteries, arterioles and capilleries",7A54,7A54.00,Other open operations on femoral artery or popliteal artery
"Disease of arteries, arterioles and capilleries",7A543,7A54300,Other open operations on femoral artery or popliteal artery
"Disease of arteries, arterioles and capilleries",7A54z,7A54z00,Other open operations on femoral artery or popliteal artery
"Disease of arteries, arterioles and capilleries",7A55,7A55.00,Other open operations on femoral artery or popliteal artery
"Disease of arteries, arterioles and capilleries",7A6G3,7A6G300,Other open operations on femoral artery or popliteal artery
"Disease of arteries, arterioles and capilleries",7A4A6,7A4A600,Other open operations on femoral artery or popliteal artery
"Disease of arteries, arterioles and capilleries",7A534,7A53400,Other open operations on femoral artery or popliteal artery
"Disease of arteries, arterioles and capilleries",7A5y,7A5y.00,Other open operations on femoral artery or popliteal artery
"Disease of arteries, arterioles and capilleries",7A56,7A56.00,Other open operations on femoral artery or popliteal artery
"Disease of arteries, arterioles and capilleries",7A4A,7A4A.00,Other open operations on femoral artery or popliteal artery
"Disease of arteries, arterioles and capilleries",7A54y,7A54y00,Other open operations on femoral artery or popliteal artery
"Disease of arteries, arterioles and capilleries",^ESCTPR431233,,Other open operations on femoral artery or popliteal artery
"Disease of arteries, arterioles and capilleries",7A55z,7A55z00,Other open operations on femoral artery or popliteal artery
"Disease of arteries, arterioles and capilleries",7A27-1,7A27.11,Other open operations on femoral artery or popliteal artery
"Disease of arteries, arterioles and capilleries",7A55y,7A55y00,Other open operations on femoral artery or popliteal artery
"Disease of arteries, arterioles and capilleries",7A27-2,7A27.12,Other open operations on common femoral artery
"Disease of arteries, arterioles and capilleries",7A544,7A54400,Other open operations on common femoral artery
"Disease of arteries, arterioles and capilleries",7A4A-4,7A4A.14,Other open operations on common femoral artery
"Disease of arteries, arterioles and capilleries",7A4A-3,7A4A.13,Other open operations on common femoral artery
"Disease of arteries, arterioles and capilleries",7A4A-2,7A4A.12,Other open operations on common femoral artery
"Disease of arteries, arterioles and capilleries",7A4A-1,7A4A.11,Other open operations on common femoral artery
"Disease of arteries, arterioles and capilleries",7A4Az,7A4Az00,Other open operations on common femoral artery
"Disease of arteries, arterioles and capilleries",7A4Ay,7A4Ay00,Other open operations on common femoral artery
"Disease of arteries, arterioles and capilleries",7A56y,7A56y00,Other open operations on common femoral artery
"Disease of arteries, arterioles and capilleries",7A56z,7A56z00,Other open operations on common femoral artery
"Disease of arteries, arterioles and capilleries",7A5z,7A5z.00,Other open operations on common femoral artery
"Disease of arteries, arterioles and capilleries",^ESCTAR431235,,Other open operations on common femoral artery
"Disease of arteries, arterioles and capilleries",^ESCTAR431234,,Other open operations on common femoral artery
"Disease of arteries, arterioles and capilleries",7A5,7A5..00,Other open operations on common femoral artery
"Disease of arteries, arterioles and capilleries",7A53,7A53.00,Other open operations on common femoral artery
"Disease of arteries, arterioles and capilleries",7A533,7A53300,Other open operations on common femoral artery
"Disease of arteries, arterioles and capilleries",7A53y,7A53y00,Other open operations on common femoral artery
"Disease of arteries, arterioles and capilleries",7A53z,7A53z00,Other open operations on common femoral artery
"Disease of arteries, arterioles and capilleries",7A54,7A54.00,Other open operations on common femoral artery
"Disease of arteries, arterioles and capilleries",7A543,7A54300,Other open operations on common femoral artery
"Disease of arteries, arterioles and capilleries",7A54z,7A54z00,Other open operations on common femoral artery
"Disease of arteries, arterioles and capilleries",7A55,7A55.00,Other open operations on common femoral artery
"Disease of arteries, arterioles and capilleries",7A6G3,7A6G300,Other open operations on common femoral artery
"Disease of arteries, arterioles and capilleries",7A4A6,7A4A600,Other open operations on common femoral artery
"Disease of arteries, arterioles and capilleries",7A534,7A53400,Other open operations on common femoral artery
"Disease of arteries, arterioles and capilleries",7A5y,7A5y.00,Other open operations on common femoral artery
"Disease of arteries, arterioles and capilleries",7A56,7A56.00,Other open operations on common femoral artery
"Disease of arteries, arterioles and capilleries",7A4A,7A4A.00,Other open operations on common femoral artery
"Disease of arteries, arterioles and capilleries",7A54y,7A54y00,Other open operations on common femoral artery
"Disease of arteries, arterioles and capilleries",^ESCTPR431233,,Other open operations on common femoral artery
"Disease of arteries, arterioles and capilleries",7A55z,7A55z00,Other open operations on common femoral artery
"Disease of arteries, arterioles and capilleries",7A27-1,7A27.11,Other open operations on common femoral artery
"Disease of arteries, arterioles and capilleries",7A55y,7A55y00,Other open operations on common femoral artery
"Disease of arteries, arterioles and capilleries",7A27-2,7A27.12,Other open operations on popliteal artery
"Disease of arteries, arterioles and capilleries",7A544,7A54400,Other open operations on popliteal artery
"Disease of arteries, arterioles and capilleries",7A4A-4,7A4A.14,Other open operations on popliteal artery
"Disease of arteries, arterioles and capilleries",7A4A-3,7A4A.13,Other open operations on popliteal artery
"Disease of arteries, arterioles and capilleries",7A4A-2,7A4A.12,Other open operations on popliteal artery
"Disease of arteries, arterioles and capilleries",7A4A-1,7A4A.11,Other open operations on popliteal artery
"Disease of arteries, arterioles and capilleries",7A4Az,7A4Az00,Other open operations on popliteal artery
"Disease of arteries, arterioles and capilleries",7A4Ay,7A4Ay00,Other open operations on popliteal artery
"Disease of arteries, arterioles and capilleries",7A56y,7A56y00,Other open operations on popliteal artery
"Disease of arteries, arterioles and capilleries",7A56z,7A56z00,Other open operations on popliteal artery
"Disease of arteries, arterioles and capilleries",7A5z,7A5z.00,Other open operations on popliteal artery
"Disease of arteries, arterioles and capilleries",^ESCTAR431235,,Other open operations on popliteal artery
"Disease of arteries, arterioles and capilleries",^ESCTAR431234,,Other open operations on popliteal artery
"Disease of arteries, arterioles and capilleries",7A5,7A5..00,Other open operations on popliteal artery
"Disease of arteries, arterioles and capilleries",7A53,7A53.00,Other open operations on popliteal artery
"Disease of arteries, arterioles and capilleries",7A533,7A53300,Other open operations on popliteal artery
"Disease of arteries, arterioles and capilleries",7A53y,7A53y00,Other open operations on popliteal artery
"Disease of arteries, arterioles and capilleries",7A53z,7A53z00,Other open operations on popliteal artery
"Disease of arteries, arterioles and capilleries",7A54,7A54.00,Other open operations on popliteal artery
"Disease of arteries, arterioles and capilleries",7A543,7A54300,Other open operations on popliteal artery
"Disease of arteries, arterioles and capilleries",7A54z,7A54z00,Other open operations on popliteal artery
"Disease of arteries, arterioles and capilleries",7A55,7A55.00,Other open operations on popliteal artery
"Disease of arteries, arterioles and capilleries",7A6G3,7A6G300,Other open operations on popliteal artery
"Disease of arteries, arterioles and capilleries",7A4A6,7A4A600,Other open operations on popliteal artery
"Disease of arteries, arterioles and capilleries",7A534,7A53400,Other open operations on popliteal artery
"Disease of arteries, arterioles and capilleries",7A5y,7A5y.00,Other open operations on popliteal artery
"Disease of arteries, arterioles and capilleries",7A56,7A56.00,Other open operations on popliteal artery
"Disease of arteries, arterioles and capilleries",7A4A,7A4A.00,Other open operations on popliteal artery
"Disease of arteries, arterioles and capilleries",7A54y,7A54y00,Other open operations on popliteal artery
"Disease of arteries, arterioles and capilleries",^ESCTPR431233,,Other open operations on popliteal artery
"Disease of arteries, arterioles and capilleries",7A55z,7A55z00,Other open operations on popliteal artery
"Disease of arteries, arterioles and capilleries",7A27-1,7A27.11,Other open operations on popliteal artery
"Disease of arteries, arterioles and capilleries",7A55y,7A55y00,Other open operations on popliteal artery
"Disease of arteries, arterioles and capilleries",7A27-2,7A27.12,Other open operations on superficial femoral artery
"Disease of arteries, arterioles and capilleries",7A544,7A54400,Other open operations on superficial femoral artery
"Disease of arteries, arterioles and capilleries",7A4A-4,7A4A.14,Other open operations on superficial femoral artery
"Disease of arteries, arterioles and capilleries",7A4A-3,7A4A.13,Other open operations on superficial femoral artery
"Disease of arteries, arterioles and capilleries",7A4A-2,7A4A.12,Other open operations on superficial femoral artery
"Disease of arteries, arterioles and capilleries",7A4A-1,7A4A.11,Other open operations on superficial femoral artery
"Disease of arteries, arterioles and capilleries",7A4Az,7A4Az00,Other open operations on superficial femoral artery
"Disease of arteries, arterioles and capilleries",7A4Ay,7A4Ay00,Other open operations on superficial femoral artery
"Disease of arteries, arterioles and capilleries",7A56y,7A56y00,Other open operations on superficial femoral artery
"Disease of arteries, arterioles and capilleries",7A56z,7A56z00,Other open operations on superficial femoral artery
"Disease of arteries, arterioles and capilleries",7A5z,7A5z.00,Other open operations on superficial femoral artery
"Disease of arteries, arterioles and capilleries",^ESCTAR431235,,Other open operations on superficial femoral artery
"Disease of arteries, arterioles and capilleries",^ESCTAR431234,,Other open operations on superficial femoral artery
"Disease of arteries, arterioles and capilleries",7A5,7A5..00,Other open operations on superficial femoral artery
"Disease of arteries, arterioles and capilleries",7A53,7A53.00,Other open operations on superficial femoral artery
"Disease of arteries, arterioles and capilleries",7A533,7A53300,Other open operations on superficial femoral artery
"Disease of arteries, arterioles and capilleries",7A53y,7A53y00,Other open operations on superficial femoral artery
"Disease of arteries, arterioles and capilleries",7A53z,7A53z00,Other open operations on superficial femoral artery
"Disease of arteries, arterioles and capilleries",7A54,7A54.00,Other open operations on superficial femoral artery
"Disease of arteries, arterioles and capilleries",7A543,7A54300,Other open operations on superficial femoral artery
"Disease of arteries, arterioles and capilleries",7A54z,7A54z00,Other open operations on superficial femoral artery
"Disease of arteries, arterioles and capilleries",7A55,7A55.00,Other open operations on superficial femoral artery
"Disease of arteries, arterioles and capilleries",7A6G3,7A6G300,Other open operations on superficial femoral artery
"Disease of arteries, arterioles and capilleries",7A4A6,7A4A600,Other open operations on superficial femoral artery
"Disease of arteries, arterioles and capilleries",7A534,7A53400,Other open operations on superficial femoral artery
"Disease of arteries, arterioles and capilleries",7A5y,7A5y.00,Other open operations on superficial femoral artery
"Disease of arteries, arterioles and capilleries",7A56,7A56.00,Other open operations on superficial femoral artery
"Disease of arteries, arterioles and capilleries",7A4A,7A4A.00,Other open operations on superficial femoral artery
"Disease of arteries, arterioles and capilleries",7A54y,7A54y00,Other open operations on superficial femoral artery
"Disease of arteries, arterioles and capilleries",^ESCTPR431233,,Other open operations on superficial femoral artery
"Disease of arteries, arterioles and capilleries",7A55z,7A55z00,Other open operations on superficial femoral artery
"Disease of arteries, arterioles and capilleries",7A27-1,7A27.11,Other open operations on superficial femoral artery
"Disease of arteries, arterioles and capilleries",7A55y,7A55y00,Other open operations on superficial femoral artery
"Disease of arteries, arterioles and capilleries",7A49y,7A49y00,Repair of femoral artery NEC
"Disease of arteries, arterioles and capilleries",7A4A0,7A4A000,Repair of femoral artery NEC
"Disease of arteries, arterioles and capilleries",7A49z,7A49z00,Repair of femoral artery NEC
"Disease of arteries, arterioles and capilleries",7A4A5,7A4A500,Repair of femoral artery NEC
"Disease of arteries, arterioles and capilleries",7A49,7A49.00,Repair of femoral artery NEC
"Disease of arteries, arterioles and capilleries",7A4A1,7A4A100,Repair of popliteal artery
"Disease of arteries, arterioles and capilleries",7A4A2-1,7A4A211,Open embolectomy of femoral artery
"Disease of arteries, arterioles and capilleries",7A4A2,7A4A200,Open embolectomy of femoral artery
"Disease of arteries, arterioles and capilleries",7A4A2-2,7A4A212,Open embolectomy of femoral artery
"Disease of arteries, arterioles and capilleries",7A4A2-1,7A4A211,Open thrombectomy of femoral artery
"Disease of arteries, arterioles and capilleries",7A4A2,7A4A200,Open thrombectomy of femoral artery
"Disease of arteries, arterioles and capilleries",7A4A2-2,7A4A212,Open thrombectomy of femoral artery
"Disease of arteries, arterioles and capilleries",7A4A2-1,7A4A211,Open femoral embolectomy
"Disease of arteries, arterioles and capilleries",7A4A2,7A4A200,Open femoral embolectomy
"Disease of arteries, arterioles and capilleries",7A4A2-2,7A4A212,Open femoral embolectomy
"Disease of arteries, arterioles and capilleries",7A4A3-1,7A4A311,Open embolectomy popliteal artery
"Disease of arteries, arterioles and capilleries",7A4A3,7A4A300,Open embolectomy popliteal artery
"Disease of arteries, arterioles and capilleries",7A4A3-1,7A4A311,Open thrombectomy of popliteal artery
"Disease of arteries, arterioles and capilleries",7A4A3,7A4A300,Open thrombectomy of popliteal artery
"Disease of arteries, arterioles and capilleries",7A4A7,7A4A700,Repair of femoral artery with temporary silastic shunt
"Disease of arteries, arterioles and capilleries",7A4A8,7A4A800,Repair of popliteal artery with temporary silastic shunt
"Disease of arteries, arterioles and capilleries",7A27-2,7A27.12,Other open operation on femoral or popliteal artery OS
"Disease of arteries, arterioles and capilleries",7A544,7A54400,Other open operation on femoral or popliteal artery OS
"Disease of arteries, arterioles and capilleries",7A4A-4,7A4A.14,Other open operation on femoral or popliteal artery OS
"Disease of arteries, arterioles and capilleries",7A4A-3,7A4A.13,Other open operation on femoral or popliteal artery OS
"Disease of arteries, arterioles and capilleries",7A4A-2,7A4A.12,Other open operation on femoral or popliteal artery OS
"Disease of arteries, arterioles and capilleries",7A4A-1,7A4A.11,Other open operation on femoral or popliteal artery OS
"Disease of arteries, arterioles and capilleries",7A4Az,7A4Az00,Other open operation on femoral or popliteal artery OS
"Disease of arteries, arterioles and capilleries",7A4Ay,7A4Ay00,Other open operation on femoral or popliteal artery OS
"Disease of arteries, arterioles and capilleries",7A56y,7A56y00,Other open operation on femoral or popliteal artery OS
"Disease of arteries, arterioles and capilleries",7A56z,7A56z00,Other open operation on femoral or popliteal artery OS
"Disease of arteries, arterioles and capilleries",7A5z,7A5z.00,Other open operation on femoral or popliteal artery OS
"Disease of arteries, arterioles and capilleries",^ESCTAR431235,,Other open operation on femoral or popliteal artery OS
"Disease of arteries, arterioles and capilleries",^ESCTAR431234,,Other open operation on femoral or popliteal artery OS
"Disease of arteries, arterioles and capilleries",7A5,7A5..00,Other open operation on femoral or popliteal artery OS
"Disease of arteries, arterioles and capilleries",7A53,7A53.00,Other open operation on femoral or popliteal artery OS
"Disease of arteries, arterioles and capilleries",7A533,7A53300,Other open operation on femoral or popliteal artery OS
"Disease of arteries, arterioles and capilleries",7A53y,7A53y00,Other open operation on femoral or popliteal artery OS
"Disease of arteries, arterioles and capilleries",7A53z,7A53z00,Other open operation on femoral or popliteal artery OS
"Disease of arteries, arterioles and capilleries",7A54,7A54.00,Other open operation on femoral or popliteal artery OS
"Disease of arteries, arterioles and capilleries",7A543,7A54300,Other open operation on femoral or popliteal artery OS
"Disease of arteries, arterioles and capilleries",7A54z,7A54z00,Other open operation on femoral or popliteal artery OS
"Disease of arteries, arterioles and capilleries",7A55,7A55.00,Other open operation on femoral or popliteal artery OS
"Disease of arteries, arterioles and capilleries",7A6G3,7A6G300,Other open operation on femoral or popliteal artery OS
"Disease of arteries, arterioles and capilleries",7A4A6,7A4A600,Other open operation on femoral or popliteal artery OS
"Disease of arteries, arterioles and capilleries",7A534,7A53400,Other open operation on femoral or popliteal artery OS
"Disease of arteries, arterioles and capilleries",7A5y,7A5y.00,Other open operation on femoral or popliteal artery OS
"Disease of arteries, arterioles and capilleries",7A56,7A56.00,Other open operation on femoral or popliteal artery OS
"Disease of arteries, arterioles and capilleries",7A4A,7A4A.00,Other open operation on femoral or popliteal artery OS
"Disease of arteries, arterioles and capilleries",7A54y,7A54y00,Other open operation on femoral or popliteal artery OS
"Disease of arteries, arterioles and capilleries",^ESCTPR431233,,Other open operation on femoral or popliteal artery OS
"Disease of arteries, arterioles and capilleries",7A55z,7A55z00,Other open operation on femoral or popliteal artery OS
"Disease of arteries, arterioles and capilleries",7A27-1,7A27.11,Other open operation on femoral or popliteal artery OS
"Disease of arteries, arterioles and capilleries",7A55y,7A55y00,Other open operation on femoral or popliteal artery OS
"Disease of arteries, arterioles and capilleries",7A4B0-99,7A4B099,Percutaneous transluminal angioplasty of femoral artery
"Disease of arteries, arterioles and capilleries",7A4B0,7A4B000,Percutaneous transluminal angioplasty of femoral artery
"Disease of arteries, arterioles and capilleries",7A4B1,7A4B100,Percutaneous angioplasty of popliteal artery
"Disease of arteries, arterioles and capilleries",^ESCTPE466815,,Percutaneous transluminal embolectomy of femoral artery
"Disease of arteries, arterioles and capilleries",7A4B2,7A4B200,Percutaneous transluminal embolectomy of femoral artery
"Disease of arteries, arterioles and capilleries",^ESCTPE466817,,Percutaneous transluminal embolectomy of popliteal artery
"Disease of arteries, arterioles and capilleries",^ESCTPC466819,,Percutaneous transluminal embolectomy of popliteal artery
"Disease of arteries, arterioles and capilleries",7A4B3,7A4B300,Percutaneous transluminal embolectomy of popliteal artery
"Disease of arteries, arterioles and capilleries",^ESCTPE466821,,Percutaneous transluminal embolisation of femoral artery
"Disease of arteries, arterioles and capilleries",7A4B4,7A4B400,Percutaneous transluminal embolisation of femoral artery
"Disease of arteries, arterioles and capilleries",7A4B5,7A4B500,Percutaneous transluminal embolisation of popliteal artery
"Disease of arteries, arterioles and capilleries",^ESCTPE466823,,Percutaneous transluminal embolisation of popliteal artery
"Disease of arteries, arterioles and capilleries",7A4B8,7A4B800,Percutaneous transluminal thrombolysis of femoral graft using streptokinase
"Disease of arteries, arterioles and capilleries",7A4B9,7A4B900,Percutaneous transluminal insertion of stent into femoral artery
"Disease of arteries, arterioles and capilleries",7A50,7A50.00,Revision of reconstruction of artery
"Disease of arteries, arterioles and capilleries",7A50z,7A50z00,Revision of reconstruction of artery
"Disease of arteries, arterioles and capilleries",7A50y,7A50y00,Revision of reconstruction of artery
"Disease of arteries, arterioles and capilleries",7A500,7A50000,Revision of reconstruction involving aorta
"Disease of arteries, arterioles and capilleries",7A501,7A50100,Revision of reconstruction involving iliac artery
"Disease of arteries, arterioles and capilleries",7A502,7A50200,Revision of reconstruction involving femoral artery
"Disease of arteries, arterioles and capilleries",7A503,7A50300,Revision of reconstruction of popliteal artery
"Disease of arteries, arterioles and capilleries",^ESCTGA474189,,Gas gangrene-foot
"Disease of arteries, arterioles and capilleries",A3A0F,A3A0F00,Gas gangrene-foot
"Disease of arteries, arterioles and capilleries",C10EG-2,C10EG12,Peripheral vascular disorder due to diabetes mellitus
"Disease of arteries, arterioles and capilleries",C108G,C108G00,Peripheral vascular disorder due to diabetes mellitus
"Disease of arteries, arterioles and capilleries",C107,C107.00,Peripheral vascular disorder due to diabetes mellitus
"Disease of arteries, arterioles and capilleries",^ESCT1270441,,Peripheral vascular disorder due to diabetes mellitus
"Disease of arteries, arterioles and capilleries",^ESCTDI698004,,Peripheral vascular disorder due to diabetes mellitus
"Disease of arteries, arterioles and capilleries",^ESCT1233599,,Peripheral vascular disorder due to diabetes mellitus
"Disease of arteries, arterioles and capilleries",C107z,C107z00,Peripheral vascular disorder due to diabetes mellitus
"Disease of arteries, arterioles and capilleries",C107y,C107y00,Peripheral vascular disorder due to diabetes mellitus
"Disease of arteries, arterioles and capilleries",C1073,C107300,Peripheral vascular disorder due to diabetes mellitus
"Disease of arteries, arterioles and capilleries",^ESCT1233598,,Peripheral vascular disorder due to diabetes mellitus
"Disease of arteries, arterioles and capilleries",C107-2,C107.12,Diabetes mellitus with gangrene
"Disease of arteries, arterioles and capilleries",C107-1,C107.11,Diabetes mellitus with gangrene
"Disease of arteries, arterioles and capilleries",^ESCTGA698701,,Diabetes mellitus with gangrene
"Disease of arteries, arterioles and capilleries",C1086,C108600,Diabetes mellitus with gangrene
"Disease of arteries, arterioles and capilleries",C10E6-2,C10E612,Diabetes mellitus with gangrene
"Disease of arteries, arterioles and capilleries",C107-99,C107.99,Diabetes mellitus with gangrene
"Disease of arteries, arterioles and capilleries",C107-2,C107.12,Diabetes with gangrene
"Disease of arteries, arterioles and capilleries",C107-1,C107.11,Diabetes with gangrene
"Disease of arteries, arterioles and capilleries",^ESCTGA698701,,Diabetes with gangrene
"Disease of arteries, arterioles and capilleries",C1086,C108600,Diabetes with gangrene
"Disease of arteries, arterioles and capilleries",C10E6-2,C10E612,Diabetes with gangrene
"Disease of arteries, arterioles and capilleries",C107-99,C107.99,Diabetes with gangrene
"Disease of arteries, arterioles and capilleries",^ESCTPE697063,,"Diabetes mellitus, juvenile +peripheral circulatory disorder"
"Disease of arteries, arterioles and capilleries",^ESCTPE697062,,"Diabetes mellitus, juvenile +peripheral circulatory disorder"
"Disease of arteries, arterioles and capilleries",C1070,C107000,"Diabetes mellitus, juvenile +peripheral circulatory disorder"
"Disease of arteries, arterioles and capilleries",C1071,C107100,"Diabetes mellitus, adult, + peripheral circulatory disorder"
"Disease of arteries, arterioles and capilleries",^ESCTPE698501,,"Diabetes mellitus, adult, + peripheral circulatory disorder"
"Disease of arteries, arterioles and capilleries",C1074,C107400,"Diabetes mellitus, adult, + peripheral circulatory disorder"
"Disease of arteries, arterioles and capilleries",^ESCTPE698500,,"Diabetes mellitus, adult, + peripheral circulatory disorder"
"Disease of arteries, arterioles and capilleries",^ESCT1248544,,"Diabetes mellitus, adult, + peripheral circulatory disorder"
"Disease of arteries, arterioles and capilleries",^ESCTGA697521,,"Diabetes mellitus, adult with gangrene"
"Disease of arteries, arterioles and capilleries",C1072,C107200,"Diabetes mellitus, adult with gangrene"
"Disease of arteries, arterioles and capilleries",C10F5-1,C10F511,"Diabetes mellitus, adult with gangrene"
"Disease of arteries, arterioles and capilleries",C1095-2,C109512,"Diabetes mellitus, adult with gangrene"
"Disease of arteries, arterioles and capilleries",C1095-1,C109511,"Diabetes mellitus, adult with gangrene"
"Disease of arteries, arterioles and capilleries",C10F5,C10F500,"Diabetes mellitus, adult with gangrene"
"Disease of arteries, arterioles and capilleries",C1095,C109500,"Diabetes mellitus, adult with gangrene"
"Disease of arteries, arterioles and capilleries",^ESCTGA697522,,"Diabetes mellitus, adult with gangrene"
"Disease of arteries, arterioles and capilleries",C10EG-2,C10EG12,IDDM with peripheral circulatory disorder
"Disease of arteries, arterioles and capilleries",C108G,C108G00,IDDM with peripheral circulatory disorder
"Disease of arteries, arterioles and capilleries",C107,C107.00,IDDM with peripheral circulatory disorder
"Disease of arteries, arterioles and capilleries",^ESCT1270441,,IDDM with peripheral circulatory disorder
"Disease of arteries, arterioles and capilleries",^ESCTDI698004,,IDDM with peripheral circulatory disorder
"Disease of arteries, arterioles and capilleries",^ESCT1233599,,IDDM with peripheral circulatory disorder
"Disease of arteries, arterioles and capilleries",C107z,C107z00,IDDM with peripheral circulatory disorder
"Disease of arteries, arterioles and capilleries",C107y,C107y00,IDDM with peripheral circulatory disorder
"Disease of arteries, arterioles and capilleries",C1073,C107300,IDDM with peripheral circulatory disorder
"Disease of arteries, arterioles and capilleries",^ESCT1233598,,IDDM with peripheral circulatory disorder
"Disease of arteries, arterioles and capilleries",C1071,C107100,Peripheral circulatory disorder associated with type 2 diabetes mellitus
"Disease of arteries, arterioles and capilleries",^ESCTPE698501,,Peripheral circulatory disorder associated with type 2 diabetes mellitus
"Disease of arteries, arterioles and capilleries",C1074,C107400,Peripheral circulatory disorder associated with type 2 diabetes mellitus
"Disease of arteries, arterioles and capilleries",^ESCTPE698500,,Peripheral circulatory disorder associated with type 2 diabetes mellitus
"Disease of arteries, arterioles and capilleries",^ESCT1248544,,Peripheral circulatory disorder associated with type 2 diabetes mellitus
"Disease of arteries, arterioles and capilleries",C10EG-2,C10EG12,Diabetes mellitus NOS with peripheral circulatory disorder
"Disease of arteries, arterioles and capilleries",C108G,C108G00,Diabetes mellitus NOS with peripheral circulatory disorder
"Disease of arteries, arterioles and capilleries",C107,C107.00,Diabetes mellitus NOS with peripheral circulatory disorder
"Disease of arteries, arterioles and capilleries",^ESCT1270441,,Diabetes mellitus NOS with peripheral circulatory disorder
"Disease of arteries, arterioles and capilleries",^ESCTDI698004,,Diabetes mellitus NOS with peripheral circulatory disorder
"Disease of arteries, arterioles and capilleries",^ESCT1233599,,Diabetes mellitus NOS with peripheral circulatory disorder
"Disease of arteries, arterioles and capilleries",C107z,C107z00,Diabetes mellitus NOS with peripheral circulatory disorder
"Disease of arteries, arterioles and capilleries",C107y,C107y00,Diabetes mellitus NOS with peripheral circulatory disorder
"Disease of arteries, arterioles and capilleries",C1073,C107300,Diabetes mellitus NOS with peripheral circulatory disorder
"Disease of arteries, arterioles and capilleries",^ESCT1233598,,Diabetes mellitus NOS with peripheral circulatory disorder
"Disease of arteries, arterioles and capilleries",C107-2,C107.12,Insulin dependent diabetes mellitus with gangrene
"Disease of arteries, arterioles and capilleries",C107-1,C107.11,Insulin dependent diabetes mellitus with gangrene
"Disease of arteries, arterioles and capilleries",^ESCTGA698701,,Insulin dependent diabetes mellitus with gangrene
"Disease of arteries, arterioles and capilleries",C1086,C108600,Insulin dependent diabetes mellitus with gangrene
"Disease of arteries, arterioles and capilleries",C10E6-2,C10E612,Insulin dependent diabetes mellitus with gangrene
"Disease of arteries, arterioles and capilleries",C107-99,C107.99,Insulin dependent diabetes mellitus with gangrene
"Disease of arteries, arterioles and capilleries",C10E6-1,C10E611,Type 1 diabetes mellitus with gangrene
"Disease of arteries, arterioles and capilleries",^ESCTGA696109,,Type 1 diabetes mellitus with gangrene
"Disease of arteries, arterioles and capilleries",^ESCTGA696108,,Type 1 diabetes mellitus with gangrene
"Disease of arteries, arterioles and capilleries",^ESCTDI696110,,Type 1 diabetes mellitus with gangrene
"Disease of arteries, arterioles and capilleries",C10E6,C10E600,Type 1 diabetes mellitus with gangrene
"Disease of arteries, arterioles and capilleries",C1086-2,C108612,Type 1 diabetes mellitus with gangrene
"Disease of arteries, arterioles and capilleries",C1086-1,C108611,Type 1 diabetes mellitus with gangrene
"Disease of arteries, arterioles and capilleries",C10EG-2,C10EG12,Insulin dependent diab mell with peripheral angiopathy
"Disease of arteries, arterioles and capilleries",C108G,C108G00,Insulin dependent diab mell with peripheral angiopathy
"Disease of arteries, arterioles and capilleries",C107,C107.00,Insulin dependent diab mell with peripheral angiopathy
"Disease of arteries, arterioles and capilleries",^ESCT1270441,,Insulin dependent diab mell with peripheral angiopathy
"Disease of arteries, arterioles and capilleries",^ESCTDI698004,,Insulin dependent diab mell with peripheral angiopathy
"Disease of arteries, arterioles and capilleries",^ESCT1233599,,Insulin dependent diab mell with peripheral angiopathy
"Disease of arteries, arterioles and capilleries",C107z,C107z00,Insulin dependent diab mell with peripheral angiopathy
"Disease of arteries, arterioles and capilleries",C107y,C107y00,Insulin dependent diab mell with peripheral angiopathy
"Disease of arteries, arterioles and capilleries",C1073,C107300,Insulin dependent diab mell with peripheral angiopathy
"Disease of arteries, arterioles and capilleries",^ESCT1233598,,Insulin dependent diab mell with peripheral angiopathy
"Disease of arteries, arterioles and capilleries",^ESCTGA697521,,Gangrene associated with type 2 diabetes mellitus
"Disease of arteries, arterioles and capilleries",C1072,C107200,Gangrene associated with type 2 diabetes mellitus
"Disease of arteries, arterioles and capilleries",C10F5-1,C10F511,Gangrene associated with type 2 diabetes mellitus
"Disease of arteries, arterioles and capilleries",C1095-2,C109512,Gangrene associated with type 2 diabetes mellitus
"Disease of arteries, arterioles and capilleries",C1095-1,C109511,Gangrene associated with type 2 diabetes mellitus
"Disease of arteries, arterioles and capilleries",C10F5,C10F500,Gangrene associated with type 2 diabetes mellitus
"Disease of arteries, arterioles and capilleries",C1095,C109500,Gangrene associated with type 2 diabetes mellitus
"Disease of arteries, arterioles and capilleries",^ESCTGA697522,,Gangrene associated with type 2 diabetes mellitus
"Disease of arteries, arterioles and capilleries",^ESCTGA697521,,Type II diabetes mellitus with gangrene
"Disease of arteries, arterioles and capilleries",C1072,C107200,Type II diabetes mellitus with gangrene
"Disease of arteries, arterioles and capilleries",C10F5-1,C10F511,Type II diabetes mellitus with gangrene
"Disease of arteries, arterioles and capilleries",C1095-2,C109512,Type II diabetes mellitus with gangrene
"Disease of arteries, arterioles and capilleries",C1095-1,C109511,Type II diabetes mellitus with gangrene
"Disease of arteries, arterioles and capilleries",C10F5,C10F500,Type II diabetes mellitus with gangrene
"Disease of arteries, arterioles and capilleries",C1095,C109500,Type II diabetes mellitus with gangrene
"Disease of arteries, arterioles and capilleries",^ESCTGA697522,,Type II diabetes mellitus with gangrene
"Disease of arteries, arterioles and capilleries",^ESCTGA697521,,Type 2 diabetes mellitus with gangrene
"Disease of arteries, arterioles and capilleries",C1072,C107200,Type 2 diabetes mellitus with gangrene
"Disease of arteries, arterioles and capilleries",C10F5-1,C10F511,Type 2 diabetes mellitus with gangrene
"Disease of arteries, arterioles and capilleries",C1095-2,C109512,Type 2 diabetes mellitus with gangrene
"Disease of arteries, arterioles and capilleries",C1095-1,C109511,Type 2 diabetes mellitus with gangrene
"Disease of arteries, arterioles and capilleries",C10F5,C10F500,Type 2 diabetes mellitus with gangrene
"Disease of arteries, arterioles and capilleries",C1095,C109500,Type 2 diabetes mellitus with gangrene
"Disease of arteries, arterioles and capilleries",^ESCTGA697522,,Type 2 diabetes mellitus with gangrene
"Disease of arteries, arterioles and capilleries",C109F-1,C109F11,Non-insulin-dependent diabetes mellitus with peripheral angiopathy
"Disease of arteries, arterioles and capilleries",C109F,C109F00,Non-insulin-dependent diabetes mellitus with peripheral angiopathy
"Disease of arteries, arterioles and capilleries",C10FF,C10FF00,Non-insulin-dependent diabetes mellitus with peripheral angiopathy
"Disease of arteries, arterioles and capilleries",C10FF-1,C10FF11,Non-insulin-dependent diabetes mellitus with peripheral angiopathy
"Disease of arteries, arterioles and capilleries",C109F-2,C109F12,Non-insulin-dependent diabetes mellitus with peripheral angiopathy
"Disease of arteries, arterioles and capilleries",C109F-1,C109F11,Type II diabetes mellitus with peripheral angiopathy
"Disease of arteries, arterioles and capilleries",C109F,C109F00,Type II diabetes mellitus with peripheral angiopathy
"Disease of arteries, arterioles and capilleries",C10FF,C10FF00,Type II diabetes mellitus with peripheral angiopathy
"Disease of arteries, arterioles and capilleries",C10FF-1,C10FF11,Type II diabetes mellitus with peripheral angiopathy
"Disease of arteries, arterioles and capilleries",C109F-2,C109F12,Type II diabetes mellitus with peripheral angiopathy
"Disease of arteries, arterioles and capilleries",C109F-1,C109F11,Type 2 diabetes mellitus with peripheral angiopathy
"Disease of arteries, arterioles and capilleries",C109F,C109F00,Type 2 diabetes mellitus with peripheral angiopathy
"Disease of arteries, arterioles and capilleries",C10FF,C10FF00,Type 2 diabetes mellitus with peripheral angiopathy
"Disease of arteries, arterioles and capilleries",C10FF-1,C10FF11,Type 2 diabetes mellitus with peripheral angiopathy
"Disease of arteries, arterioles and capilleries",C109F-2,C109F12,Type 2 diabetes mellitus with peripheral angiopathy
"Disease of arteries, arterioles and capilleries",C10E6-1,C10E611,Type I diabetes mellitus with gangrene
"Disease of arteries, arterioles and capilleries",^ESCTGA696109,,Type I diabetes mellitus with gangrene
"Disease of arteries, arterioles and capilleries",^ESCTGA696108,,Type I diabetes mellitus with gangrene
"Disease of arteries, arterioles and capilleries",^ESCTDI696110,,Type I diabetes mellitus with gangrene
"Disease of arteries, arterioles and capilleries",C10E6,C10E600,Type I diabetes mellitus with gangrene
"Disease of arteries, arterioles and capilleries",C1086-2,C108612,Type I diabetes mellitus with gangrene
"Disease of arteries, arterioles and capilleries",C1086-1,C108611,Type I diabetes mellitus with gangrene
"Disease of arteries, arterioles and capilleries",C108G-1,C108G11,Type 1 diabetes mellitus with peripheral angiopathy
"Disease of arteries, arterioles and capilleries",C10EG,C10EG00,Type 1 diabetes mellitus with peripheral angiopathy
"Disease of arteries, arterioles and capilleries",^ESCTPE801449,,Type 1 diabetes mellitus with peripheral angiopathy
"Disease of arteries, arterioles and capilleries",C10EG-1,C10EG11,Type 1 diabetes mellitus with peripheral angiopathy
"Disease of arteries, arterioles and capilleries",C108G-2,C108G12,Type 1 diabetes mellitus with peripheral angiopathy
"Disease of arteries, arterioles and capilleries",^ESCTAO505793,,Aortoiliac disease
"Disease of arteries, arterioles and capilleries",G700-1,G700.11,Aortoiliac disease
"Disease of arteries, arterioles and capilleries",G702z,G702z00,Extremity artery atheroma
"Disease of arteries, arterioles and capilleries",G702-99,G702.99,Extremity artery atheroma
"Disease of arteries, arterioles and capilleries",G702,G702.00,Extremity artery atheroma
"Disease of arteries, arterioles and capilleries",G702z,G702z00,Extremity artery atheroma NOS
"Disease of arteries, arterioles and capilleries",G702-99,G702.99,Extremity artery atheroma NOS
"Disease of arteries, arterioles and capilleries",G702,G702.00,Extremity artery atheroma NOS
"Disease of arteries, arterioles and capilleries",Gyu74,Gyu7400,Other peripheral vascular disease
"Disease of arteries, arterioles and capilleries",Gyu7A,Gyu7A00,Other peripheral vascular disease
"Disease of arteries, arterioles and capilleries",G73y,G73y.00,Other peripheral vascular disease
"Disease of arteries, arterioles and capilleries",G73y1,G73y100,Other peripheral vascular disease
"Disease of arteries, arterioles and capilleries",G73yz,G73yz00,Other peripheral vascular disease
"Disease of arteries, arterioles and capilleries",G73z,G73z.00,Other peripheral vascular disease
"Disease of arteries, arterioles and capilleries",G73zz,G73zz00,Other peripheral vascular disease
"Disease of arteries, arterioles and capilleries",^ESCTPV663385,,Other peripheral vascular disease
"Disease of arteries, arterioles and capilleries",G73,G73..00,Other peripheral vascular disease
"Disease of arteries, arterioles and capilleries",^ESCTPE505798,,Peripheral ischaemic vascular disease
"Disease of arteries, arterioles and capilleries",G73-3,G73..13,Peripheral ischaemic vascular disease
"Disease of arteries, arterioles and capilleries",G73-1,G73..11,Peripheral ischaemic vascular disease
"Disease of arteries, arterioles and capilleries",^ESCTPE505800,,Peripheral ischaemic vascular disease
"Disease of arteries, arterioles and capilleries",^ESCTLO505807,,Ischaemic leg
"Disease of arteries, arterioles and capilleries",^ESCTLO505808,,Ischaemic leg
"Disease of arteries, arterioles and capilleries",^ESCTIS505809,,Ischaemic leg
"Disease of arteries, arterioles and capilleries",G73-2,G73..12,Ischaemic leg
"Disease of arteries, arterioles and capilleries",^ESCTPE505798,,Peripheral ischaemia
"Disease of arteries, arterioles and capilleries",G73-3,G73..13,Peripheral ischaemia
"Disease of arteries, arterioles and capilleries",G73-1,G73..11,Peripheral ischaemia
"Disease of arteries, arterioles and capilleries",^ESCTPE505800,,Peripheral ischaemia
"Disease of arteries, arterioles and capilleries",G731z,G731z00,Thromboangiitis obliterans
"Disease of arteries, arterioles and capilleries",G731,G731.00,Thromboangiitis obliterans
"Disease of arteries, arterioles and capilleries",G7310,G731000,Thromboangiitis obliterans
"Disease of arteries, arterioles and capilleries",G731z,G731z00,Buerger's disease
"Disease of arteries, arterioles and capilleries",G731,G731.00,Buerger's disease
"Disease of arteries, arterioles and capilleries",G7310,G731000,Buerger's disease
"Disease of arteries, arterioles and capilleries",G731z,G731z00,Thromboangiitis obliterans NOS
"Disease of arteries, arterioles and capilleries",G731,G731.00,Thromboangiitis obliterans NOS
"Disease of arteries, arterioles and capilleries",G7310,G731000,Thromboangiitis obliterans NOS
"Disease of arteries, arterioles and capilleries",G732,G732.00,Peripheral gangrene
"Disease of arteries, arterioles and capilleries",R0542,R054200,Gangrene of toe
"Disease of arteries, arterioles and capilleries",G7320,G732000,Gangrene of toe
"Disease of arteries, arterioles and capilleries",R0543,R054300,Gangrene of foot
"Disease of arteries, arterioles and capilleries",G7321,G732100,Gangrene of foot
"Disease of arteries, arterioles and capilleries",^ESCTIS589834,,Ischaemic foot
"Disease of arteries, arterioles and capilleries",G733,G733.00,Ischaemic foot
"Disease of arteries, arterioles and capilleries",Gyu74,Gyu7400,Other specified peripheral vascular disease
"Disease of arteries, arterioles and capilleries",Gyu7A,Gyu7A00,Other specified peripheral vascular disease
"Disease of arteries, arterioles and capilleries",G73y,G73y.00,Other specified peripheral vascular disease
"Disease of arteries, arterioles and capilleries",G73y1,G73y100,Other specified peripheral vascular disease
"Disease of arteries, arterioles and capilleries",G73yz,G73yz00,Other specified peripheral vascular disease
"Disease of arteries, arterioles and capilleries",G73z,G73z.00,Other specified peripheral vascular disease
"Disease of arteries, arterioles and capilleries",G73zz,G73zz00,Other specified peripheral vascular disease
"Disease of arteries, arterioles and capilleries",^ESCTPV663385,,Other specified peripheral vascular disease
"Disease of arteries, arterioles and capilleries",G73,G73..00,Other specified peripheral vascular disease
"Disease of arteries, arterioles and capilleries",^ESCTPE439222,,Diabetic peripheral angiopathy
"Disease of arteries, arterioles and capilleries",^ESCTDI439221,,Diabetic peripheral angiopathy
"Disease of arteries, arterioles and capilleries",^ESCTDI439220,,Diabetic peripheral angiopathy
"Disease of arteries, arterioles and capilleries",G73y0,G73y000,Diabetic peripheral angiopathy
"Disease of arteries, arterioles and capilleries",Gyu74,Gyu7400,Peripheral angiopathic disease EC NOS
"Disease of arteries, arterioles and capilleries",Gyu7A,Gyu7A00,Peripheral angiopathic disease EC NOS
"Disease of arteries, arterioles and capilleries",G73y,G73y.00,Peripheral angiopathic disease EC NOS
"Disease of arteries, arterioles and capilleries",G73y1,G73y100,Peripheral angiopathic disease EC NOS
"Disease of arteries, arterioles and capilleries",G73yz,G73yz00,Peripheral angiopathic disease EC NOS
"Disease of arteries, arterioles and capilleries",G73z,G73z.00,Peripheral angiopathic disease EC NOS
"Disease of arteries, arterioles and capilleries",G73zz,G73zz00,Peripheral angiopathic disease EC NOS
"Disease of arteries, arterioles and capilleries",^ESCTPV663385,,Peripheral angiopathic disease EC NOS
"Disease of arteries, arterioles and capilleries",G73,G73..00,Peripheral angiopathic disease EC NOS
"Disease of arteries, arterioles and capilleries",^ESCTCR289941,,Acrocyanosis
"Disease of arteries, arterioles and capilleries",G73y2,G73y200,Acrocyanosis
"Disease of arteries, arterioles and capilleries",^ESCTSC342807,,Acroparaesthesia - Schultze's type
"Disease of arteries, arterioles and capilleries",G73y4,G73y400,Acroparaesthesia - Schultze's type
"Disease of arteries, arterioles and capilleries",^ESCTSC342804,,Acroparaesthesia - Schultze's type
"Disease of arteries, arterioles and capilleries",^ESCTSI342802,,Acroparaesthesia - Schultze's type
"Disease of arteries, arterioles and capilleries",G73y4-1,G73y411,Acroparaesthesia - Schultze's type
"Disease of arteries, arterioles and capilleries",^ESCTSC342805,,Acroparaesthesia - Schultze's type
"Disease of arteries, arterioles and capilleries",^ESCTSI342803,,Acroparaesthesia - Schultze's type
"Disease of arteries, arterioles and capilleries",^ESCTNO376565,,Acroparaesthesia - Nothnagel's type
"Disease of arteries, arterioles and capilleries",G73y5,G73y500,Acroparaesthesia - Nothnagel's type
"Disease of arteries, arterioles and capilleries",^ESCTVA376564,,Acroparaesthesia - Nothnagel's type
"Disease of arteries, arterioles and capilleries",^ESCTNO376567,,Acroparaesthesia - Nothnagel's type
"Disease of arteries, arterioles and capilleries",^ESCTVA376563,,Acroparaesthesia - Nothnagel's type
"Disease of arteries, arterioles and capilleries",^ESCTNO376566,,Acroparaesthesia - Nothnagel's type
"Disease of arteries, arterioles and capilleries",G73y5-1,G73y511,Acroparaesthesia - Nothnagel's type
"Disease of arteries, arterioles and capilleries",^ESCTNO376565,,Nothnagel's vasomotor acroparaesthesia
"Disease of arteries, arterioles and capilleries",G73y5,G73y500,Nothnagel's vasomotor acroparaesthesia
"Disease of arteries, arterioles and capilleries",^ESCTVA376564,,Nothnagel's vasomotor acroparaesthesia
"Disease of arteries, arterioles and capilleries",^ESCTNO376567,,Nothnagel's vasomotor acroparaesthesia
"Disease of arteries, arterioles and capilleries",^ESCTVA376563,,Nothnagel's vasomotor acroparaesthesia
"Disease of arteries, arterioles and capilleries",^ESCTNO376566,,Nothnagel's vasomotor acroparaesthesia
"Disease of arteries, arterioles and capilleries",G73y5-1,G73y511,Nothnagel's vasomotor acroparaesthesia
"Disease of arteries, arterioles and capilleries",^ESCTAC378892,,Acroparaesthesia - unspecified
"Disease of arteries, arterioles and capilleries",^ESCTAC378891,,Acroparaesthesia - unspecified
"Disease of arteries, arterioles and capilleries",G73y6,G73y600,Acroparaesthesia - unspecified
"Disease of arteries, arterioles and capilleries",G73y7,G73y700,Erythrocyanosis
"Disease of arteries, arterioles and capilleries",^ESCTWE309838,,Erythromelalgia
"Disease of arteries, arterioles and capilleries",^ESCTER309840,,Erythromelalgia
"Disease of arteries, arterioles and capilleries",G73y8-1,G73y811,Erythromelalgia
"Disease of arteries, arterioles and capilleries",G73y8,G73y800,Erythromelalgia
"Disease of arteries, arterioles and capilleries",Gyu74,Gyu7400,Other specified peripheral vascular disease NOS
"Disease of arteries, arterioles and capilleries",Gyu7A,Gyu7A00,Other specified peripheral vascular disease NOS
"Disease of arteries, arterioles and capilleries",G73y,G73y.00,Other specified peripheral vascular disease NOS
"Disease of arteries, arterioles and capilleries",G73y1,G73y100,Other specified peripheral vascular disease NOS
"Disease of arteries, arterioles and capilleries",G73yz,G73yz00,Other specified peripheral vascular disease NOS
"Disease of arteries, arterioles and capilleries",G73z,G73z.00,Other specified peripheral vascular disease NOS
"Disease of arteries, arterioles and capilleries",G73zz,G73zz00,Other specified peripheral vascular disease NOS
"Disease of arteries, arterioles and capilleries",^ESCTPV663385,,Other specified peripheral vascular disease NOS
"Disease of arteries, arterioles and capilleries",G73,G73..00,Other specified peripheral vascular disease NOS
"Disease of arteries, arterioles and capilleries",Gyu74,Gyu7400,Peripheral vascular disease
"Disease of arteries, arterioles and capilleries",Gyu7A,Gyu7A00,Peripheral vascular disease
"Disease of arteries, arterioles and capilleries",G73y,G73y.00,Peripheral vascular disease
"Disease of arteries, arterioles and capilleries",G73y1,G73y100,Peripheral vascular disease
"Disease of arteries, arterioles and capilleries",G73yz,G73yz00,Peripheral vascular disease
"Disease of arteries, arterioles and capilleries",G73z,G73z.00,Peripheral vascular disease
"Disease of arteries, arterioles and capilleries",G73zz,G73zz00,Peripheral vascular disease
"Disease of arteries, arterioles and capilleries",^ESCTPV663385,,Peripheral vascular disease
"Disease of arteries, arterioles and capilleries",G73,G73..00,Peripheral vascular disease
"Disease of arteries, arterioles and capilleries",^ESCTIC353266,,Intermittent claudication
"Disease of arteries, arterioles and capilleries",^ESCTMY353265,,Intermittent claudication
"Disease of arteries, arterioles and capilleries",^ESCTCH353264,,Intermittent claudication
"Disease of arteries, arterioles and capilleries",G73z0,G73z000,Intermittent claudication
"Disease of arteries, arterioles and capilleries",G73z0-2,G73z012,Intermittent claudication
"Disease of arteries, arterioles and capilleries",G73z0-1,G73z011,Intermittent claudication
"Disease of arteries, arterioles and capilleries",^ESCTIC353266,,Claudication
"Disease of arteries, arterioles and capilleries",^ESCTMY353265,,Claudication
"Disease of arteries, arterioles and capilleries",^ESCTCH353264,,Claudication
"Disease of arteries, arterioles and capilleries",G73z0,G73z000,Claudication
"Disease of arteries, arterioles and capilleries",G73z0-2,G73z012,Claudication
"Disease of arteries, arterioles and capilleries",G73z0-1,G73z011,Claudication
"Disease of arteries, arterioles and capilleries",Gyu74,Gyu7400,Peripheral vascular disease NOS
"Disease of arteries, arterioles and capilleries",Gyu7A,Gyu7A00,Peripheral vascular disease NOS
"Disease of arteries, arterioles and capilleries",G73y,G73y.00,Peripheral vascular disease NOS
"Disease of arteries, arterioles and capilleries",G73y1,G73y100,Peripheral vascular disease NOS
"Disease of arteries, arterioles and capilleries",G73yz,G73yz00,Peripheral vascular disease NOS
"Disease of arteries, arterioles and capilleries",G73z,G73z.00,Peripheral vascular disease NOS
"Disease of arteries, arterioles and capilleries",G73zz,G73zz00,Peripheral vascular disease NOS
"Disease of arteries, arterioles and capilleries",^ESCTPV663385,,Peripheral vascular disease NOS
"Disease of arteries, arterioles and capilleries",G73,G73..00,Peripheral vascular disease NOS
"Disease of arteries, arterioles and capilleries",G740-1,G740.11,Aortoiliac obstruction
"Disease of arteries, arterioles and capilleries",^ESCTAO505829,,Aortoiliac obstruction
"Disease of arteries, arterioles and capilleries",^ESCTAO505825,,Aortoiliac obstruction
"Disease of arteries, arterioles and capilleries",^ESCTSA505828,,Aortoiliac obstruction
"Disease of arteries, arterioles and capilleries",G740-4,G740.14,Aortoiliac obstruction
"Disease of arteries, arterioles and capilleries",G740-2,G740.12,Aortoiliac obstruction
"Disease of arteries, arterioles and capilleries",G7424,G742400,Embolism and thrombosis of the femoral artery
"Disease of arteries, arterioles and capilleries",G7425,G742500,Embolism and thrombosis of the popliteal artery
"Disease of arteries, arterioles and capilleries",G7426,G742600,Embolism and thrombosis of the anterior tibial artery
"Disease of arteries, arterioles and capilleries",G7427,G742700,Embolism and thrombosis of the dorsalis pedis artery
"Disease of arteries, arterioles and capilleries",G7423,G742300,Embolism and thrombosis of a leg artery NOS
"Disease of arteries, arterioles and capilleries",G7429,G742900,Embolism and thrombosis of a leg artery NOS
"Disease of arteries, arterioles and capilleries",G742z,G742z00,Embolism and thrombosis of a leg artery NOS
"Disease of arteries, arterioles and capilleries",G742,G742.00,Embolism and thrombosis of a leg artery NOS
"Disease of arteries, arterioles and capilleries",G7423,G742300,Peripheral arterial embolism and thrombosis NOS
"Disease of arteries, arterioles and capilleries",G7429,G742900,Peripheral arterial embolism and thrombosis NOS
"Disease of arteries, arterioles and capilleries",G742z,G742z00,Peripheral arterial embolism and thrombosis NOS
"Disease of arteries, arterioles and capilleries",G742,G742.00,Peripheral arterial embolism and thrombosis NOS
"Disease of arteries, arterioles and capilleries",G74y0,G74y000,Embolism and/or thrombosis of the common iliac artery
"Disease of arteries, arterioles and capilleries",G74y1,G74y100,Embolism and/or thrombosis of the internal iliac artery
"Disease of arteries, arterioles and capilleries",^ESCT1164290,,Embolism and/or thrombosis of the internal iliac artery
"Disease of arteries, arterioles and capilleries",G74y2,G74y200,Embolism and/or thrombosis of the external iliac artery
"Disease of arteries, arterioles and capilleries",^ESCT1164291,,Embolism and/or thrombosis of the external iliac artery
"Disease of arteries, arterioles and capilleries",G74y3,G74y300,Embolism and thrombosis of the iliac artery unspecified
"Disease of arteries, arterioles and capilleries",Gyu75,Gyu7500,Embolism and thrombosis of the iliac artery unspecified
"Disease of arteries, arterioles and capilleries",G74z,G74z.00,Embolism and thrombosis of the iliac artery unspecified
"Disease of arteries, arterioles and capilleries",G74yz,G74yz00,Embolism and thrombosis of the iliac artery unspecified
"Disease of arteries, arterioles and capilleries",G74-1,G74..11,Embolism and thrombosis of the iliac artery unspecified
"Disease of arteries, arterioles and capilleries",G74,G74..00,Embolism and thrombosis of the iliac artery unspecified
"Disease of arteries, arterioles and capilleries",G74-3,G74..13,Embolism and thrombosis of the iliac artery unspecified
"Disease of arteries, arterioles and capilleries",G74y,G74y.00,Embolism and thrombosis of the iliac artery unspecified
"Disease of arteries, arterioles and capilleries",G74-99,G74..99,Embolism and thrombosis of the iliac artery unspecified
"Disease of arteries, arterioles and capilleries",Gyu74,Gyu7400,[X]Other specified peripheral vascular diseases
"Disease of arteries, arterioles and capilleries",Gyu7A,Gyu7A00,[X]Other specified peripheral vascular diseases
"Disease of arteries, arterioles and capilleries",G73y,G73y.00,[X]Other specified peripheral vascular diseases
"Disease of arteries, arterioles and capilleries",G73y1,G73y100,[X]Other specified peripheral vascular diseases
"Disease of arteries, arterioles and capilleries",G73yz,G73yz00,[X]Other specified peripheral vascular diseases
"Disease of arteries, arterioles and capilleries",G73z,G73z.00,[X]Other specified peripheral vascular diseases
"Disease of arteries, arterioles and capilleries",G73zz,G73zz00,[X]Other specified peripheral vascular diseases
"Disease of arteries, arterioles and capilleries",^ESCTPV663385,,[X]Other specified peripheral vascular diseases
"Disease of arteries, arterioles and capilleries",G73,G73..00,[X]Other specified peripheral vascular diseases
"Disease of arteries, arterioles and capilleries",^ESCTIS512644,,Ischaemic leg ulcer
"Disease of arteries, arterioles and capilleries",M2713,M271300,Ischaemic leg ulcer
"Disease of arteries, arterioles and capilleries",M271-2,M271.12,Ischaemic leg ulcer
"Disease of arteries, arterioles and capilleries",M2710,M271000,Ischaemic ulcer diabetic foot
"Disease of arteries, arterioles and capilleries",^ESCTIS480757,,Ischaemic ulcer diabetic foot
"Disease of arteries, arterioles and capilleries",^ESCTIS512644,,Arterial leg ulcer
"Disease of arteries, arterioles and capilleries",M2713,M271300,Arterial leg ulcer
"Disease of arteries, arterioles and capilleries",M271-2,M271.12,Arterial leg ulcer
"Disease of arteries, arterioles and capilleries",^ESCTMI512640,,Mixed venous and arterial leg ulcer
"Disease of arteries, arterioles and capilleries",M2714,M271400,Mixed venous and arterial leg ulcer
"Disease of arteries, arterioles and capilleries",R0542,R054200,[D]Gangrene of toe in diabetic
"Disease of arteries, arterioles and capilleries",G7320,G732000,[D]Gangrene of toe in diabetic
"Disease of arteries, arterioles and capilleries",R0543,R054300,[D]Widespread diabetic foot gangrene
"Disease of arteries, arterioles and capilleries",G7321,G732100,[D]Widespread diabetic foot gangrene
"Disease of arteries, arterioles and capilleries",Ryu72,Ryu7200,Shock
"Disease of arteries, arterioles and capilleries",^ESCTPE294852,,Shock
"Disease of arteries, arterioles and capilleries",^ESCTPE294851,,Shock
"Disease of arteries, arterioles and capilleries",^ESCTAC294854,,Shock
"Disease of arteries, arterioles and capilleries",^ESCTPE294853,,Shock
"Disease of arteries, arterioles and capilleries",^ESCTSH294855,,Shock
"Disease of arteries, arterioles and capilleries",^ESCTCI294850,,Shock
"Disease of arteries, arterioles and capilleries",R055z,R055z00,Shock
"Disease of arteries, arterioles and capilleries",R0550-1,R055011,Shock
"Disease of arteries, arterioles and capilleries",R055,R055.00,Shock
"Disease of arteries, arterioles and capilleries",R0550,R055000,Shock
"Disease of arteries, arterioles and capilleries",Ryu72,Ryu7200,[D]Peripheral circulatory failure
"Disease of arteries, arterioles and capilleries",^ESCTPE294852,,[D]Peripheral circulatory failure
"Disease of arteries, arterioles and capilleries",^ESCTPE294851,,[D]Peripheral circulatory failure
"Disease of arteries, arterioles and capilleries",^ESCTAC294854,,[D]Peripheral circulatory failure
"Disease of arteries, arterioles and capilleries",^ESCTPE294853,,[D]Peripheral circulatory failure
"Disease of arteries, arterioles and capilleries",^ESCTSH294855,,[D]Peripheral circulatory failure
"Disease of arteries, arterioles and capilleries",^ESCTCI294850,,[D]Peripheral circulatory failure
"Disease of arteries, arterioles and capilleries",R055z,R055z00,[D]Peripheral circulatory failure
"Disease of arteries, arterioles and capilleries",R0550-1,R055011,[D]Peripheral circulatory failure
"Disease of arteries, arterioles and capilleries",R055,R055.00,[D]Peripheral circulatory failure
"Disease of arteries, arterioles and capilleries",R0550,R055000,[D]Peripheral circulatory failure
